,Site,date,level
1,SRS1,1/1/00,224.5193548
2,SRS1,2/1/00,204.8689655
3,SRS1,3/1/00,179.4774194
4,SRS1,4/1/00,173.12
5,SRS1,5/1/00,153.2451613
6,SRS1,6/1/00,168.06
7,SRS1,7/1/00,170.1258065
8,SRS1,8/1/00,172.5548387
9,SRS1,9/1/00,174.8033333
10,SRS1,10/1/00,193.7709677
11,SRS1,11/1/00,188.6266667
12,SRS1,12/1/00,174.5709677
13,SRS1,1/1/01,167.1580645
14,SRS1,2/1/01,150.8321429
15,SRS1,3/1/01,137.9
16,SRS1,4/1/01,112.6766667
17,SRS1,5/1/01,96.5483871
18,SRS1,6/1/01,164.1633333
19,SRS1,7/1/01,170.3387097
20,SRS1,8/1/01,182.1032258
21,SRS1,9/1/01,193.9333333
22,SRS1,10/1/01,208.9806452
23,SRS1,11/1/01,213.5866667
24,SRS1,12/1/01,199.9290323
25,SRS1,1/1/02,175.1741935
26,SRS1,2/1/02,170.2571429
27,SRS1,3/1/02,162.7290323
28,SRS1,4/1/02,155.1066667
29,SRS1,5/1/02,121.2193548
30,SRS1,6/1/02,172.0366667
31,SRS1,7/1/02,192.4129032
32,SRS1,8/1/02,202.9193548
33,SRS1,9/1/02,208.57
34,SRS1,10/1/02,207.7290323
35,SRS1,11/1/02,194.4
36,SRS1,12/1/02,178.5387097
37,SRS1,1/1/03,173.9903226
38,SRS1,2/1/03,170.2964286
39,SRS1,3/1/03,169.5741935
40,SRS1,4/1/03,166.9766667
41,SRS1,5/1/03,171.3774194
42,SRS1,6/1/03,183.0566667
43,SRS1,7/1/03,197.5290323
44,SRS1,8/1/03,207.0225806
45,SRS1,9/1/03,217.0566667
46,SRS1,10/1/03,222.7741935
47,SRS1,11/1/03,221.3833333
48,SRS1,12/1/03,213.4096774
49,SRS1,1/1/04,193.0193548
50,SRS1,2/1/04,178.0724138
51,SRS1,3/1/04,172
52,SRS1,4/1/04,164.1166667
53,SRS1,5/1/04,160.8322581
54,SRS1,6/1/04,157.6866667
55,SRS1,7/1/04,169.0032258
56,SRS1,8/1/04,178.8709677
57,SRS1,9/1/04,202.1733333
58,SRS1,10/1/04,218.2064516
59,SRS1,11/1/04,216.52
60,SRS1,12/1/04,197.4483871
61,SRS1,1/1/05,175.6451613
62,SRS1,2/1/05,167.2714286
63,SRS1,3/1/05,164.8516129
64,SRS1,4/1/05,161.67
65,SRS1,5/1/05,161.2709677
66,SRS1,6/1/05,182.3166667
67,SRS1,7/1/05,211.7387097
68,SRS1,8/1/05,223.3032258
69,SRS1,9/1/05,228.5033333
70,SRS1,10/1/05,228.8774194
71,SRS1,11/1/05,218.87
72,SRS1,12/1/05,213.3451613
73,SRS1,1/1/06,200.383871
74,SRS1,2/1/06,180.5142857
75,SRS1,3/1/06,171.9903226
76,SRS1,4/1/06,155.6266667
77,SRS1,5/1/06,145.0741935
78,SRS1,6/1/06,166.77
79,SRS1,7/1/06,176.0064516
80,SRS1,8/1/06,178.9612903
81,SRS1,9/1/06,196.46
82,SRS1,10/1/06,205.1129032
83,SRS1,11/1/06,191.6766667
84,SRS1,12/1/06,174.5806452
85,SRS1,1/1/07,171.0677419
86,SRS1,2/1/07,169.4571429
87,SRS1,3/1/07,162.4483871
88,SRS1,4/1/07,161.83
89,SRS1,5/1/07,158.4129032
90,SRS1,6/1/07,169.7433333
91,SRS1,7/1/07,172.0967742
92,SRS1,8/1/07,171.8354839
93,SRS1,9/1/07,169.5766667
94,SRS1,10/1/07,173.4870968
95,SRS1,11/1/07,177.06
96,SRS1,12/1/07,172.9967742
97,SRS1,1/1/08,165.3709677
98,SRS1,2/1/08,159.037931
99,SRS1,3/1/08,148.4967742
100,SRS1,4/1/08,157.9833333
101,SRS1,5/1/08,141.6387097
102,SRS1,6/1/08,174.7633333
103,SRS1,7/1/08,180.616129
104,SRS1,8/1/08,203.5645161
105,SRS1,9/1/08,222.2933333
106,SRS1,10/1/08,232.6516129
107,SRS1,11/1/08,225.9733333
108,SRS1,12/1/08,207.7193548
109,SRS1,1/1/09,178.6580645
110,SRS1,2/1/09,168.0107143
111,SRS1,3/1/09,145.9645161
112,SRS1,4/1/09,110.81
113,SRS1,5/1/09,104.8129032
114,SRS1,6/1/09,167.9633333
115,SRS1,7/1/09,183.6
116,SRS1,8/1/09,194.5451613
117,SRS1,9/1/09,203.5433333
118,SRS1,10/1/09,204.4580645
119,SRS1,11/1/09,191.5866667
120,SRS1,12/1/09,175.916129
121,SRS1,1/1/10,173.9129032
122,SRS1,2/1/10,173.1142857
123,SRS1,3/1/10,178.1451613
124,SRS1,4/1/10,179.5166667
125,SRS1,5/1/10,179.8870968
126,SRS1,6/1/10,181.9333333
127,SRS1,7/1/10,185.8903226
128,SRS1,8/1/10,199.883871
129,SRS1,9/1/10,205.8766667
130,SRS1,10/1/10,206.0677419
131,SRS1,11/1/10,192.59
132,SRS1,12/1/10,174.3
133,SRS1,1/1/11,170.2483871
134,SRS1,2/1/11,163.9071429
135,SRS1,3/1/11,141.0032258
136,SRS1,4/1/11,144.32
137,SRS1,5/1/11,152.8903226
138,SRS1,6/1/11,159.5766667
139,SRS1,7/1/11,169.1290323
140,SRS1,8/1/11,169.2419355
141,SRS1,9/1/11,175.0933333
142,SRS1,10/1/11,186.0645161
143,SRS1,11/1/11,209.3433333
144,SRS1,12/1/11,201.983871
145,SRS1,1/1/12,179.0032258
146,SRS1,2/1/12,171.9068966
147,SRS1,3/1/12,158.0645161
148,SRS1,4/1/12,136.8133333
149,SRS1,5/1/12,171.6967742
150,SRS1,6/1/12,182.6366667
151,SRS1,7/1/12,190.3548387
152,SRS1,8/1/12,198.0483871
153,SRS1,9/1/12,207.9166667
154,SRS1,10/1/12,222.0290323
155,SRS1,11/1/12,219.1133333
156,SRS1,12/1/12,214.516129
157,SRS1,1/1/13,192.2612903
158,SRS1,2/1/13,176.9642857
159,SRS1,3/1/13,168.9
160,SRS1,4/1/13,168.3566667
161,SRS1,5/1/13,175.8451613
162,SRS1,6/1/13,191.2033333
163,SRS1,7/1/13,207.9677419
164,SRS1,8/1/13,221.0967742
165,SRS1,9/1/13,224.9633333
166,SRS1,10/1/13,224.5322581
167,SRS1,11/1/13,220.8633333
168,SRS1,12/1/13,207.9258065
169,SRS1,1/1/14,182.1548387
170,SRS1,2/1/14,178.2178571
171,SRS1,3/1/14,183.3064516
172,SRS1,4/1/14,174.9033333
173,SRS1,5/1/14,151.4806452
174,SRS1,6/1/14,160.6866667
175,SRS1,7/1/14,173.583871
176,SRS1,8/1/14,190.6225806
177,SRS1,9/1/14,202.9466667
178,SRS1,10/1/14,210.1741935
179,SRS1,11/1/14,206.86
180,SRS1,12/1/14,186.7709677
181,SRS1,1/1/15,174.7741935
182,SRS1,2/1/15,178.0642857
183,SRS1,3/1/15,173.0741935
184,SRS1,4/1/15,155.3033333
185,SRS1,5/1/15,144.6387097
186,SRS1,6/1/15,132.22
187,SRS1,7/1/15,149.9774194
188,SRS1,8/1/15,162.3967742
189,SRS1,9/1/15,173.8666667
190,SRS1,10/1/15,193.7677419
191,SRS1,11/1/15,190.8066667
192,SRS1,12/1/15,203.1645161
193,SRS1,1/1/16,213.6129032
194,SRS1,2/1/16,224.2344828
195,SRS1,3/1/16,222.3935484
196,SRS1,4/1/16,209.4133333
197,SRS1,5/1/16,198.4967742
198,SRS1,6/1/16,195.3333333
199,SRS1,7/1/16,199.8354839
200,SRS1,8/1/16,206.2193548
201,SRS1,9/1/16,221.1966667
202,SRS1,10/1/16,225.3032258
203,SRS1,11/1/16,221.5566667
204,SRS1,12/1/16,190.9032258
205,SRS1,1/1/17,174.416129
206,SRS1,2/1/17,169.0357143
207,SRS1,3/1/17,153.5935484
208,SRS1,4/1/17,123.1133333
209,SRS1,5/1/17,125.0806452
210,SRS1,6/1/17,177.5866667
211,SRS1,7/1/17,213.7064516
212,SRS1,8/1/17,222.4129032
213,SRS1,9/1/17,231.8066667
214,SRS1,10/1/17,248.0935484
215,SRS1,11/1/17,244.04
216,SRS1,12/1/17,224.2548387
217,SRS1,1/1/18,211.7322581
218,SRS1,2/1/18,192.175
219,SRS1,3/1/18,172.3645161
220,SRS1,4/1/18,150.6166667
221,SRS1,5/1/18,153.4903226
222,SRS1,6/1/18,198.01
223,SRS1,7/1/18,208.6741935
224,SRS1,8/1/18,206.2290323
225,SRS1,9/1/18,217.0033333
226,SRS1,10/1/18,208.3645161
227,SRS1,11/1/18,180.6166667
228,SRS1,12/1/18,170.4387097
229,SRS1,1/1/19,166.5387097
230,SRS1,2/1/19,171.075
231,SRS1,3/1/19,165.4677419
232,SRS1,4/1/19,165.8133333
233,SRS1,5/1/19,154.8419355
234,SRS1,6/1/19,162.31
235,SRS1,7/1/19,175.0451613
236,SRS1,8/1/19,192.9
237,SRS1,9/1/19,198.1466667
238,SRS1,10/1/19,198.1903226
239,SRS1,11/1/19,184.2466667
240,SRS1,12/1/19,172.1225806
241,SRS1,1/1/20,171
242,SRS1,2/1/20,169.1689655
243,SRS1,3/1/20,144.8548387
244,SRS1,4/1/20,115.91
245,SRS1,5/1/20,135.6548387
246,SRS1,6/1/20,175.9166667
247,SRS1,7/1/20,189.4258065
248,SRS1,8/1/20,196.1354839
249,SRS1,9/1/20,203.3833333
250,SRS1,10/1/20,215.4322581
251,SRS1,11/1/20,239.41
252,SRS1,12/1/20,239.1580645
253,SRS1,1/1/21,219.5129032
254,SRS1,2/1/21,210.3071429
255,SRS1,3/1/21,193.5967742
256,SRS1,4/1/21,180.9466667
257,SRS1,5/1/21,171.9322581
258,SRS1,6/1/21,164.1333333
259,SRS1,7/1/21,174.8419355
260,SRS1,8/1/21,184.4290323
261,SRS1,9/1/21,190.81
262,SRS1,10/1/21,213.0870968
263,SRS1,11/1/21,218.0833333
264,SRS1,12/1/21,202.6193548
265,SRS1,1/1/22,197.0806452
266,SRS1,2/1/22,192.625
267,SRS1,3/1/22,186.3612903
268,SRS1,4/1/22,177.3
269,SRS1,5/1/22,170.0677419
270,SRS1,6/1/22,185.0333333
271,SRS1,7/1/22,202.1451613
272,SRS1,8/1/22,203.4258065
273,SRS1,9/1/22,201.8433333
274,SRS1,10/1/22,224.6903226
275,SRS1,11/1/22,228.37
276,SRS1,12/1/22,226.6290323
277,SRS2,1/1/00,101.0516129
278,SRS2,2/1/00,93.86206897
279,SRS2,3/1/00,83.07096774
280,SRS2,4/1/00,73.13333333
281,SRS2,5/1/00,66.96129032
282,SRS2,6/1/00,77.3
283,SRS2,7/1/00,79.48064516
284,SRS2,8/1/00,82.99677419
285,SRS2,9/1/00,82.43333333
286,SRS2,10/1/00,99.3
287,SRS2,11/1/00,88.53
288,SRS2,12/1/00,83.89032258
289,SRS2,1/1/01,77.09677419
290,SRS2,2/1/01,68.68214286
291,SRS2,3/1/01,65.07096774
292,SRS2,4/1/01,57.97333333
293,SRS2,5/1/01,43.17741935
294,SRS2,6/1/01,49.77
295,SRS2,7/1/01,61.54516129
296,SRS2,8/1/01,84.67096774
297,SRS2,9/1/01,93.99
298,SRS2,10/1/01,104.9870968
299,SRS2,11/1/01,102.8166667
300,SRS2,12/1/01,99.52258065
301,SRS2,1/1/02,89.9516129
302,SRS2,2/1/02,79.81428571
303,SRS2,3/1/02,75.02580645
304,SRS2,4/1/02,67.06
305,SRS2,5/1/02,58.01935484
306,SRS2,6/1/02,81.76666667
307,SRS2,7/1/02,93.14516129
308,SRS2,8/1/02,93.23870968
309,SRS2,9/1/02,99.55
310,SRS2,10/1/02,98.86451613
311,SRS2,11/1/02,94.83
312,SRS2,12/1/02,90.56129032
313,SRS2,1/1/03,81.19677419
314,SRS2,2/1/03,73.51071429
315,SRS2,3/1/03,71.63225806
316,SRS2,4/1/03,70.73333333
317,SRS2,5/1/03,78.00967742
318,SRS2,6/1/03,92.50333333
319,SRS2,7/1/03,93.7516129
320,SRS2,8/1/03,102.2451613
321,SRS2,9/1/03,107.5566667
322,SRS2,10/1/03,109.8129032
323,SRS2,11/1/03,106.9833333
324,SRS2,12/1/03,100.1774194
325,SRS2,1/1/04,94.23870968
326,SRS2,2/1/04,90.67586207
327,SRS2,3/1/04,79.55483871
328,SRS2,4/1/04,71.97666667
329,SRS2,5/1/04,63.52903226
330,SRS2,6/1/04,61.54333333
331,SRS2,7/1/04,62.69032258
332,SRS2,8/1/04,88.2
333,SRS2,9/1/04,90.8
334,SRS2,10/1/04,102.0548387
335,SRS2,11/1/04,100.43
336,SRS2,12/1/04,94.61290323
337,SRS2,1/1/05,84.56129032
338,SRS2,2/1/05,74.95
339,SRS2,3/1/05,70.16129032
340,SRS2,4/1/05,64.69666667
341,SRS2,5/1/05,53.7516129
342,SRS2,6/1/05,73.64
343,SRS2,7/1/05,97.13870968
344,SRS2,8/1/05,106.1193548
345,SRS2,9/1/05,115.7066667
346,SRS2,10/1/05,115.2612903
347,SRS2,11/1/05,106.24
348,SRS2,12/1/05,100.9741935
349,SRS2,1/1/06,94.35483871
350,SRS2,2/1/06,91.15714286
351,SRS2,3/1/06,80.55806452
352,SRS2,4/1/06,67.48333333
353,SRS2,5/1/06,58.19032258
354,SRS2,6/1/06,67.62
355,SRS2,7/1/06,89.41935484
356,SRS2,8/1/06,87.00322581
357,SRS2,9/1/06,95.12
358,SRS2,10/1/06,91.7483871
359,SRS2,11/1/06,91.33333333
360,SRS2,12/1/06,85.80967742
361,SRS2,1/1/07,79.93548387
362,SRS2,2/1/07,75.47142857
363,SRS2,3/1/07,68.03870968
364,SRS2,4/1/07,70.11666667
365,SRS2,5/1/07,70.08064516
366,SRS2,6/1/07,79.28
367,SRS2,7/1/07,82.24193548
368,SRS2,8/1/07,84.95806452
369,SRS2,9/1/07,78.42333333
370,SRS2,10/1/07,84.62580645
371,SRS2,11/1/07,81.75
372,SRS2,12/1/07,77.50645161
373,SRS2,1/1/08,72.4516129
374,SRS2,2/1/08,68.05172414
375,SRS2,3/1/08,64.6
376,SRS2,4/1/08,69.35666667
377,SRS2,5/1/08,63.10645161
378,SRS2,6/1/08,70.15
379,SRS2,7/1/08,89.86451613
380,SRS2,8/1/08,100.6354839
381,SRS2,9/1/08,113.0633333
382,SRS2,10/1/08,119.7064516
383,SRS2,11/1/08,112.1566667
384,SRS2,12/1/08,106.9870968
385,SRS2,1/1/09,95.62903226
386,SRS2,2/1/09,81.77142857
387,SRS2,3/1/09,71.27741935
388,SRS2,4/1/09,57.10666667
389,SRS2,5/1/09,47.41935484
390,SRS2,6/1/09,84.64
391,SRS2,7/1/09,89.96774194
392,SRS2,8/1/09,94.07096774
393,SRS2,9/1/09,103.6066667
394,SRS2,10/1/09,99.61935484
395,SRS2,11/1/09,93.37
396,SRS2,12/1/09,90.39032258
397,SRS2,1/1/10,80.40645161
398,SRS2,2/1/10,75.35357143
399,SRS2,3/1/10,72.51612903
400,SRS2,4/1/10,73.96
401,SRS2,5/1/10,76.80967742
402,SRS2,6/1/10,85.43
403,SRS2,7/1/10,91.59032258
404,SRS2,8/1/10,97.50967742
405,SRS2,9/1/10,103.1266667
406,SRS2,10/1/10,102.6741935
407,SRS2,11/1/10,97.09
408,SRS2,12/1/10,88.42903226
409,SRS2,1/1/11,81.11612903
410,SRS2,2/1/11,74.975
411,SRS2,3/1/11,63.4
412,SRS2,4/1/11,44.75333333
413,SRS2,5/1/11,18.47419355
414,SRS2,6/1/11,23.76666667
415,SRS2,7/1/11,73.57419355
416,SRS2,8/1/11,77.48064516
417,SRS2,9/1/11,85.16666667
418,SRS2,10/1/11,90.2516129
419,SRS2,11/1/11,96.54
420,SRS2,12/1/11,96.46451613
421,SRS2,1/1/12,86.11290323
422,SRS2,2/1/12,76.73103448
423,SRS2,3/1/12,68.59677419
424,SRS2,4/1/12,61.31666667
425,SRS2,5/1/12,72.0516129
426,SRS2,6/1/12,87.1
427,SRS2,7/1/12,96.71612903
428,SRS2,8/1/12,97.77741935
429,SRS2,9/1/12,105.0133333
430,SRS2,10/1/12,113.4032258
431,SRS2,11/1/12,105.22
432,SRS2,12/1/12,100.8806452
433,SRS2,1/1/13,94.12903226
434,SRS2,2/1/13,83.45
435,SRS2,3/1/13,74.54516129
436,SRS2,4/1/13,69.13
437,SRS2,5/1/13,79.8
438,SRS2,6/1/13,94.96666667
439,SRS2,7/1/13,104.3129032
440,SRS2,8/1/13,101.5774194
441,SRS2,9/1/13,107.7666667
442,SRS2,10/1/13,106.6032258
443,SRS2,11/1/13,99.81333333
444,SRS2,12/1/13,99.29032258
445,SRS2,1/1/14,89.36129032
446,SRS2,2/1/14,82.59642857
447,SRS2,3/1/14,73.92258065
448,SRS2,4/1/14,70.2
449,SRS2,5/1/14,63.18064516
450,SRS2,6/1/14,72.18
451,SRS2,7/1/14,77.58387097
452,SRS2,8/1/14,87.87096774
453,SRS2,9/1/14,92.44
454,SRS2,10/1/14,94.35483871
455,SRS2,11/1/14,93.71
456,SRS2,12/1/14,88.75806452
457,SRS2,1/1/15,80.51612903
458,SRS2,2/1/15,72.825
459,SRS2,3/1/15,67.75483871
460,SRS2,4/1/15,59.77
461,SRS2,5/1/15,65.04516129
462,SRS2,6/1/15,63.41
463,SRS2,7/1/15,68.78387097
464,SRS2,8/1/15,70.72903226
465,SRS2,9/1/15,75.82
466,SRS2,10/1/15,83.1483871
467,SRS2,11/1/15,91.12666667
468,SRS2,12/1/15,97.82903226
469,SRS2,1/1/16,102.0354839
470,SRS2,2/1/16,105.5931034
471,SRS2,3/1/16,101.5387097
472,SRS2,4/1/16,97.23666667
473,SRS2,5/1/16,97.28387097
474,SRS2,6/1/16,93.67
475,SRS2,7/1/16,94.46774194
476,SRS2,8/1/16,96.42258065
477,SRS2,9/1/16,106.9766667
478,SRS2,10/1/16,107.7483871
479,SRS2,11/1/16,102.95
480,SRS2,12/1/16,95.53870968
481,SRS2,1/1/17,84.58387097
482,SRS2,2/1/17,75.62857143
483,SRS2,3/1/17,67.2516129
484,SRS2,4/1/17,59.43
485,SRS2,5/1/17,57.40967742
486,SRS2,6/1/17,73.53333333
487,SRS2,7/1/17,97.86774194
488,SRS2,8/1/17,111.2709677
489,SRS2,9/1/17,126.1133333
490,SRS2,10/1/17,132.983871
491,SRS2,11/1/17,130.5466667
492,SRS2,12/1/17,119.4612903
493,SRS2,1/1/18,108.4483871
494,SRS2,2/1/18,99.18214286
495,SRS2,3/1/18,87.66774194
496,SRS2,4/1/18,74.58
497,SRS2,5/1/18,70.77741935
498,SRS2,6/1/18,96.58333333
499,SRS2,7/1/18,106.3806452
500,SRS2,8/1/18,107.2483871
501,SRS2,9/1/18,117.6866667
502,SRS2,10/1/18,110.3677419
503,SRS2,11/1/18,99.58
504,SRS2,12/1/18,89.27419355
505,SRS2,1/1/19,81.15483871
506,SRS2,2/1/19,79.18571429
507,SRS2,3/1/19,73.41612903
508,SRS2,4/1/19,67.10666667
509,SRS2,5/1/19,66.06129032
510,SRS2,6/1/19,72.93666667
511,SRS2,7/1/19,88.37741935
512,SRS2,8/1/19,101.0967742
513,SRS2,9/1/19,102.8233333
514,SRS2,10/1/19,101.3193548
515,SRS2,11/1/19,98.11333333
516,SRS2,12/1/19,91.97419355
517,SRS2,1/1/20,86.30967742
518,SRS2,2/1/20,82.35172414
519,SRS2,3/1/20,73.38064516
520,SRS2,4/1/20,59.81333333
521,SRS2,5/1/20,53.43870968
522,SRS2,6/1/20,75.02
523,SRS2,7/1/20,93.58387097
524,SRS2,8/1/20,106.0032258
525,SRS2,9/1/20,110
526,SRS2,10/1/20,117.1419355
527,SRS2,11/1/20,130.94
528,SRS2,12/1/20,129.4967742
529,SRS2,1/1/21,118.4290323
530,SRS2,2/1/21,108.5142857
531,SRS2,3/1/21,98.5
532,SRS2,4/1/21,90.91
533,SRS2,5/1/21,82.20322581
534,SRS2,6/1/21,79.76
535,SRS2,7/1/21,81.80967742
536,SRS2,8/1/21,89.24516129
537,SRS2,9/1/21,92.36333333
538,SRS2,10/1/21,101.6354839
539,SRS2,11/1/21,105.4433333
540,SRS2,12/1/21,100.9064516
541,SRS2,1/1/22,96.71612903
542,SRS2,2/1/22,97.78214286
543,SRS2,3/1/22,95.44516129
544,SRS2,4/1/22,91.05
545,SRS2,5/1/22,85.53548387
546,SRS2,6/1/22,102.84
547,SRS2,7/1/22,99.3483871
548,SRS2,8/1/22,99.87419355
549,SRS2,9/1/22,106.8633333
550,SRS2,10/1/22,113.8032258
551,SRS2,11/1/22,108.88
552,SRS2,12/1/22,112.1516129
553,SRS3,1/1/00,37.87419355
554,SRS3,2/1/00,30.27931034
555,SRS3,3/1/00,20.04193548
556,SRS3,4/1/00,6.556666667
557,SRS3,5/1/00,-1.619354839
558,SRS3,6/1/00,11.98
559,SRS3,7/1/00,15.50967742
560,SRS3,8/1/00,21.11290323
561,SRS3,9/1/00,22.80666667
562,SRS3,10/1/00,43.53870968
563,SRS3,11/1/00,23.77666667
564,SRS3,12/1/00,17.94516129
565,SRS3,1/1/01,8.767741935
566,SRS3,2/1/01,-4.792857143
567,SRS3,3/1/01,-10.72258065
568,SRS3,4/1/01,-22.81333333
569,SRS3,5/1/01,-28.93225806
570,SRS3,6/1/01,-16.09333333
571,SRS3,7/1/01,1.290322581
572,SRS3,8/1/01,29.35806452
573,SRS3,9/1/01,34.80333333
574,SRS3,10/1/01,47.40645161
575,SRS3,11/1/01,39.33666667
576,SRS3,12/1/01,34.93870968
577,SRS3,1/1/02,29.71935484
578,SRS3,2/1/02,16.72857143
579,SRS3,3/1/02,9.909677419
580,SRS3,4/1/02,-3.71
581,SRS3,5/1/02,-24.4516129
582,SRS3,6/1/02,26.30666667
583,SRS3,7/1/02,40.93548387
584,SRS3,8/1/02,30.80967742
585,SRS3,9/1/02,38.77
586,SRS3,10/1/02,36.83225806
587,SRS3,11/1/02,31.72
588,SRS3,12/1/02,28.6516129
589,SRS3,1/1/03,17.25483871
590,SRS3,2/1/03,3.046428571
591,SRS3,3/1/03,-2.506451613
592,SRS3,4/1/03,-2.506666667
593,SRS3,5/1/03,10.25483871
594,SRS3,6/1/03,29.68333333
595,SRS3,7/1/03,29.66129032
596,SRS3,8/1/03,39.41612903
597,SRS3,9/1/03,45.14666667
598,SRS3,10/1/03,47.03870968
599,SRS3,11/1/03,43.79
600,SRS3,12/1/03,35.49032258
601,SRS3,1/1/04,29.37419355
602,SRS3,2/1/04,28.4137931
603,SRS3,3/1/04,16.32580645
604,SRS3,4/1/04,3.703333333
605,SRS3,5/1/04,-10.20645161
606,SRS3,6/1/04,-6.696666667
607,SRS3,7/1/04,1.741935484
608,SRS3,8/1/04,32.92580645
609,SRS3,9/1/04,33.16
610,SRS3,10/1/04,40.77096774
611,SRS3,11/1/04,37.75
612,SRS3,12/1/04,29.7516129
613,SRS3,1/1/05,17.84193548
614,SRS3,2/1/05,6.553571429
615,SRS3,3/1/05,0.474193548
616,SRS3,4/1/05,-8.006666667
617,SRS3,5/1/05,-13.32903226
618,SRS3,6/1/05,10.17333333
619,SRS3,7/1/05,38.22903226
620,SRS3,8/1/05,45.31290323
621,SRS3,9/1/05,59.65666667
622,SRS3,10/1/05,57.64193548
623,SRS3,11/1/05,43.35
624,SRS3,12/1/05,35.81290323
625,SRS3,1/1/06,29.98709677
626,SRS3,2/1/06,27.775
627,SRS3,3/1/06,19.77419355
628,SRS3,4/1/06,-0.03
629,SRS3,5/1/06,-7.677419355
630,SRS3,6/1/06,7.456666667
631,SRS3,7/1/06,35.03548387
632,SRS3,8/1/06,33.11612903
633,SRS3,9/1/06,40.99666667
634,SRS3,10/1/06,29.53870968
635,SRS3,11/1/06,25.27
636,SRS3,12/1/06,20.46451613
637,SRS3,1/1/07,15.84193548
638,SRS3,2/1/07,9.567857143
639,SRS3,3/1/07,-5.880645161
640,SRS3,4/1/07,-1.696666667
641,SRS3,5/1/07,-1.274193548
642,SRS3,6/1/07,17.15
643,SRS3,7/1/07,21.98064516
644,SRS3,8/1/07,28.67741935
645,SRS3,9/1/07,18.64333333
646,SRS3,10/1/07,23.86451613
647,SRS3,11/1/07,17.96
648,SRS3,12/1/07,6.080645161
649,SRS3,1/1/08,-4.548387097
650,SRS3,2/1/08,-14.64137931
651,SRS3,3/1/08,-20.71935484
652,SRS3,4/1/08,-2.77
653,SRS3,5/1/08,-10.66129032
654,SRS3,6/1/08,1.31
655,SRS3,7/1/08,26.82903226
656,SRS3,8/1/08,37.87741935
657,SRS3,9/1/08,53.35
658,SRS3,10/1/08,57.55483871
659,SRS3,11/1/08,47.39
660,SRS3,12/1/08,38.48387097
661,SRS3,1/1/09,29.21935484
662,SRS3,2/1/09,16.56428571
663,SRS3,3/1/09,2
664,SRS3,4/1/09,-12.17
665,SRS3,5/1/09,-11.30645161
666,SRS3,6/1/09,29.94333333
667,SRS3,7/1/09,35.81290323
668,SRS3,8/1/09,37.33225806
669,SRS3,9/1/09,46.69
670,SRS3,10/1/09,40.43870968
671,SRS3,11/1/09,31.00333333
672,SRS3,12/1/09,31.49354839
673,SRS3,1/1/10,22.56129032
674,SRS3,2/1/10,16.14642857
675,SRS3,3/1/10,8.032258065
676,SRS3,4/1/10,3.166666667
677,SRS3,5/1/10,11.22903226
678,SRS3,6/1/10,21.38333333
679,SRS3,7/1/10,31.73870968
680,SRS3,8/1/10,35.8516129
681,SRS3,9/1/10,41.75333333
682,SRS3,10/1/10,40.34193548
683,SRS3,11/1/10,32.47
684,SRS3,12/1/10,24.36774194
685,SRS3,1/1/11,18.17096774
686,SRS3,2/1/11,10.54642857
687,SRS3,3/1/11,-8.858064516
688,SRS3,4/1/11,-18.16333333
689,SRS3,5/1/11,-17.69354839
690,SRS3,6/1/11,-13.93333333
691,SRS3,7/1/11,11.98709677
692,SRS3,8/1/11,22.03870968
693,SRS3,9/1/11,29.5
694,SRS3,10/1/11,34.75483871
695,SRS3,11/1/11,37.01
696,SRS3,12/1/11,34.81612903
697,SRS3,1/1/12,26.00967742
698,SRS3,2/1/12,16.39310345
699,SRS3,3/1/12,6.170967742
700,SRS3,4/1/12,-0.783333333
701,SRS3,5/1/12,16.72258065
702,SRS3,6/1/12,31.2
703,SRS3,7/1/12,41.20645161
704,SRS3,8/1/12,40.8
705,SRS3,9/1/12,46.18666667
706,SRS3,10/1/12,59.99032258
707,SRS3,11/1/12,47.28666667
708,SRS3,12/1/12,36.02903226
709,SRS3,1/1/13,29.27419355
710,SRS3,2/1/13,21.65714286
711,SRS3,3/1/13,12.80645161
712,SRS3,4/1/13,4.466666667
713,SRS3,5/1/13,16.17096774
714,SRS3,6/1/13,39.34
715,SRS3,7/1/13,45.79032258
716,SRS3,8/1/13,38.4483871
717,SRS3,9/1/13,45.42
718,SRS3,10/1/13,46.50645161
719,SRS3,11/1/13,37.52
720,SRS3,12/1/13,37.71290323
721,SRS3,1/1/14,29.95806452
722,SRS3,2/1/14,23.60714286
723,SRS3,3/1/14,14.61935484
724,SRS3,4/1/14,1.51
725,SRS3,5/1/14,-12.3516129
726,SRS3,6/1/14,8.67
727,SRS3,7/1/14,25.07096774
728,SRS3,8/1/14,31.30645161
729,SRS3,9/1/14,34.43
730,SRS3,10/1/14,33.01612903
731,SRS3,11/1/14,29.94
732,SRS3,12/1/14,26.46451613
733,SRS3,1/1/15,18.41290323
734,SRS3,2/1/15,8.964285714
735,SRS3,3/1/15,-0.387096774
736,SRS3,4/1/15,-11.58333333
737,SRS3,5/1/15,-3.741935484
738,SRS3,6/1/15,-1.933333333
739,SRS3,7/1/15,6.980645161
740,SRS3,8/1/15,16.29032258
741,SRS3,9/1/15,18.97
742,SRS3,10/1/15,26.34516129
743,SRS3,11/1/15,28.03
744,SRS3,12/1/15,37.94516129
745,SRS3,1/1/16,40.33870968
746,SRS3,2/1/16,43.47241379
747,SRS3,3/1/16,34.14193548
748,SRS3,4/1/16,29.43
749,SRS3,5/1/16,27.29032258
750,SRS3,6/1/16,32.03333333
751,SRS3,7/1/16,33.30967742
752,SRS3,8/1/16,32.53870968
753,SRS3,9/1/16,43.76
754,SRS3,10/1/16,41.62903226
755,SRS3,11/1/16,36.5
756,SRS3,12/1/16,29.95483871
757,SRS3,1/1/17,22.38387097
758,SRS3,2/1/17,11.83571429
759,SRS3,3/1/17,-1.438709677
760,SRS3,4/1/17,-9.943333333
761,SRS3,5/1/17,-6.761290323
762,SRS3,6/1/17,14.14333333
763,SRS3,7/1/17,38.89032258
764,SRS3,8/1/17,52.56129032
765,SRS3,9/1/17,68.23333333
766,SRS3,10/1/17,74.85483871
767,SRS3,11/1/17,69.09666667
768,SRS3,12/1/17,57.02258065
769,SRS3,1/1/18,44.5483871
770,SRS3,2/1/18,35.61071429
771,SRS3,3/1/18,26.45806452
772,SRS3,4/1/18,13.4
773,SRS3,5/1/18,7.087096774
774,SRS3,6/1/18,39.15
775,SRS3,7/1/18,44.98387097
776,SRS3,8/1/18,43.86774194
777,SRS3,9/1/18,55.60666667
778,SRS3,10/1/18,47.80322581
779,SRS3,11/1/18,36.01666667
780,SRS3,12/1/18,27.78709677
781,SRS3,1/1/19,18.51935484
782,SRS3,2/1/19,16.57142857
783,SRS3,3/1/19,5.25483871
784,SRS3,4/1/19,-1.62
785,SRS3,5/1/19,-1.025806452
786,SRS3,6/1/19,16.86666667
787,SRS3,7/1/19,29.80645161
788,SRS3,8/1/19,39.4483871
789,SRS3,9/1/19,40.20666667
790,SRS3,10/1/19,38.40322581
791,SRS3,11/1/19,33.89
792,SRS3,12/1/19,28.62258065
793,SRS3,1/1/20,24.2483871
794,SRS3,2/1/20,19.75517241
795,SRS3,3/1/20,5.916129032
796,SRS3,4/1/20,-0.946666667
797,SRS3,5/1/20,-4.506451613
798,SRS3,6/1/20,9.186666667
799,SRS3,7/1/20,33.3516129
800,SRS3,8/1/20,43.46774194
801,SRS3,9/1/20,47.64666667
802,SRS3,10/1/20,55.16774194
803,SRS3,11/1/20,72.00333333
804,SRS3,12/1/20,66.31290323
805,SRS3,1/1/21,54.74193548
806,SRS3,2/1/21,44.75714286
807,SRS3,3/1/21,35.20645161
808,SRS3,4/1/21,27.24666667
809,SRS3,5/1/21,16.87419355
810,SRS3,6/1/21,12.80333333
811,SRS3,7/1/21,22.50645161
812,SRS3,8/1/21,27.61935484
813,SRS3,9/1/21,32.75
814,SRS3,10/1/21,40.78064516
815,SRS3,11/1/21,44.41
816,SRS3,12/1/21,38.24193548
817,SRS3,1/1/22,32.74516129
818,SRS3,2/1/22,33.41071429
819,SRS3,3/1/22,30.03870968
820,SRS3,4/1/22,27.81
821,SRS3,5/1/22,21.07741935
822,SRS3,6/1/22,43.1
823,SRS3,7/1/22,34.90322581
824,SRS3,8/1/22,32.58387097
825,SRS3,9/1/22,45.69666667
826,SRS3,10/1/22,52.87419355
827,SRS3,11/1/22,42.92333333
828,SRS3,12/1/22,42.09032258
829,SRS4,1/1/00,-24.09677419
830,SRS4,2/1/00,-28.25172414
831,SRS4,3/1/00,-22.82580645
832,SRS4,4/1/00,-22.49666667
833,SRS4,5/1/00,-25.09032258
834,SRS4,6/1/00,-20.15333333
835,SRS4,7/1/00,-9.706451613
836,SRS4,8/1/00,-13.60322581
837,SRS4,9/1/00,-7.386666667
838,SRS4,10/1/00,-3.793548387
839,SRS4,11/1/00,-16.04666667
840,SRS4,12/1/00,-27.84516129
841,SRS4,1/1/01,-38.34516129
842,SRS4,2/1/01,-43.52142857
843,SRS4,3/1/01,-26.60322581
844,SRS4,4/1/01,-36.60666667
845,SRS4,5/1/01,-28.09032258
846,SRS4,6/1/01,-31.7
847,SRS4,7/1/01,-19.40322581
848,SRS4,8/1/01,-12.05806452
849,SRS4,9/1/01,-3.993333333
850,SRS4,10/1/01,-7.412903226
851,SRS4,11/1/01,-9.073333333
852,SRS4,12/1/01,-17.62580645
853,SRS4,1/1/02,-26.73870968
854,SRS4,2/1/02,-28.09285714
855,SRS4,3/1/02,-33.10967742
856,SRS4,4/1/02,-28.36
857,SRS4,5/1/02,-27.75806452
858,SRS4,6/1/02,-7.7
859,SRS4,7/1/02,-10.19677419
860,SRS4,8/1/02,-10.61290323
861,SRS4,9/1/02,-5.683333333
862,SRS4,10/1/02,-3.616129032
863,SRS4,11/1/02,-14.84333333
864,SRS4,12/1/02,-25.325
865,SRS4,1/1/03,-35.75263158
866,SRS4,2/1/03,-35.28571429
867,SRS4,3/1/03,-20.65806452
868,SRS4,4/1/03,-21.13181818
869,SRS4,5/1/03,-13.575
870,SRS4,6/1/03,-17.23666667
871,SRS4,7/1/03,-18.29354839
872,SRS4,8/1/03,-12.2
873,SRS4,9/1/03,-1.103333333
874,SRS4,10/1/03,-4.44516129
875,SRS4,11/1/03,-12.27
876,SRS4,12/1/03,-21.39354839
877,SRS4,1/1/04,-24.54
878,SRS4,2/1/04,
879,SRS4,3/1/04,-32.4
880,SRS4,4/1/04,-26.36666667
881,SRS4,5/1/04,-32.27741935
882,SRS4,6/1/04,-22.29
883,SRS4,7/1/04,-16.61290323
884,SRS4,8/1/04,-9.522580645
885,SRS4,9/1/04,-4.633333333
886,SRS4,10/1/04,-7.45862069
887,SRS4,11/1/04,-11.84705882
888,SRS4,12/1/04,-27.18666667
889,SRS4,1/1/05,-25.28064516
890,SRS4,2/1/05,-19.00357143
891,SRS4,3/1/05,-27.96129032
892,SRS4,4/1/05,-24.37142857
893,SRS4,5/1/05,-19.43225806
894,SRS4,6/1/05,-12.84
895,SRS4,7/1/05,-13.08064516
896,SRS4,8/1/05,-4.82
897,SRS4,9/1/05,2.946666667
898,SRS4,10/1/05,1.325806452
899,SRS4,11/1/05,-13.53666667
900,SRS4,12/1/05,-22.78387097
901,SRS4,1/1/06,-27.98709677
902,SRS4,2/1/06,-28.125
903,SRS4,3/1/06,-23.49354839
904,SRS4,4/1/06,-23.85666667
905,SRS4,5/1/06,-15.84516129
906,SRS4,6/1/06,-19.48666667
907,SRS4,7/1/06,-16.27741935
908,SRS4,8/1/06,-12.01290323
909,SRS4,9/1/06,-1.113333333
910,SRS4,10/1/06,-9.503225806
911,SRS4,11/1/06,-14.90666667
912,SRS4,12/1/06,-27.20322581
913,SRS4,1/1/07,-27.69677419
914,SRS4,2/1/07,-30.64642857
915,SRS4,3/1/07,-33.05806452
916,SRS4,4/1/07,-24.94
917,SRS4,5/1/07,-17.25806452
918,SRS4,6/1/07,-11.09333333
919,SRS4,7/1/07,-11.9516129
920,SRS4,8/1/07,-10.00645161
921,SRS4,9/1/07,-7.23
922,SRS4,10/1/07,-7.222580645
923,SRS4,11/1/07,-15.28666667
924,SRS4,12/1/07,-25.54516129
925,SRS4,1/1/08,-32.7483871
926,SRS4,2/1/08,-33.96551724
927,SRS4,3/1/08,-35.08064516
928,SRS4,4/1/08,-21.52666667
929,SRS4,5/1/08,-20.58064516
930,SRS4,6/1/08,-21.65333333
931,SRS4,7/1/08,-9.970967742
932,SRS4,8/1/08,-0.619354839
933,SRS4,9/1/08,2.75
934,SRS4,10/1/08,-1.922580645
935,SRS4,11/1/08,-10.31
936,SRS4,12/1/08,-25.71290323
937,SRS4,1/1/09,-34.71935484
938,SRS4,2/1/09,-36.50357143
939,SRS4,3/1/09,-28.29354839
940,SRS4,4/1/09,-26.76
941,SRS4,5/1/09,-21.88064516
942,SRS4,6/1/09,-4.276666667
943,SRS4,7/1/09,-5.693548387
944,SRS4,8/1/09,-6.2
945,SRS4,9/1/09,7.813333333
946,SRS4,10/1/09,-0.164516129
947,SRS4,11/1/09,-6.19
948,SRS4,12/1/09,-10.49032258
949,SRS4,1/1/10,-23.42903226
950,SRS4,2/1/10,-19.62857143
951,SRS4,3/1/10,-20.91290323
952,SRS4,4/1/10,-26.89333333
953,SRS4,5/1/10,-24.58064516
954,SRS4,6/1/10,-15.66666667
955,SRS4,7/1/10,-13.43870968
956,SRS4,8/1/10,-4.170967742
957,SRS4,9/1/10,-1.486666667
958,SRS4,10/1/10,-5.119354839
959,SRS4,11/1/10,-10.28333333
960,SRS4,12/1/10,-17.05806452
961,SRS4,1/1/11,-27.22580645
962,SRS4,2/1/11,-28.26071429
963,SRS4,3/1/11,-22.49032258
964,SRS4,4/1/11,-18.97
965,SRS4,5/1/11,-15.96451613
966,SRS4,6/1/11,-13.08
967,SRS4,7/1/11,-3.564516129
968,SRS4,8/1/11,3.148387097
969,SRS4,9/1/11,4.173333333
970,SRS4,10/1/11,0.348387097
971,SRS4,11/1/11,-4.036666667
972,SRS4,12/1/11,-11.22580645
973,SRS4,1/1/12,-20.2
974,SRS4,2/1/12,-16.35517241
975,SRS4,3/1/12,-20.66451613
976,SRS4,4/1/12,-11.43
977,SRS4,5/1/12,-5.787096774
978,SRS4,6/1/12,3.91
979,SRS4,7/1/12,0.006451613
980,SRS4,8/1/12,1.74516129
981,SRS4,9/1/12,1.933333333
982,SRS4,10/1/12,6.735483871
983,SRS4,11/1/12,5.87
984,SRS4,12/1/12,-4.606451613
985,SRS4,1/1/13,-14.01935484
986,SRS4,2/1/13,-15.38214286
987,SRS4,3/1/13,-14.74193548
988,SRS4,4/1/13,-20.13
989,SRS4,5/1/13,-10.31612903
990,SRS4,6/1/13,-5.753333333
991,SRS4,7/1/13,0.061290323
992,SRS4,8/1/13,-3.629032258
993,SRS4,9/1/13,4.74
994,SRS4,10/1/13,5.635483871
995,SRS4,11/1/13,-3.78
996,SRS4,12/1/13,-8.641935484
997,SRS4,1/1/14,-12.94193548
998,SRS4,2/1/14,-8.903571429
999,SRS4,3/1/14,-11.82580645
1000,SRS4,4/1/14,-11.37
1001,SRS4,5/1/14,-14.16129032
1002,SRS4,6/1/14,-6.043333333
1003,SRS4,7/1/14,-2.061290323
1004,SRS4,8/1/14,2.087096774
1005,SRS4,9/1/14,5.746666667
1006,SRS4,10/1/14,5.316129032
1007,SRS4,11/1/14,-1.436666667
1008,SRS4,12/1/14,-0.467741935
1009,SRS4,1/1/15,-11.18387097
1010,SRS4,2/1/15,-12.45357143
1011,SRS4,3/1/15,-18.29354839
1012,SRS4,4/1/15,-12.76666667
1013,SRS4,5/1/15,-12.77741935
1014,SRS4,6/1/15,-12.35
1015,SRS4,7/1/15,-5.706451613
1016,SRS4,8/1/15,0.867741935
1017,SRS4,9/1/15,4.326666667
1018,SRS4,10/1/15,5.296774194
1019,SRS4,11/1/15,-11.06
1020,SRS4,12/1/15,-2.322580645
1021,SRS4,1/1/16,1.674193548
1022,SRS4,2/1/16,-3.234482759
1023,SRS4,3/1/16,-11.49354839
1024,SRS4,4/1/16,-7.66
1025,SRS4,5/1/16,-1.435483871
1026,SRS4,6/1/16,-1.606666667
1027,SRS4,7/1/16,-6.55483871
1028,SRS4,8/1/16,-2.693548387
1029,SRS4,9/1/16,6.59
1030,SRS4,10/1/16,50.4516129
1031,SRS4,11/1/16,47.06333333
1032,SRS4,12/1/16,34.19354839
1033,SRS4,1/1/17,35.64193548
1034,SRS4,2/1/17,28.84642857
1035,SRS4,3/1/17,22.26774194
1036,SRS4,4/1/17,33.19666667
1037,SRS4,5/1/17,35.57096774
1038,SRS4,6/1/17,41.84
1039,SRS4,7/1/17,45.62580645
1040,SRS4,8/1/17,51.94516129
1041,SRS4,9/1/17,63.92
1042,SRS4,10/1/17,15.42580645
1043,SRS4,11/1/17,8.276666667
1044,SRS4,12/1/17,-0.977419355
1045,SRS4,1/1/18,-17.36451613
1046,SRS4,2/1/18,-18.4
1047,SRS4,3/1/18,-4.74516129
1048,SRS4,4/1/18,-10.43666667
1049,SRS4,5/1/18,-13.52258065
1050,SRS4,6/1/18,-5.333333333
1051,SRS4,7/1/18,1.641935484
1052,SRS4,8/1/18,-1.132258065
1053,SRS4,9/1/18,8.156666667
1054,SRS4,10/1/18,2.667741935
1055,SRS4,11/1/18,-1.436666667
1056,SRS4,12/1/18,-3.703225806
1057,SRS4,1/1/19,-12.84516129
1058,SRS4,2/1/19,-10.90714286
1059,SRS4,3/1/19,-7.412903226
1060,SRS4,4/1/19,-5.993333333
1061,SRS4,5/1/19,-7.358064516
1062,SRS4,6/1/19,1.606666667
1063,SRS4,7/1/19,2.5
1064,SRS4,8/1/19,7.183870968
1065,SRS4,9/1/19,7.193333333
1066,SRS4,10/1/19,18.07419355
1067,SRS4,11/1/19,10.54666667
1068,SRS4,12/1/19,-3.467741935
1069,SRS4,1/1/20,-11.13548387
1070,SRS4,2/1/20,-15.77241379
1071,SRS4,3/1/20,-18.02903226
1072,SRS4,4/1/20,-1.293333333
1073,SRS4,5/1/20,-8.825806452
1074,SRS4,6/1/20,-1.48
1075,SRS4,7/1/20,1.003225806
1076,SRS4,8/1/20,5.041935484
1077,SRS4,9/1/20,14.05333333
1078,SRS4,10/1/20,16.63548387
1079,SRS4,11/1/20,10.82
1080,SRS4,12/1/20,-0.461290323
1081,SRS4,1/1/21,-6.587096774
1082,SRS4,2/1/21,-4.753571429
1083,SRS4,3/1/21,-7.264516129
1084,SRS4,4/1/21,-5.953333333
1085,SRS4,5/1/21,-14.14193548
1086,SRS4,6/1/21,-7.12
1087,SRS4,7/1/21,-4.419354839
1088,SRS4,8/1/21,1.441935484
1089,SRS4,9/1/21,6.836666667
1090,SRS4,10/1/21,12.11935484
1091,SRS4,11/1/21,11.54
1092,SRS4,12/1/21,1.558064516
1093,SRS4,1/1/22,0.251612903
1094,SRS4,2/1/22,-7.196428571
1095,SRS4,3/1/22,-9.358064516
1096,SRS4,4/1/22,-8.63
1097,SRS4,5/1/22,0.006451613
1098,SRS4,6/1/22,7.016666667
1099,SRS4,7/1/22,-2.483870968
1100,SRS4,8/1/22,4.019354839
1101,SRS4,9/1/22,17.11333333
1102,SRS4,10/1/22,17.80322581
1103,SRS4,11/1/22,11.52333333
1104,SRS4,12/1/22,5.441935484
1105,SRS5,1/1/00,
1106,SRS5,2/1/00,
1107,SRS5,3/1/00,
1108,SRS5,4/1/00,
1109,SRS5,5/1/00,
1110,SRS5,6/1/00,
1111,SRS5,7/1/00,
1112,SRS5,8/1/00,
1113,SRS5,9/1/00,
1114,SRS5,10/1/00,
1115,SRS5,11/1/00,
1116,SRS5,12/1/00,
1117,SRS5,1/1/01,
1118,SRS5,2/1/01,
1119,SRS5,3/1/01,-26.76875
1120,SRS5,4/1/01,-35.97
1121,SRS5,5/1/01,-26.56129032
1122,SRS5,6/1/01,-26.61666667
1123,SRS5,7/1/01,-15.30645161
1124,SRS5,8/1/01,-11.3
1125,SRS5,9/1/01,-1.886666667
1126,SRS5,10/1/01,-7.287096774
1127,SRS5,11/1/01,-7.523333333
1128,SRS5,12/1/01,-16.79677419
1129,SRS5,1/1/02,-25.71290323
1130,SRS5,2/1/02,-25.70357143
1131,SRS5,3/1/02,-30.93870968
1132,SRS5,4/1/02,-26.22333333
1133,SRS5,5/1/02,-25.64193548
1134,SRS5,6/1/02,-12.10666667
1135,SRS5,7/1/02,-17.37096774
1136,SRS5,8/1/02,-12.68064516
1137,SRS5,9/1/02,-7.2
1138,SRS5,10/1/02,-3.941935484
1139,SRS5,11/1/02,-16.54333333
1140,SRS5,12/1/02,-27.40322581
1141,SRS5,1/1/03,-31.28709677
1142,SRS5,2/1/03,-33.75714286
1143,SRS5,3/1/03,-18.70967742
1144,SRS5,4/1/03,-17.53666667
1145,SRS5,5/1/03,-18.4516129
1146,SRS5,6/1/03,-19.89333333
1147,SRS5,7/1/03,-19.04193548
1148,SRS5,8/1/03,-14.93225806
1149,SRS5,9/1/03,-3.01
1150,SRS5,10/1/03,-6.470967742
1151,SRS5,11/1/03,-13.61
1152,SRS5,12/1/03,-25.42173913
1153,SRS5,1/1/04,-23.61666667
1154,SRS5,2/1/04,-27.144
1155,SRS5,3/1/04,-29.3
1156,SRS5,4/1/04,-26.26071429
1157,SRS5,5/1/04,-29.55
1158,SRS5,6/1/04,-20.26333333
1159,SRS5,7/1/04,-17.03548387
1160,SRS5,8/1/04,-12.1516129
1161,SRS5,9/1/04,-4.78
1162,SRS5,10/1/04,-9.096774194
1163,SRS5,11/1/04,-12.012
1164,SRS5,12/1/04,-29.07419355
1165,SRS5,1/1/05,-25.52903226
1166,SRS5,2/1/05,-17.5
1167,SRS5,3/1/05,-27.06774194
1168,SRS5,4/1/05,-21.65
1169,SRS5,5/1/05,-18.50645161
1170,SRS5,6/1/05,-15.44
1171,SRS5,7/1/05,-17.79032258
1172,SRS5,8/1/05,-10.10645161
1173,SRS5,9/1/05,-1.796666667
1174,SRS5,10/1/05,-4.574193548
1175,SRS5,11/1/05,-16.83333333
1176,SRS5,12/1/05,-25.27741935
1177,SRS5,1/1/06,-30.16129032
1178,SRS5,2/1/06,-29.57142857
1179,SRS5,3/1/06,-22.98064516
1180,SRS5,4/1/06,-22.09
1181,SRS5,5/1/06,-13.91612903
1182,SRS5,6/1/06,-19.02
1183,SRS5,7/1/06,-20.2
1184,SRS5,8/1/06,-13.60967742
1185,SRS5,9/1/06,-3.24
1186,SRS5,10/1/06,-9.512903226
1187,SRS5,11/1/06,-14.45333333
1188,SRS5,12/1/06,-26.94193548
1189,SRS5,1/1/07,-28.60645161
1190,SRS5,2/1/07,-30.60714286
1191,SRS5,3/1/07,-31.69677419
1192,SRS5,4/1/07,-24.66333333
1193,SRS5,5/1/07,-15.7
1194,SRS5,6/1/07,-11.37
1195,SRS5,7/1/07,-12.77419355
1196,SRS5,8/1/07,-10.20645161
1197,SRS5,9/1/07,-6.206666667
1198,SRS5,10/1/07,-6.938709677
1199,SRS5,11/1/07,-14.43333333
1200,SRS5,12/1/07,-24.73548387
1201,SRS5,1/1/08,-31.17741935
1202,SRS5,2/1/08,-32.91034483
1203,SRS5,3/1/08,-33.58387097
1204,SRS5,4/1/08,-20.47
1205,SRS5,5/1/08,-19.16129032
1206,SRS5,6/1/08,-21.56333333
1207,SRS5,7/1/08,-11.26451613
1208,SRS5,8/1/08,-2.780645161
1209,SRS5,9/1/08,1.037037037
1210,SRS5,10/1/08,-5.038709677
1211,SRS5,11/1/08,-12.16333333
1212,SRS5,12/1/08,-26.9
1213,SRS5,1/1/09,-35.18709677
1214,SRS5,2/1/09,-34.53214286
1215,SRS5,3/1/09,-26.10967742
1216,SRS5,4/1/09,-25.34333333
1217,SRS5,5/1/09,-19.87096774
1218,SRS5,6/1/09,-5.226666667
1219,SRS5,7/1/09,-8.5
1220,SRS5,8/1/09,-8.212903226
1221,SRS5,9/1/09,6.856666667
1222,SRS5,10/1/09,-1.229032258
1223,SRS5,11/1/09,-6.17
1224,SRS5,12/1/09,-10.70322581
1225,SRS5,1/1/10,-22.9516129
1226,SRS5,2/1/10,-18.95357143
1227,SRS5,3/1/10,-20.11612903
1228,SRS5,4/1/10,-25.48
1229,SRS5,5/1/10,-22.49677419
1230,SRS5,6/1/10,-14.67333333
1231,SRS5,7/1/10,-13.55483871
1232,SRS5,8/1/10,-5.377419355
1233,SRS5,9/1/10,-1.33
1234,SRS5,10/1/10,-6.974193548
1235,SRS5,11/1/10,-13.78666667
1236,SRS5,12/1/10,-23.72903226
1237,SRS5,1/1/11,-30.08387097
1238,SRS5,2/1/11,-32.53928571
1239,SRS5,3/1/11,-26.67741935
1240,SRS5,4/1/11,-24.04
1241,SRS5,5/1/11,-20.82580645
1242,SRS5,6/1/11,-17.69666667
1243,SRS5,7/1/11,-10.30322581
1244,SRS5,8/1/11,-3.24516129
1245,SRS5,9/1/11,-3.253333333
1246,SRS5,10/1/11,-7.761290323
1247,SRS5,11/1/11,-12.15333333
1248,SRS5,12/1/11,-19.11935484
1249,SRS5,1/1/12,-26.6
1250,SRS5,2/1/12,-21.34482759
1251,SRS5,3/1/12,-23.81290323
1252,SRS5,4/1/12,-14.96333333
1253,SRS5,5/1/12,-10.5
1254,SRS5,6/1/12,-0.6
1255,SRS5,7/1/12,-6.55483871
1256,SRS5,8/1/12,-3.193548387
1257,SRS5,9/1/12,-4.11
1258,SRS5,10/1/12,0.638709677
1259,SRS5,11/1/12,-0.086666667
1260,SRS5,12/1/12,-11.48064516
1261,SRS5,1/1/13,-19.01612903
1262,SRS5,2/1/13,-20.675
1263,SRS5,3/1/13,-12.33225806
1264,SRS5,4/1/13,-22.08333333
1265,SRS5,5/1/13,-14.99677419
1266,SRS5,6/1/13,-14.01333333
1267,SRS5,7/1/13,-6.874193548
1268,SRS5,8/1/13,-9
1269,SRS5,9/1/13,0.24
1270,SRS5,10/1/13,1.835483871
1271,SRS5,11/1/13,-6.323333333
1272,SRS5,12/1/13,-11.57741935
1273,SRS5,1/1/14,-15.48064516
1274,SRS5,2/1/14,-9.792857143
1275,SRS5,3/1/14,-14.47741935
1276,SRS5,4/1/14,-15.55666667
1277,SRS5,5/1/14,-19.58387097
1278,SRS5,6/1/14,-14.2
1279,SRS5,7/1/14,-10.55806452
1280,SRS5,8/1/14,-5.509677419
1281,SRS5,9/1/14,-2.473333333
1282,SRS5,10/1/14,-1.435483871
1283,SRS5,11/1/14,-21.85666667
1284,SRS5,12/1/14,-19.92258065
1285,SRS5,1/1/15,-20.33548387
1286,SRS5,2/1/15,-11.9
1287,SRS5,3/1/15,-15.49354839
1288,SRS5,4/1/15,-17.95
1289,SRS5,5/1/15,-19.2516129
1290,SRS5,6/1/15,-18.55333333
1291,SRS5,7/1/15,-12.46774194
1292,SRS5,8/1/15,-5.35483871
1293,SRS5,9/1/15,0.333333333
1294,SRS5,10/1/15,8.622580645
1295,SRS5,11/1/15,-8.216666667
1296,SRS5,12/1/15,-9.025806452
1297,SRS5,1/1/16,-7.074193548
1298,SRS5,2/1/16,-12.70344828
1299,SRS5,3/1/16,-18.53870968
1300,SRS5,4/1/16,-13.69333333
1301,SRS5,5/1/16,-8.006451613
1302,SRS5,6/1/16,-9.39
1303,SRS5,7/1/16,-14.81612903
1304,SRS5,8/1/16,-10.06451613
1305,SRS5,9/1/16,-2.063333333
1306,SRS5,10/1/16,-1.819354839
1307,SRS5,11/1/16,-4.386666667
1308,SRS5,12/1/16,-19.12903226
1309,SRS5,1/1/17,-17.1516129
1310,SRS5,2/1/17,-23.1
1311,SRS5,3/1/17,-27.9
1312,SRS5,4/1/17,-17.12333333
1313,SRS5,5/1/17,-16.58709677
1314,SRS5,6/1/17,-11.90666667
1315,SRS5,7/1/17,-8.835483871
1316,SRS5,8/1/17,-5.235483871
1317,SRS5,9/1/17,5.736666667
1318,SRS5,10/1/17,3.183870968
1319,SRS5,11/1/17,-3.796666667
1320,SRS5,12/1/17,-12.17096774
1321,SRS5,1/1/18,-27.11935484
1322,SRS5,2/1/18,-26.44285714
1323,SRS5,3/1/18,-11.85806452
1324,SRS5,4/1/18,-16.90333333
1325,SRS5,5/1/18,-18.34516129
1326,SRS5,6/1/18,-13.72333333
1327,SRS5,7/1/18,-7.44516129
1328,SRS5,8/1/18,-9.170967742
1329,SRS5,9/1/18,-0.76
1330,SRS5,10/1/18,-5.196774194
1331,SRS5,11/1/18,-8.546666667
1332,SRS5,12/1/18,-10.59354839
1333,SRS5,1/1/19,-18.95806452
1334,SRS5,2/1/19,-17.11071429
1335,SRS5,3/1/19,-12.22258065
1336,SRS5,4/1/19,-11.94
1337,SRS5,5/1/19,-11.95806452
1338,SRS5,6/1/19,-5.09
1339,SRS5,7/1/19,-4.190322581
1340,SRS5,8/1/19,-0.1
1341,SRS5,9/1/19,2.123333333
1342,SRS5,10/1/19,12.42580645
1343,SRS5,11/1/19,3.083333333
1344,SRS5,12/1/19,-11.91290323
1345,SRS5,1/1/20,-18.52903226
1346,SRS5,2/1/20,-22.85862069
1347,SRS5,3/1/20,-23.11612903
1348,SRS5,4/1/20,-6.45
1349,SRS5,5/1/20,-13.8516129
1350,SRS5,6/1/20,-6.993333333
1351,SRS5,7/1/20,-7.167741935
1352,SRS5,8/1/20,-2.609677419
1353,SRS5,9/1/20,6.956666667
1354,SRS5,10/1/20,9.506451613
1355,SRS5,11/1/20,-0.77
1356,SRS5,12/1/20,-13.29354839
1357,SRS5,1/1/21,-16.98387097
1358,SRS5,2/1/21,-13.63214286
1359,SRS5,3/1/21,-14.75483871
1360,SRS5,4/1/21,-12.72
1361,SRS5,5/1/21,-19.76129032
1362,SRS5,6/1/21,-13.08
1363,SRS5,7/1/21,-11.33548387
1364,SRS5,8/1/21,-5.425806452
1365,SRS5,9/1/21,-0.606666667
1366,SRS5,10/1/21,8.419354839
1367,SRS5,11/1/21,5.04
1368,SRS5,12/1/21,-4.393548387
1369,SRS5,1/1/22,-7.541935484
1370,SRS5,2/1/22,-15.18571429
1371,SRS5,3/1/22,-16.83548387
1372,SRS5,4/1/22,-15.80666667
1373,SRS5,5/1/22,-6.548387097
1374,SRS5,6/1/22,-2.293333333
1375,SRS5,7/1/22,-10.32903226
1376,SRS5,8/1/22,-2.896774194
1377,SRS5,9/1/22,10.25333333
1378,SRS5,10/1/22,10.25806452
1379,SRS5,11/1/22,5.616666667
1380,SRS5,12/1/22,-2.609677419
1381,SRS6,1/1/00,
1382,SRS6,2/1/00,
1383,SRS6,3/1/00,
1384,SRS6,4/1/00,
1385,SRS6,5/1/00,
1386,SRS6,6/1/00,
1387,SRS6,7/1/00,
1388,SRS6,8/1/00,
1389,SRS6,9/1/00,
1390,SRS6,10/1/00,
1391,SRS6,11/1/00,
1392,SRS6,12/1/00,
1393,SRS6,1/1/01,
1394,SRS6,2/1/01,
1395,SRS6,3/1/01,-26.76875
1396,SRS6,4/1/01,-35.97
1397,SRS6,5/1/01,-26.56129032
1398,SRS6,6/1/01,-26.61666667
1399,SRS6,7/1/01,-15.30645161
1400,SRS6,8/1/01,-11.3
1401,SRS6,9/1/01,-1.886666667
1402,SRS6,10/1/01,-7.287096774
1403,SRS6,11/1/01,-7.523333333
1404,SRS6,12/1/01,-16.79677419
1405,SRS6,1/1/02,-25.71290323
1406,SRS6,2/1/02,-25.70357143
1407,SRS6,3/1/02,-30.93870968
1408,SRS6,4/1/02,-26.22333333
1409,SRS6,5/1/02,-25.64193548
1410,SRS6,6/1/02,-12.10666667
1411,SRS6,7/1/02,-17.37096774
1412,SRS6,8/1/02,-12.68064516
1413,SRS6,9/1/02,-7.2
1414,SRS6,10/1/02,-3.941935484
1415,SRS6,11/1/02,-16.54333333
1416,SRS6,12/1/02,-27.40322581
1417,SRS6,1/1/03,-31.28709677
1418,SRS6,2/1/03,-33.75714286
1419,SRS6,3/1/03,-18.70967742
1420,SRS6,4/1/03,-17.53666667
1421,SRS6,5/1/03,-18.4516129
1422,SRS6,6/1/03,-19.89333333
1423,SRS6,7/1/03,-19.04193548
1424,SRS6,8/1/03,-14.93225806
1425,SRS6,9/1/03,-3.01
1426,SRS6,10/1/03,-6.470967742
1427,SRS6,11/1/03,-13.61
1428,SRS6,12/1/03,-25.42173913
1429,SRS6,1/1/04,-23.61666667
1430,SRS6,2/1/04,-27.144
1431,SRS6,3/1/04,-29.3
1432,SRS6,4/1/04,-26.26071429
1433,SRS6,5/1/04,-29.55
1434,SRS6,6/1/04,-20.26333333
1435,SRS6,7/1/04,-17.03548387
1436,SRS6,8/1/04,-12.1516129
1437,SRS6,9/1/04,-4.78
1438,SRS6,10/1/04,-9.096774194
1439,SRS6,11/1/04,-12.012
1440,SRS6,12/1/04,-29.07419355
1441,SRS6,1/1/05,-25.52903226
1442,SRS6,2/1/05,-17.5
1443,SRS6,3/1/05,-27.06774194
1444,SRS6,4/1/05,-21.65
1445,SRS6,5/1/05,-18.50645161
1446,SRS6,6/1/05,-15.44
1447,SRS6,7/1/05,-17.79032258
1448,SRS6,8/1/05,-10.10645161
1449,SRS6,9/1/05,-1.796666667
1450,SRS6,10/1/05,-4.574193548
1451,SRS6,11/1/05,-16.83333333
1452,SRS6,12/1/05,-25.27741935
1453,SRS6,1/1/06,-30.16129032
1454,SRS6,2/1/06,-29.57142857
1455,SRS6,3/1/06,-22.98064516
1456,SRS6,4/1/06,-22.09
1457,SRS6,5/1/06,-13.91612903
1458,SRS6,6/1/06,-19.02
1459,SRS6,7/1/06,-20.2
1460,SRS6,8/1/06,-13.60967742
1461,SRS6,9/1/06,-3.24
1462,SRS6,10/1/06,-9.512903226
1463,SRS6,11/1/06,-14.45333333
1464,SRS6,12/1/06,-26.94193548
1465,SRS6,1/1/07,-28.60645161
1466,SRS6,2/1/07,-30.60714286
1467,SRS6,3/1/07,-31.69677419
1468,SRS6,4/1/07,-24.66333333
1469,SRS6,5/1/07,-15.7
1470,SRS6,6/1/07,-11.37
1471,SRS6,7/1/07,-12.77419355
1472,SRS6,8/1/07,-10.20645161
1473,SRS6,9/1/07,-6.206666667
1474,SRS6,10/1/07,-6.938709677
1475,SRS6,11/1/07,-14.43333333
1476,SRS6,12/1/07,-24.73548387
1477,SRS6,1/1/08,-31.17741935
1478,SRS6,2/1/08,-32.91034483
1479,SRS6,3/1/08,-33.58387097
1480,SRS6,4/1/08,-20.47
1481,SRS6,5/1/08,-19.16129032
1482,SRS6,6/1/08,-21.56333333
1483,SRS6,7/1/08,-11.26451613
1484,SRS6,8/1/08,-2.780645161
1485,SRS6,9/1/08,1.037037037
1486,SRS6,10/1/08,-5.038709677
1487,SRS6,11/1/08,-12.16333333
1488,SRS6,12/1/08,-26.9
1489,SRS6,1/1/09,-35.18709677
1490,SRS6,2/1/09,-34.53214286
1491,SRS6,3/1/09,-26.10967742
1492,SRS6,4/1/09,-25.34333333
1493,SRS6,5/1/09,-19.87096774
1494,SRS6,6/1/09,-5.226666667
1495,SRS6,7/1/09,-8.5
1496,SRS6,8/1/09,-8.212903226
1497,SRS6,9/1/09,6.856666667
1498,SRS6,10/1/09,-1.229032258
1499,SRS6,11/1/09,-6.17
1500,SRS6,12/1/09,-10.70322581
1501,SRS6,1/1/10,-22.9516129
1502,SRS6,2/1/10,-18.95357143
1503,SRS6,3/1/10,-20.11612903
1504,SRS6,4/1/10,-25.48
1505,SRS6,5/1/10,-22.49677419
1506,SRS6,6/1/10,-14.67333333
1507,SRS6,7/1/10,-13.55483871
1508,SRS6,8/1/10,-5.377419355
1509,SRS6,9/1/10,-1.33
1510,SRS6,10/1/10,-6.974193548
1511,SRS6,11/1/10,-13.78666667
1512,SRS6,12/1/10,-23.72903226
1513,SRS6,1/1/11,-30.08387097
1514,SRS6,2/1/11,-32.53928571
1515,SRS6,3/1/11,-26.67741935
1516,SRS6,4/1/11,-24.04
1517,SRS6,5/1/11,-20.82580645
1518,SRS6,6/1/11,-17.69666667
1519,SRS6,7/1/11,-10.30322581
1520,SRS6,8/1/11,-3.24516129
1521,SRS6,9/1/11,-3.253333333
1522,SRS6,10/1/11,-7.761290323
1523,SRS6,11/1/11,-12.15333333
1524,SRS6,12/1/11,-19.11935484
1525,SRS6,1/1/12,-26.6
1526,SRS6,2/1/12,-21.34482759
1527,SRS6,3/1/12,-23.81290323
1528,SRS6,4/1/12,-14.96333333
1529,SRS6,5/1/12,-10.5
1530,SRS6,6/1/12,-0.6
1531,SRS6,7/1/12,-6.55483871
1532,SRS6,8/1/12,-3.193548387
1533,SRS6,9/1/12,-4.11
1534,SRS6,10/1/12,0.638709677
1535,SRS6,11/1/12,-0.086666667
1536,SRS6,12/1/12,-11.48064516
1537,SRS6,1/1/13,-19.01612903
1538,SRS6,2/1/13,-20.675
1539,SRS6,3/1/13,-12.33225806
1540,SRS6,4/1/13,-22.08333333
1541,SRS6,5/1/13,-14.99677419
1542,SRS6,6/1/13,-14.01333333
1543,SRS6,7/1/13,-6.874193548
1544,SRS6,8/1/13,-9
1545,SRS6,9/1/13,0.24
1546,SRS6,10/1/13,1.835483871
1547,SRS6,11/1/13,-6.323333333
1548,SRS6,12/1/13,-11.57741935
1549,SRS6,1/1/14,-15.48064516
1550,SRS6,2/1/14,-9.792857143
1551,SRS6,3/1/14,-14.47741935
1552,SRS6,4/1/14,-15.55666667
1553,SRS6,5/1/14,-19.58387097
1554,SRS6,6/1/14,-14.2
1555,SRS6,7/1/14,-10.55806452
1556,SRS6,8/1/14,-5.509677419
1557,SRS6,9/1/14,-2.473333333
1558,SRS6,10/1/14,-1.435483871
1559,SRS6,11/1/14,-21.85666667
1560,SRS6,12/1/14,-19.92258065
1561,SRS6,1/1/15,-20.33548387
1562,SRS6,2/1/15,-11.9
1563,SRS6,3/1/15,-15.49354839
1564,SRS6,4/1/15,-17.95
1565,SRS6,5/1/15,-19.2516129
1566,SRS6,6/1/15,-18.55333333
1567,SRS6,7/1/15,-12.46774194
1568,SRS6,8/1/15,-5.35483871
1569,SRS6,9/1/15,0.333333333
1570,SRS6,10/1/15,8.622580645
1571,SRS6,11/1/15,-8.216666667
1572,SRS6,12/1/15,-9.025806452
1573,SRS6,1/1/16,-7.074193548
1574,SRS6,2/1/16,-12.70344828
1575,SRS6,3/1/16,-18.53870968
1576,SRS6,4/1/16,-13.69333333
1577,SRS6,5/1/16,-8.006451613
1578,SRS6,6/1/16,-9.39
1579,SRS6,7/1/16,-14.81612903
1580,SRS6,8/1/16,-10.06451613
1581,SRS6,9/1/16,-2.063333333
1582,SRS6,10/1/16,-1.819354839
1583,SRS6,11/1/16,-4.386666667
1584,SRS6,12/1/16,-19.12903226
1585,SRS6,1/1/17,-17.1516129
1586,SRS6,2/1/17,-23.1
1587,SRS6,3/1/17,-27.9
1588,SRS6,4/1/17,-17.12333333
1589,SRS6,5/1/17,-16.58709677
1590,SRS6,6/1/17,-11.90666667
1591,SRS6,7/1/17,-8.835483871
1592,SRS6,8/1/17,-5.235483871
1593,SRS6,9/1/17,5.736666667
1594,SRS6,10/1/17,3.183870968
1595,SRS6,11/1/17,-3.796666667
1596,SRS6,12/1/17,-12.17096774
1597,SRS6,1/1/18,-27.11935484
1598,SRS6,2/1/18,-26.44285714
1599,SRS6,3/1/18,-11.85806452
1600,SRS6,4/1/18,-16.90333333
1601,SRS6,5/1/18,-18.34516129
1602,SRS6,6/1/18,-13.72333333
1603,SRS6,7/1/18,-7.44516129
1604,SRS6,8/1/18,-9.170967742
1605,SRS6,9/1/18,-0.76
1606,SRS6,10/1/18,-5.196774194
1607,SRS6,11/1/18,-8.546666667
1608,SRS6,12/1/18,-10.59354839
1609,SRS6,1/1/19,-18.95806452
1610,SRS6,2/1/19,-17.11071429
1611,SRS6,3/1/19,-12.22258065
1612,SRS6,4/1/19,-11.94
1613,SRS6,5/1/19,-11.95806452
1614,SRS6,6/1/19,-5.09
1615,SRS6,7/1/19,-4.190322581
1616,SRS6,8/1/19,-0.1
1617,SRS6,9/1/19,2.123333333
1618,SRS6,10/1/19,12.42580645
1619,SRS6,11/1/19,3.083333333
1620,SRS6,12/1/19,-11.91290323
1621,SRS6,1/1/20,-18.52903226
1622,SRS6,2/1/20,-22.85862069
1623,SRS6,3/1/20,-23.11612903
1624,SRS6,4/1/20,-6.45
1625,SRS6,5/1/20,-13.8516129
1626,SRS6,6/1/20,-6.993333333
1627,SRS6,7/1/20,-7.167741935
1628,SRS6,8/1/20,-2.609677419
1629,SRS6,9/1/20,6.956666667
1630,SRS6,10/1/20,9.506451613
1631,SRS6,11/1/20,-0.77
1632,SRS6,12/1/20,-13.29354839
1633,SRS6,1/1/21,-16.98387097
1634,SRS6,2/1/21,-13.63214286
1635,SRS6,3/1/21,-14.75483871
1636,SRS6,4/1/21,-12.72
1637,SRS6,5/1/21,-19.76129032
1638,SRS6,6/1/21,-13.08
1639,SRS6,7/1/21,-11.33548387
1640,SRS6,8/1/21,-5.425806452
1641,SRS6,9/1/21,-0.606666667
1642,SRS6,10/1/21,8.419354839
1643,SRS6,11/1/21,5.04
1644,SRS6,12/1/21,-4.393548387
1645,SRS6,1/1/22,-7.541935484
1646,SRS6,2/1/22,-15.18571429
1647,SRS6,3/1/22,-16.83548387
1648,SRS6,4/1/22,-15.80666667
1649,SRS6,5/1/22,-6.548387097
1650,SRS6,6/1/22,-2.293333333
1651,SRS6,7/1/22,-10.32903226
1652,SRS6,8/1/22,-2.896774194
1653,SRS6,9/1/22,10.25333333
1654,SRS6,10/1/22,10.25806452
1655,SRS6,11/1/22,5.616666667
1656,SRS6,12/1/22,-2.609677419
1657,TSPh1,1/1/00,113.8935484
1658,TSPh1,2/1/00,101.4551724
1659,TSPh1,3/1/00,70.49354839
1660,TSPh1,4/1/00,65.27
1661,TSPh1,5/1/00,46.38064516
1662,TSPh1,6/1/00,78.00333333
1663,TSPh1,7/1/00,106.483871
1664,TSPh1,8/1/00,120.9193548
1665,TSPh1,9/1/00,123.7633333
1666,TSPh1,10/1/00,132.1290323
1667,TSPh1,11/1/00,100.93
1668,TSPh1,12/1/00,70.20967742
1669,TSPh1,1/1/01,46.07096774
1670,TSPh1,2/1/01,37.075
1671,TSPh1,3/1/01,34.98709677
1672,TSPh1,4/1/01,30.81333333
1673,TSPh1,5/1/01,40.07096774
1674,TSPh1,6/1/01,71.82333333
1675,TSPh1,7/1/01,93.14193548
1676,TSPh1,8/1/01,115.0870968
1677,TSPh1,9/1/01,119.5266667
1678,TSPh1,10/1/01,130.0677419
1679,TSPh1,11/1/01,125.1
1680,TSPh1,12/1/01,112.9870968
1681,TSPh1,1/1/02,99.21290323
1682,TSPh1,2/1/02,73.21428571
1683,TSPh1,3/1/02,63.05806452
1684,TSPh1,4/1/02,54.40666667
1685,TSPh1,5/1/02,33.29354839
1686,TSPh1,6/1/02,93.65
1687,TSPh1,7/1/02,120.5645161
1688,TSPh1,8/1/02,120.4483871
1689,TSPh1,9/1/02,122.2233333
1690,TSPh1,10/1/02,107.8677419
1691,TSPh1,11/1/02,76.70333333
1692,TSPh1,12/1/02,84.41612903
1693,TSPh1,1/1/03,60.67741935
1694,TSPh1,2/1/03,49.31071429
1695,TSPh1,3/1/03,66.62580645
1696,TSPh1,4/1/03,75.58666667
1697,TSPh1,5/1/03,90.22580645
1698,TSPh1,6/1/03,113.52
1699,TSPh1,7/1/03,104.7032258
1700,TSPh1,8/1/03,124.2096774
1701,TSPh1,9/1/03,125.98
1702,TSPh1,10/1/03,120.4354839
1703,TSPh1,11/1/03,124.42
1704,TSPh1,12/1/03,115.9612903
1705,TSPh1,1/1/04,88.08387097
1706,TSPh1,2/1/04,75.98275862
1707,TSPh1,3/1/04,53.99032258
1708,TSPh1,4/1/04,33.71333333
1709,TSPh1,5/1/04,29.65483871
1710,TSPh1,6/1/04,13.58
1711,TSPh1,7/1/04,53.56129032
1712,TSPh1,8/1/04,111.0806452
1713,TSPh1,9/1/04,107.8966667
1714,TSPh1,10/1/04,114.9451613
1715,TSPh1,11/1/04,117.3633333
1716,TSPh1,12/1/04,105.0709677
1717,TSPh1,1/1/05,80.70645161
1718,TSPh1,2/1/05,63.26785714
1719,TSPh1,3/1/05,64.40322581
1720,TSPh1,4/1/05,60.94666667
1721,TSPh1,5/1/05,63.49354839
1722,TSPh1,6/1/05,110.3866667
1723,TSPh1,7/1/05,117.8064516
1724,TSPh1,8/1/05,124.8064516
1725,TSPh1,9/1/05,135.94
1726,TSPh1,10/1/05,131.1193548
1727,TSPh1,11/1/05,122.55
1728,TSPh1,12/1/05,115.7870968
1729,TSPh1,1/1/06,96.21935484
1730,TSPh1,2/1/06,78.19285714
1731,TSPh1,3/1/06,62.04193548
1732,TSPh1,4/1/06,38.84333333
1733,TSPh1,5/1/06,45.74516129
1734,TSPh1,6/1/06,69.09
1735,TSPh1,7/1/06,103.2967742
1736,TSPh1,8/1/06,101.8258065
1737,TSPh1,9/1/06,119.0533333
1738,TSPh1,10/1/06,82.15483871
1739,TSPh1,11/1/06,72.12333333
1740,TSPh1,12/1/06,59.52258065
1741,TSPh1,1/1/07,62.68064516
1742,TSPh1,2/1/07,50.84285714
1743,TSPh1,3/1/07,39.07741935
1744,TSPh1,4/1/07,57.42333333
1745,TSPh1,5/1/07,54.73870968
1746,TSPh1,6/1/07,98.65333333
1747,TSPh1,7/1/07,103.2354839
1748,TSPh1,8/1/07,95.25483871
1749,TSPh1,9/1/07,81
1750,TSPh1,10/1/07,107.6451613
1751,TSPh1,11/1/07,88.42
1752,TSPh1,12/1/07,49.97419355
1753,TSPh1,1/1/08,33.43548387
1754,TSPh1,2/1/08,45.11724138
1755,TSPh1,3/1/08,43.14193548
1756,TSPh1,4/1/08,58.96
1757,TSPh1,5/1/08,22.29354839
1758,TSPh1,6/1/08,44.85
1759,TSPh1,7/1/08,88.14516129
1760,TSPh1,8/1/08,103.1870968
1761,TSPh1,9/1/08,121.7233333
1762,TSPh1,10/1/08,134.1064516
1763,TSPh1,11/1/08,126.8933333
1764,TSPh1,12/1/08,117.6419355
1765,TSPh1,1/1/09,88.98709677
1766,TSPh1,2/1/09,44.17857143
1767,TSPh1,3/1/09,39.77096774
1768,TSPh1,4/1/09,17.24
1769,TSPh1,5/1/09,26.82580645
1770,TSPh1,6/1/09,107.48
1771,TSPh1,7/1/09,122.0129032
1772,TSPh1,8/1/09,128.0935484
1773,TSPh1,9/1/09,135.3366667
1774,TSPh1,10/1/09,126.0225806
1775,TSPh1,11/1/09,110.7333333
1776,TSPh1,12/1/09,110.4258065
1777,TSPh1,1/1/10,92.16451613
1778,TSPh1,2/1/10,89.73214286
1779,TSPh1,3/1/10,74.96774194
1780,TSPh1,4/1/10,76.93
1781,TSPh1,5/1/10,90.37419355
1782,TSPh1,6/1/10,111.0433333
1783,TSPh1,7/1/10,113.6935484
1784,TSPh1,8/1/10,123.9806452
1785,TSPh1,9/1/10,129.4133333
1786,TSPh1,10/1/10,120.0967742
1787,TSPh1,11/1/10,99.01
1788,TSPh1,12/1/10,58.16451613
1789,TSPh1,1/1/11,57.55806452
1790,TSPh1,2/1/11,42.51785714
1791,TSPh1,3/1/11,22.84516129
1792,TSPh1,4/1/11,10.99666667
1793,TSPh1,5/1/11,-11.38387097
1794,TSPh1,6/1/11,5.736666667
1795,TSPh1,7/1/11,86.99677419
1796,TSPh1,8/1/11,97.07096774
1797,TSPh1,9/1/11,108.4566667
1798,TSPh1,10/1/11,116.7064516
1799,TSPh1,11/1/11,121.7533333
1800,TSPh1,12/1/11,108.5516129
1801,TSPh1,1/1/12,68.46129032
1802,TSPh1,2/1/12,64.74482759
1803,TSPh1,3/1/12,37.62580645
1804,TSPh1,4/1/12,44.62
1805,TSPh1,5/1/12,105.7193548
1806,TSPh1,6/1/12,123.86
1807,TSPh1,7/1/12,129.9580645
1808,TSPh1,8/1/12,131.3935484
1809,TSPh1,9/1/12,136.98
1810,TSPh1,10/1/12,140.1677419
1811,TSPh1,11/1/12,129.7
1812,TSPh1,12/1/12,115.8064516
1813,TSPh1,1/1/13,93.82580645
1814,TSPh1,2/1/13,59.25357143
1815,TSPh1,3/1/13,39.37741935
1816,TSPh1,4/1/13,55.97
1817,TSPh1,5/1/13,84.38709677
1818,TSPh1,6/1/13,117.04
1819,TSPh1,7/1/13,134.4
1820,TSPh1,8/1/13,131.383871
1821,TSPh1,9/1/13,134.38
1822,TSPh1,10/1/13,130.5193548
1823,TSPh1,11/1/13,108.61
1824,TSPh1,12/1/13,118.9677419
1825,TSPh1,1/1/14,102.3387097
1826,TSPh1,2/1/14,98.94642857
1827,TSPh1,3/1/14,67.82580645
1828,TSPh1,4/1/14,39.49
1829,TSPh1,5/1/14,23.09677419
1830,TSPh1,6/1/14,71.96333333
1831,TSPh1,7/1/14,107.316129
1832,TSPh1,8/1/14,120.1290323
1833,TSPh1,9/1/14,114.1966667
1834,TSPh1,10/1/14,118.8580645
1835,TSPh1,11/1/14,113.69
1836,TSPh1,12/1/14,103.1193548
1837,TSPh1,1/1/15,83.96451613
1838,TSPh1,2/1/15,45.73214286
1839,TSPh1,3/1/15,35.87741935
1840,TSPh1,4/1/15,23.96
1841,TSPh1,5/1/15,59.53548387
1842,TSPh1,6/1/15,57.86333333
1843,TSPh1,7/1/15,70.66774194
1844,TSPh1,8/1/15,80.02258065
1845,TSPh1,9/1/15,110.63
1846,TSPh1,10/1/15,111.8645161
1847,TSPh1,11/1/15,94.75666667
1848,TSPh1,12/1/15,128.0580645
1849,TSPh1,1/1/16,122.1193548
1850,TSPh1,2/1/16,125.5206897
1851,TSPh1,3/1/16,108.9322581
1852,TSPh1,4/1/16,105.8266667
1853,TSPh1,5/1/16,115.7612903
1854,TSPh1,6/1/16,121.49
1855,TSPh1,7/1/16,124.4935484
1856,TSPh1,8/1/16,132.7387097
1857,TSPh1,9/1/16,140.48
1858,TSPh1,10/1/16,137.2935484
1859,TSPh1,11/1/16,130.89
1860,TSPh1,12/1/16,108.7419355
1861,TSPh1,1/1/17,80.27096774
1862,TSPh1,2/1/17,58.675
1863,TSPh1,3/1/17,49.70322581
1864,TSPh1,4/1/17,39.06333333
1865,TSPh1,5/1/17,42.91935484
1866,TSPh1,6/1/17,93.41666667
1867,TSPh1,7/1/17,120.1483871
1868,TSPh1,8/1/17,122.8903226
1869,TSPh1,9/1/17,138.7566667
1870,TSPh1,10/1/17,146.0193548
1871,TSPh1,11/1/17,142.7266667
1872,TSPh1,12/1/17,140.2741935
1873,TSPh1,1/1/18,133.8
1874,TSPh1,2/1/18,125.375
1875,TSPh1,3/1/18,100.7709677
1876,TSPh1,4/1/18,48.03
1877,TSPh1,5/1/18,69.81935484
1878,TSPh1,6/1/18,103.0766667
1879,TSPh1,7/1/18,115.1387097
1880,TSPh1,8/1/18,120.9322581
1881,TSPh1,9/1/18,137.4066667
1882,TSPh1,10/1/18,131.6774194
1883,TSPh1,11/1/18,123.12
1884,TSPh1,12/1/18,114.5645161
1885,TSPh1,1/1/19,108.183871
1886,TSPh1,2/1/19,108.7035714
1887,TSPh1,3/1/19,80.03870968
1888,TSPh1,4/1/19,58.39
1889,TSPh1,5/1/19,55.5
1890,TSPh1,6/1/19,86.41666667
1891,TSPh1,7/1/19,115.0870968
1892,TSPh1,8/1/19,129.1645161
1893,TSPh1,9/1/19,125.5333333
1894,TSPh1,10/1/19,126.2354839
1895,TSPh1,11/1/19,121.0966667
1896,TSPh1,12/1/19,116.5451613
1897,TSPh1,1/1/20,117.3064516
1898,TSPh1,2/1/20,113.6172414
1899,TSPh1,3/1/20,77.16451613
1900,TSPh1,4/1/20,21.46333333
1901,TSPh1,5/1/20,44.60645161
1902,TSPh1,6/1/20,117.64
1903,TSPh1,7/1/20,121.5645161
1904,TSPh1,8/1/20,135.5580645
1905,TSPh1,9/1/20,139.4166667
1906,TSPh1,10/1/20,147.0032258
1907,TSPh1,11/1/20,151.96
1908,TSPh1,12/1/20,148.9580645
1909,TSPh1,1/1/21,138.5096774
1910,TSPh1,2/1/21,136.7607143
1911,TSPh1,3/1/21,121.3548387
1912,TSPh1,4/1/21,84.83333333
1913,TSPh1,5/1/21,52.87096774
1914,TSPh1,6/1/21,79.56
1915,TSPh1,7/1/21,105.5032258
1916,TSPh1,8/1/21,118.5225806
1917,TSPh1,9/1/21,131.2533333
1918,TSPh1,10/1/21,133.2483871
1919,TSPh1,11/1/21,133.2566667
1920,TSPh1,12/1/21,126.2870968
1921,TSPh1,1/1/22,127.2645161
1922,TSPh1,2/1/22,123.6178571
1923,TSPh1,3/1/22,105.3548387
1924,TSPh1,4/1/22,85.30666667
1925,TSPh1,5/1/22,91.58709677
1926,TSPh1,6/1/22,129.2233333
1927,TSPh1,7/1/22,120.4612903
1928,TSPh1,8/1/22,126.9451613
1929,TSPh1,9/1/22,129.88
1930,TSPh1,10/1/22,136.4548387
1931,TSPh1,11/1/22,124.6733333
1932,TSPh1,12/1/22,125.5
1933,TSPh2,1/1/00,99.68064516
1934,TSPh2,2/1/00,91.61724138
1935,TSPh2,3/1/00,42.17096774
1936,TSPh2,4/1/00,41.06666667
1937,TSPh2,5/1/00,7.690322581
1938,TSPh2,6/1/00,47.37333333
1939,TSPh2,7/1/00,75.62580645
1940,TSPh2,8/1/00,96.78709677
1941,TSPh2,9/1/00,96.90666667
1942,TSPh2,10/1/00,104.9419355
1943,TSPh2,11/1/00,71.73666667
1944,TSPh2,12/1/00,44.98387097
1945,TSPh2,1/1/01,24.52903226
1946,TSPh2,2/1/01,9.435714286
1947,TSPh2,3/1/01,10.53225806
1948,TSPh2,4/1/01,2.476666667
1949,TSPh2,5/1/01,18.80322581
1950,TSPh2,6/1/01,42.18
1951,TSPh2,7/1/01,57.93548387
1952,TSPh2,8/1/01,87.42580645
1953,TSPh2,9/1/01,90.85
1954,TSPh2,10/1/01,102.2
1955,TSPh2,11/1/01,94.32
1956,TSPh2,12/1/01,81.43225806
1957,TSPh2,1/1/02,71.27419355
1958,TSPh2,2/1/02,42.52857143
1959,TSPh2,3/1/02,34.08709677
1960,TSPh2,4/1/02,19.16333333
1961,TSPh2,5/1/02,-7.435483871
1962,TSPh2,6/1/02,70.53666667
1963,TSPh2,7/1/02,97.50645161
1964,TSPh2,8/1/02,86.46129032
1965,TSPh2,9/1/02,82.29333333
1966,TSPh2,10/1/02,70.00322581
1967,TSPh2,11/1/02,43.10333333
1968,TSPh2,12/1/02,55.30645161
1969,TSPh2,1/1/03,33.68064516
1970,TSPh2,2/1/03,20.68571429
1971,TSPh2,3/1/03,31.36451613
1972,TSPh2,4/1/03,42.9
1973,TSPh2,5/1/03,51.99677419
1974,TSPh2,6/1/03,82.73666667
1975,TSPh2,7/1/03,71.1516129
1976,TSPh2,8/1/03,90.08709677
1977,TSPh2,9/1/03,96.39333333
1978,TSPh2,10/1/03,91.01612903
1979,TSPh2,11/1/03,90.26333333
1980,TSPh2,12/1/03,82.42903226
1981,TSPh2,1/1/04,55.99677419
1982,TSPh2,2/1/04,51.1137931
1983,TSPh2,3/1/04,28.49677419
1984,TSPh2,4/1/04,5.763333333
1985,TSPh2,5/1/04,-5.14516129
1986,TSPh2,6/1/04,-21.24
1987,TSPh2,7/1/04,18.53225806
1988,TSPh2,8/1/04,86.56129032
1989,TSPh2,9/1/04,76.35
1990,TSPh2,10/1/04,81.42580645
1991,TSPh2,11/1/04,82.66
1992,TSPh2,12/1/04,68.22580645
1993,TSPh2,1/1/05,38.64193548
1994,TSPh2,2/1/05,21.77142857
1995,TSPh2,3/1/05,21.7516129
1996,TSPh2,4/1/05,22.19
1997,TSPh2,5/1/05,13.8483871
1998,TSPh2,6/1/05,73.02
1999,TSPh2,7/1/05,87.55806452
2000,TSPh2,8/1/05,91.69677419
2001,TSPh2,9/1/05,108.6333333
2002,TSPh2,10/1/05,101.7903226
2003,TSPh2,11/1/05,87.33666667
2004,TSPh2,12/1/05,80.28709677
2005,TSPh2,1/1/06,52.37419355
2006,TSPh2,2/1/06,40.88928571
2007,TSPh2,3/1/06,30.08709677
2008,TSPh2,4/1/06,6.483333333
2009,TSPh2,5/1/06,11.35806452
2010,TSPh2,6/1/06,47
2011,TSPh2,7/1/06,74.61935484
2012,TSPh2,8/1/06,71.2
2013,TSPh2,9/1/06,92.69333333
2014,TSPh2,10/1/06,57.90967742
2015,TSPh2,11/1/06,37.42333333
2016,TSPh2,12/1/06,28.81612903
2017,TSPh2,1/1/07,41.05483871
2018,TSPh2,2/1/07,28.62857143
2019,TSPh2,3/1/07,14.38709677
2020,TSPh2,4/1/07,31.73333333
2021,TSPh2,5/1/07,36.3
2022,TSPh2,6/1/07,71.72666667
2023,TSPh2,7/1/07,73.61612903
2024,TSPh2,8/1/07,72.91612903
2025,TSPh2,9/1/07,56.22
2026,TSPh2,10/1/07,79.33548387
2027,TSPh2,11/1/07,60.16
2028,TSPh2,12/1/07,31.01935484
2029,TSPh2,1/1/08,11.91612903
2030,TSPh2,2/1/08,20.66206897
2031,TSPh2,3/1/08,21.40967742
2032,TSPh2,4/1/08,33.64666667
2033,TSPh2,5/1/08,-3.212903226
2034,TSPh2,6/1/08,7.16
2035,TSPh2,7/1/08,56.13225806
2036,TSPh2,8/1/08,68.64516129
2037,TSPh2,9/1/08,94.54666667
2038,TSPh2,10/1/08,107.6387097
2039,TSPh2,11/1/08,98.49666667
2040,TSPh2,12/1/08,89.06451613
2041,TSPh2,1/1/09,62.20645161
2042,TSPh2,2/1/09,25.69285714
2043,TSPh2,3/1/09,12.28064516
2044,TSPh2,4/1/09,-4.726666667
2045,TSPh2,5/1/09,-2.016129032
2046,TSPh2,6/1/09,79.68333333
2047,TSPh2,7/1/09,90.50322581
2048,TSPh2,8/1/09,95.86451613
2049,TSPh2,9/1/09,104.86
2050,TSPh2,10/1/09,92.06451613
2051,TSPh2,11/1/09,75.62333333
2052,TSPh2,12/1/09,77.55806452
2053,TSPh2,1/1/10,56.72903226
2054,TSPh2,2/1/10,54.57857143
2055,TSPh2,3/1/10,43.21612903
2056,TSPh2,4/1/10,34.99
2057,TSPh2,5/1/10,43.43548387
2058,TSPh2,6/1/10,73.36
2059,TSPh2,7/1/10,83.02580645
2060,TSPh2,8/1/10,92.88064516
2061,TSPh2,9/1/10,101.55
2062,TSPh2,10/1/10,93.46774194
2063,TSPh2,11/1/10,68.23333333
2064,TSPh2,12/1/10,37.37419355
2065,TSPh2,1/1/11,35.48064516
2066,TSPh2,2/1/11,28.51785714
2067,TSPh2,3/1/11,5.348387097
2068,TSPh2,4/1/11,-9.026666667
2069,TSPh2,5/1/11,-28.46129032
2070,TSPh2,6/1/11,-12.73666667
2071,TSPh2,7/1/11,61.7516129
2072,TSPh2,8/1/11,71.27741935
2073,TSPh2,9/1/11,79.24
2074,TSPh2,10/1/11,88.24516129
2075,TSPh2,11/1/11,90.59
2076,TSPh2,12/1/11,74.86451613
2077,TSPh2,1/1/12,37.00645161
2078,TSPh2,2/1/12,35.96551724
2079,TSPh2,3/1/12,13.31290323
2080,TSPh2,4/1/12,9.723333333
2081,TSPh2,5/1/12,73.72258065
2082,TSPh2,6/1/12,93.37
2083,TSPh2,7/1/12,101.4064516
2084,TSPh2,8/1/12,100.5645161
2085,TSPh2,9/1/12,106.44
2086,TSPh2,10/1/12,109.7967742
2087,TSPh2,11/1/12,97.45333333
2088,TSPh2,12/1/12,83.73870968
2089,TSPh2,1/1/13,57.97741935
2090,TSPh2,2/1/13,34.17857143
2091,TSPh2,3/1/13,17.65483871
2092,TSPh2,4/1/13,32.85666667
2093,TSPh2,5/1/13,61.72580645
2094,TSPh2,6/1/13,84.66
2095,TSPh2,7/1/13,103.8193548
2096,TSPh2,8/1/13,99.66129032
2097,TSPh2,9/1/13,104.1533333
2098,TSPh2,10/1/13,101.8645161
2099,TSPh2,11/1/13,78.26333333
2100,TSPh2,12/1/13,87.37741935
2101,TSPh2,1/1/14,67.53548387
2102,TSPh2,2/1/14,62.49285714
2103,TSPh2,3/1/14,41.41612903
2104,TSPh2,4/1/14,17.04
2105,TSPh2,5/1/14,-1.912903226
2106,TSPh2,6/1/14,37.52333333
2107,TSPh2,7/1/14,72.26774194
2108,TSPh2,8/1/14,89.37096774
2109,TSPh2,9/1/14,78.84333333
2110,TSPh2,10/1/14,83.43225806
2111,TSPh2,11/1/14,78.13666667
2112,TSPh2,12/1/14,59.77096774
2113,TSPh2,1/1/15,43.03225806
2114,TSPh2,2/1/15,24.69285714
2115,TSPh2,3/1/15,12.03548387
2116,TSPh2,4/1/15,-1.45
2117,TSPh2,5/1/15,34.5516129
2118,TSPh2,6/1/15,42.19
2119,TSPh2,7/1/15,51.03548387
2120,TSPh2,8/1/15,54.86451613
2121,TSPh2,9/1/15,77.53666667
2122,TSPh2,10/1/15,79.08709677
2123,TSPh2,11/1/15,62.25
2124,TSPh2,12/1/15,98.56451613
2125,TSPh2,1/1/16,91.79354839
2126,TSPh2,2/1/16,96.86551724
2127,TSPh2,3/1/16,73.04193548
2128,TSPh2,4/1/16,65.00666667
2129,TSPh2,5/1/16,74.03548387
2130,TSPh2,6/1/16,91.27333333
2131,TSPh2,7/1/16,94.58387097
2132,TSPh2,8/1/16,101.6935484
2133,TSPh2,9/1/16,107.69
2134,TSPh2,10/1/16,103.2903226
2135,TSPh2,11/1/16,94.03666667
2136,TSPh2,12/1/16,74.23870968
2137,TSPh2,1/1/17,53.33225806
2138,TSPh2,2/1/17,34.75714286
2139,TSPh2,3/1/17,29.56129032
2140,TSPh2,4/1/17,20.21
2141,TSPh2,5/1/17,21.19032258
2142,TSPh2,6/1/17,55.80666667
2143,TSPh2,7/1/17,87.61290323
2144,TSPh2,8/1/17,90.46774194
2145,TSPh2,9/1/17,114.6333333
2146,TSPh2,10/1/17,120.1645161
2147,TSPh2,11/1/17,113.02
2148,TSPh2,12/1/17,107.3064516
2149,TSPh2,1/1/18,98.53870968
2150,TSPh2,2/1/18,88.36785714
2151,TSPh2,3/1/18,65.66774194
2152,TSPh2,4/1/18,25.02
2153,TSPh2,5/1/18,38.7516129
2154,TSPh2,6/1/18,77.86666667
2155,TSPh2,7/1/18,84.66451613
2156,TSPh2,8/1/18,89.72903226
2157,TSPh2,9/1/18,109.9933333
2158,TSPh2,10/1/18,100.2064516
2159,TSPh2,11/1/18,86.25333333
2160,TSPh2,12/1/18,74.88709677
2161,TSPh2,1/1/19,64.89677419
2162,TSPh2,2/1/19,67.36428571
2163,TSPh2,3/1/19,45.32258065
2164,TSPh2,4/1/19,34.06333333
2165,TSPh2,5/1/19,25.22580645
2166,TSPh2,6/1/19,50.49333333
2167,TSPh2,7/1/19,78.88709677
2168,TSPh2,8/1/19,100.3096774
2169,TSPh2,9/1/19,96.85
2170,TSPh2,10/1/19,92.81612903
2171,TSPh2,11/1/19,82.94333333
2172,TSPh2,12/1/19,73.51612903
2173,TSPh2,1/1/20,74.59677419
2174,TSPh2,2/1/20,68.1137931
2175,TSPh2,3/1/20,43.2
2176,TSPh2,4/1/20,3.283333333
2177,TSPh2,5/1/20,19.17419355
2178,TSPh2,6/1/20,82.42666667
2179,TSPh2,7/1/20,87.94193548
2180,TSPh2,8/1/20,103.1774194
2181,TSPh2,9/1/20,106.3366667
2182,TSPh2,10/1/20,119.3129032
2183,TSPh2,11/1/20,122.8866667
2184,TSPh2,12/1/20,116.5483871
2185,TSPh2,1/1/21,103.6645161
2186,TSPh2,2/1/21,98.74285714
2187,TSPh2,3/1/21,84.49354839
2188,TSPh2,4/1/21,52.49333333
2189,TSPh2,5/1/21,23.67741935
2190,TSPh2,6/1/21,49.85333333
2191,TSPh2,7/1/21,66.63870968
2192,TSPh2,8/1/21,82.01935484
2193,TSPh2,9/1/21,102.3866667
2194,TSPh2,10/1/21,103.7580645
2195,TSPh2,11/1/21,102.8
2196,TSPh2,12/1/21,91.19677419
2197,TSPh2,1/1/22,90.57419355
2198,TSPh2,2/1/22,89.25357143
2199,TSPh2,3/1/22,67.93225806
2200,TSPh2,4/1/22,61.36333333
2201,TSPh2,5/1/22,45.86451613
2202,TSPh2,6/1/22,104.1933333
2203,TSPh2,7/1/22,85.61935484
2204,TSPh2,8/1/22,94.31612903
2205,TSPh2,9/1/22,96.83333333
2206,TSPh2,10/1/22,108.2387097
2207,TSPh2,11/1/22,86.06666667
2208,TSPh2,12/1/22,84.80322581
2209,TSPh3,1/1/00,-9.819354839
2210,TSPh3,2/1/00,-11.6
2211,TSPh3,3/1/00,-16.61612903
2212,TSPh3,4/1/00,-19.5
2213,TSPh3,5/1/00,-30.71290323
2214,TSPh3,6/1/00,-23.51666667
2215,TSPh3,7/1/00,-11.3516129
2216,TSPh3,8/1/00,-5.503225806
2217,TSPh3,9/1/00,-0.663333333
2218,TSPh3,10/1/00,9.441935484
2219,TSPh3,11/1/00,-4.34
2220,TSPh3,12/1/00,-11.26451613
2221,TSPh3,1/1/01,-17.57096774
2222,TSPh3,2/1/01,-23.5
2223,TSPh3,3/1/01,-29.47419355
2224,TSPh3,4/1/01,-40.19
2225,TSPh3,5/1/01,-50.96129032
2226,TSPh3,6/1/01,-48.61333333
2227,TSPh3,7/1/01,-27.5483871
2228,TSPh3,8/1/01,4.977419355
2229,TSPh3,9/1/01,3.963333333
2230,TSPh3,10/1/01,6.948387097
2231,TSPh3,11/1/01,0.176666667
2232,TSPh3,12/1/01,-6.574193548
2233,TSPh3,1/1/02,-8.903225806
2234,TSPh3,2/1/02,-15.41428571
2235,TSPh3,3/1/02,-18.85483871
2236,TSPh3,4/1/02,-29.44
2237,TSPh3,5/1/02,-43.09354839
2238,TSPh3,6/1/02,-2.796666667
2239,TSPh3,7/1/02,9.122580645
2240,TSPh3,8/1/02,3.15483871
2241,TSPh3,9/1/02,6.036666667
2242,TSPh3,10/1/02,-0.674193548
2243,TSPh3,11/1/02,-7.453333333
2244,TSPh3,12/1/02,-7.764516129
2245,TSPh3,1/1/03,-12.7
2246,TSPh3,2/1/03,-20.67857143
2247,TSPh3,3/1/03,-22.9516129
2248,TSPh3,4/1/03,-16.32666667
2249,TSPh3,5/1/03,-5.55483871
2250,TSPh3,6/1/03,-1.066666667
2251,TSPh3,7/1/03,-4.55483871
2252,TSPh3,8/1/03,-3.241935484
2253,TSPh3,9/1/03,7.77
2254,TSPh3,10/1/03,6.009677419
2255,TSPh3,11/1/03,7.656666667
2256,TSPh3,12/1/03,-3.432258065
2257,TSPh3,1/1/04,-9.583870968
2258,TSPh3,2/1/04,-9.010344828
2259,TSPh3,3/1/04,-15.70645161
2260,TSPh3,4/1/04,-24.57
2261,TSPh3,5/1/04,-41.21290323
2262,TSPh3,6/1/04,-57.25
2263,TSPh3,7/1/04,-50.42580645
2264,TSPh3,8/1/04,-7.416129032
2265,TSPh3,9/1/04,4.87
2266,TSPh3,10/1/04,3.409677419
2267,TSPh3,11/1/04,-3.743333333
2268,TSPh3,12/1/04,-12.12258065
2269,TSPh3,1/1/05,-18.17741935
2270,TSPh3,2/1/05,-22.95
2271,TSPh3,3/1/05,-26.68709677
2272,TSPh3,4/1/05,-28.67
2273,TSPh3,5/1/05,-39.21935484
2274,TSPh3,6/1/05,-14.84333333
2275,TSPh3,7/1/05,0.096774194
2276,TSPh3,8/1/05,2.164516129
2277,TSPh3,9/1/05,17.43666667
2278,TSPh3,10/1/05,15.97741935
2279,TSPh3,11/1/05,3.263333333
2280,TSPh3,12/1/05,-7.548387097
2281,TSPh3,1/1/06,-13.79354839
2282,TSPh3,2/1/06,-16.98571429
2283,TSPh3,3/1/06,-21.3
2284,TSPh3,4/1/06,-33.57
2285,TSPh3,5/1/06,-35.97419355
2286,TSPh3,6/1/06,-14.86
2287,TSPh3,7/1/06,1.990322581
2288,TSPh3,8/1/06,-0.409677419
2289,TSPh3,9/1/06,8.45
2290,TSPh3,10/1/06,-0.922580645
2291,TSPh3,11/1/06,-9.356666667
2292,TSPh3,12/1/06,-16.86774194
2293,TSPh3,1/1/07,-18.8516129
2294,TSPh3,2/1/07,-19.96071429
2295,TSPh3,3/1/07,-22.66451613
2296,TSPh3,4/1/07,-20.2
2297,TSPh3,5/1/07,-16.66774194
2298,TSPh3,6/1/07,-2.293333333
2299,TSPh3,7/1/07,-0.45483871
2300,TSPh3,8/1/07,-3.85483871
2301,TSPh3,9/1/07,-0.746666667
2302,TSPh3,10/1/07,7.190322581
2303,TSPh3,11/1/07,-3.94
2304,TSPh3,12/1/07,-11.7516129
2305,TSPh3,1/1/08,-17.39354839
2306,TSPh3,2/1/08,-21.59655172
2307,TSPh3,3/1/08,-24.17741935
2308,TSPh3,4/1/08,-24.55
2309,TSPh3,5/1/08,-33.98064516
2310,TSPh3,6/1/08,-37.49
2311,TSPh3,7/1/08,-17.48387097
2312,TSPh3,8/1/08,-3.05483871
2313,TSPh3,9/1/08,7.83
2314,TSPh3,10/1/08,7.625806452
2315,TSPh3,11/1/08,-1.05
2316,TSPh3,12/1/08,-8.44516129
2317,TSPh3,1/1/09,-14.80645161
2318,TSPh3,2/1/09,-19.4
2319,TSPh3,3/1/09,-26.77741935
2320,TSPh3,4/1/09,-34.83
2321,TSPh3,5/1/09,-45.06451613
2322,TSPh3,6/1/09,-2.55
2323,TSPh3,7/1/09,-1.290322581
2324,TSPh3,8/1/09,-1.519354839
2325,TSPh3,9/1/09,11.42666667
2326,TSPh3,10/1/09,3.658064516
2327,TSPh3,11/1/09,-1.533333333
2328,TSPh3,12/1/09,2.232258065
2329,TSPh3,1/1/10,-4.490322581
2330,TSPh3,2/1/10,-6.121428571
2331,TSPh3,3/1/10,-9.919354839
2332,TSPh3,4/1/10,-17.53666667
2333,TSPh3,5/1/10,-21.4
2334,TSPh3,6/1/10,-15.24666667
2335,TSPh3,7/1/10,-7.935483871
2336,TSPh3,8/1/10,0.896774194
2337,TSPh3,9/1/10,8.796666667
2338,TSPh3,10/1/10,9.219354839
2339,TSPh3,11/1/10,1.34
2340,TSPh3,12/1/10,-7.806451613
2341,TSPh3,1/1/11,-9.764516129
2342,TSPh3,2/1/11,-11.25
2343,TSPh3,3/1/11,-19.72580645
2344,TSPh3,4/1/11,-29.38666667
2345,TSPh3,5/1/11,-48.21935484
2346,TSPh3,6/1/11,-46.70666667
2347,TSPh3,7/1/11,-11.10322581
2348,TSPh3,8/1/11,-3.309677419
2349,TSPh3,9/1/11,4.356666667
2350,TSPh3,10/1/11,8.309677419
2351,TSPh3,11/1/11,1.94
2352,TSPh3,12/1/11,-9.4
2353,TSPh3,1/1/12,-20.38709677
2354,TSPh3,2/1/12,-24.18275862
2355,TSPh3,3/1/12,-27.41935484
2356,TSPh3,4/1/12,-27.14666667
2357,TSPh3,5/1/12,-1.925806452
2358,TSPh3,6/1/12,7.856666667
2359,TSPh3,7/1/12,9.441935484
2360,TSPh3,8/1/12,7.777419355
2361,TSPh3,9/1/12,8.1
2362,TSPh3,10/1/12,8.706451613
2363,TSPh3,11/1/12,6.493333333
2364,TSPh3,12/1/12,-1.103225806
2365,TSPh3,1/1/13,-8.312903226
2366,TSPh3,2/1/13,-13.31428571
2367,TSPh3,3/1/13,-17.26451613
2368,TSPh3,4/1/13,-16.29666667
2369,TSPh3,5/1/13,-9.467741935
2370,TSPh3,6/1/13,5.206666667
2371,TSPh3,7/1/13,10.08387097
2372,TSPh3,8/1/13,4.041935484
2373,TSPh3,9/1/13,6.01
2374,TSPh3,10/1/13,8.070967742
2375,TSPh3,11/1/13,2.01
2376,TSPh3,12/1/13,2.612903226
2377,TSPh3,1/1/14,-1.777419355
2378,TSPh3,2/1/14,-3.560714286
2379,TSPh3,3/1/14,-9.351612903
2380,TSPh3,4/1/14,-17.82333333
2381,TSPh3,5/1/14,-22.22580645
2382,TSPh3,6/1/14,-27.54
2383,TSPh3,7/1/14,-3.774193548
2384,TSPh3,8/1/14,1.829032258
2385,TSPh3,9/1/14,4.883333333
2386,TSPh3,10/1/14,5.129032258
2387,TSPh3,11/1/14,1.75
2388,TSPh3,12/1/14,-1.809677419
2389,TSPh3,1/1/15,-4.803225806
2390,TSPh3,2/1/15,-10.78214286
2391,TSPh3,3/1/15,-18.80967742
2392,TSPh3,4/1/15,-26.78333333
2393,TSPh3,5/1/15,-12.82903226
2394,TSPh3,6/1/15,-16.41333333
2395,TSPh3,7/1/15,-17.52258065
2396,TSPh3,8/1/15,-3.648387097
2397,TSPh3,9/1/15,9.97
2398,TSPh3,10/1/15,14.04193548
2399,TSPh3,11/1/15,4.44
2400,TSPh3,12/1/15,9.722580645
2401,TSPh3,1/1/16,4.096774194
2402,TSPh3,2/1/16,4.9
2403,TSPh3,3/1/16,-4.95483871
2404,TSPh3,4/1/16,-7.283333333
2405,TSPh3,5/1/16,-7.329032258
2406,TSPh3,6/1/16,-0.84
2407,TSPh3,7/1/16,0.44516129
2408,TSPh3,8/1/16,2.535483871
2409,TSPh3,9/1/16,11.68666667
2410,TSPh3,10/1/16,8.780645161
2411,TSPh3,11/1/16,6.75
2412,TSPh3,12/1/16,0.822580645
2413,TSPh3,1/1/17,-4.574193548
2414,TSPh3,2/1/17,-8.285714286
2415,TSPh3,3/1/17,-13.0516129
2416,TSPh3,4/1/17,-18.89333333
2417,TSPh3,5/1/17,-19.24516129
2418,TSPh3,6/1/17,-7.476666667
2419,TSPh3,7/1/17,-1.809677419
2420,TSPh3,8/1/17,-1.035483871
2421,TSPh3,9/1/17,20.10666667
2422,TSPh3,10/1/17,20.6516129
2423,TSPh3,11/1/17,10.15666667
2424,TSPh3,12/1/17,2.948387097
2425,TSPh3,1/1/18,-2.832258065
2426,TSPh3,2/1/18,-7.203571429
2427,TSPh3,3/1/18,-10.88064516
2428,TSPh3,4/1/18,-16.07
2429,TSPh3,5/1/18,-17.86129032
2430,TSPh3,6/1/18,-3.413333333
2431,TSPh3,7/1/18,3.225806452
2432,TSPh3,8/1/18,2.270967742
2433,TSPh3,9/1/18,6.273333333
2434,TSPh3,10/1/18,5.409677419
2435,TSPh3,11/1/18,-0.9
2436,TSPh3,12/1/18,-3.793548387
2437,TSPh3,1/1/19,-7.309677419
2438,TSPh3,2/1/19,-5.853571429
2439,TSPh3,3/1/19,-9.5
2440,TSPh3,4/1/19,-9.543333333
2441,TSPh3,5/1/19,-13.28064516
2442,TSPh3,6/1/19,-8.626666667
2443,TSPh3,7/1/19,0.293548387
2444,TSPh3,8/1/19,8.261290323
2445,TSPh3,9/1/19,9.56
2446,TSPh3,10/1/19,15.06451613
2447,TSPh3,11/1/19,8.7
2448,TSPh3,12/1/19,1.035483871
2449,TSPh3,1/1/20,-3.135483871
2450,TSPh3,2/1/20,-4.986206897
2451,TSPh3,3/1/20,-11.88709677
2452,TSPh3,4/1/20,-17.78
2453,TSPh3,5/1/20,-12.29354839
2454,TSPh3,6/1/20,-0.94
2455,TSPh3,7/1/20,1.751612903
2456,TSPh3,8/1/20,4.116129032
2457,TSPh3,9/1/20,13.39333333
2458,TSPh3,10/1/20,23.23225806
2459,TSPh3,11/1/20,24.37
2460,TSPh3,12/1/20,12.52903226
2461,TSPh3,1/1/21,4.364516129
2462,TSPh3,2/1/21,0.139285714
2463,TSPh3,3/1/21,-5.235483871
2464,TSPh3,4/1/21,-8.486666667
2465,TSPh3,5/1/21,-12.21290323
2466,TSPh3,6/1/21,-13.30333333
2467,TSPh3,7/1/21,-8.058064516
2468,TSPh3,8/1/21,4.951612903
2469,TSPh3,9/1/21,9.053333333
2470,TSPh3,10/1/21,10.42258065
2471,TSPh3,11/1/21,13.29
2472,TSPh3,12/1/21,5.093548387
2473,TSPh3,1/1/22,2.361290323
2474,TSPh3,2/1/22,-0.514285714
2475,TSPh3,3/1/22,-5.770967742
2476,TSPh3,4/1/22,-8.846666667
2477,TSPh3,5/1/22,-7.377419355
2478,TSPh3,6/1/22,12.95
2479,TSPh3,7/1/22,3.561290323
2480,TSPh3,8/1/22,-1.409677419
2481,TSPh3,9/1/22,12.12333333
2482,TSPh3,10/1/22,21.93870968
2483,TSPh3,11/1/22,12.86666667
2484,TSPh3,12/1/22,7.75483871
2485,TSPh6,1/1/00,-16.81290323
2486,TSPh6,2/1/00,-20.4
2487,TSPh6,3/1/00,-19.98709677
2488,TSPh6,4/1/00,-19.19666667
2489,TSPh6,5/1/00,-21.37096774
2490,TSPh6,6/1/00,-14.07666667
2491,TSPh6,7/1/00,-4.748387097
2492,TSPh6,8/1/00,-3.448387097
2493,TSPh6,9/1/00,3.323333333
2494,TSPh6,10/1/00,8.75483871
2495,TSPh6,11/1/00,-6.626666667
2496,TSPh6,12/1/00,-16.56774194
2497,TSPh6,1/1/01,-26.34516129
2498,TSPh6,2/1/01,-31.45714286
2499,TSPh6,3/1/01,-21.94516129
2500,TSPh6,4/1/01,-28.61333333
2501,TSPh6,5/1/01,-21.33225806
2502,TSPh6,6/1/01,-24.85
2503,TSPh6,7/1/01,-14.15483871
2504,TSPh6,8/1/01,5.34516129
2505,TSPh6,9/1/01,5.96
2506,TSPh6,10/1/01,7.593548387
2507,TSPh6,11/1/01,-0.693333333
2508,TSPh6,12/1/01,-11.91290323
2509,TSPh6,1/1/02,-17.95806452
2510,TSPh6,2/1/02,-20.02857143
2511,TSPh6,3/1/02,-21.31935484
2512,TSPh6,4/1/02,-19.52
2513,TSPh6,5/1/02,-20.31935484
2514,TSPh6,6/1/02,1.616666667
2515,TSPh6,7/1/02,5.964516129
2516,TSPh6,8/1/02,0.783870968
2517,TSPh6,9/1/02,5.216666667
2518,TSPh6,10/1/02,0.929032258
2519,TSPh6,11/1/02,-8.74
2520,TSPh6,12/1/02,-14.10322581
2521,TSPh6,1/1/03,-24.6
2522,TSPh6,2/1/03,-29.575
2523,TSPh6,3/1/03,-17.94193548
2524,TSPh6,4/1/03,-14.94
2525,TSPh6,5/1/03,-5.977419355
2526,TSPh6,6/1/03,-4.416666667
2527,TSPh6,7/1/03,-12.08064516
2528,TSPh6,8/1/03,-7.358064516
2529,TSPh6,9/1/03,5.48
2530,TSPh6,10/1/03,1.877419355
2531,TSPh6,11/1/03,2.9
2532,TSPh6,12/1/03,-13.70967742
2533,TSPh6,1/1/04,-18.86774194
2534,TSPh6,2/1/04,-16.37586207
2535,TSPh6,3/1/04,-22.11612903
2536,TSPh6,4/1/04,-21.58333333
2537,TSPh6,5/1/04,-25.62580645
2538,TSPh6,6/1/04,-17.45666667
2539,TSPh6,7/1/04,-17.23225806
2540,TSPh6,8/1/04,-6.9
2541,TSPh6,9/1/04,5.936666667
2542,TSPh6,10/1/04,3.141935484
2543,TSPh6,11/1/04,-4.496666667
2544,TSPh6,12/1/04,-20.19354839
2545,TSPh6,1/1/05,-20.93225806
2546,TSPh6,2/1/05,-17.10357143
2547,TSPh6,3/1/05,-22.27419355
2548,TSPh6,4/1/05,-18.99
2549,TSPh6,5/1/05,-17.38064516
2550,TSPh6,6/1/05,-6.476666667
2551,TSPh6,7/1/05,-2.35483871
2552,TSPh6,8/1/05,2.309677419
2553,TSPh6,9/1/05,17.5
2554,TSPh6,10/1/05,17.21612903
2555,TSPh6,11/1/05,-2.373333333
2556,TSPh6,12/1/05,-17.54193548
2557,TSPh6,1/1/06,-23.43225806
2558,TSPh6,2/1/06,-24.92857143
2559,TSPh6,3/1/06,-22.23870968
2560,TSPh6,4/1/06,-16.79666667
2561,TSPh6,5/1/06,-12.03548387
2562,TSPh6,6/1/06,-15.96
2563,TSPh6,7/1/06,-2.516129032
2564,TSPh6,8/1/06,-2.851612903
2565,TSPh6,9/1/06,6.256666667
2566,TSPh6,10/1/06,0.741935484
2567,TSPh6,11/1/06,-7.603333333
2568,TSPh6,12/1/06,-16.59354839
2569,TSPh6,1/1/07,-17.3516129
2570,TSPh6,2/1/07,-23.81785714
2571,TSPh6,3/1/07,-23.99677419
2572,TSPh6,4/1/07,-17.42666667
2573,TSPh6,5/1/07,-10.48709677
2574,TSPh6,6/1/07,1.436666667
2575,TSPh6,7/1/07,-1.209677419
2576,TSPh6,8/1/07,-4.941935484
2577,TSPh6,9/1/07,2.576666667
2578,TSPh6,10/1/07,9.34516129
2579,TSPh6,11/1/07,-5.823333333
2580,TSPh6,12/1/07,-17.60322581
2581,TSPh6,1/1/08,-20.95806452
2582,TSPh6,2/1/08,-22.76896552
2583,TSPh6,3/1/08,-29.35806452
2584,TSPh6,4/1/08,-16.18666667
2585,TSPh6,5/1/08,-14.61612903
2586,TSPh6,6/1/08,-15.45666667
2587,TSPh6,7/1/08,-8.596774194
2588,TSPh6,8/1/08,3.358064516
2589,TSPh6,9/1/08,12.06333333
2590,TSPh6,10/1/08,8.109677419
2591,TSPh6,11/1/08,-4.466666667
2592,TSPh6,12/1/08,-18.10322581
2593,TSPh6,1/1/09,-29.08709677
2594,TSPh6,2/1/09,-32.12142857
2595,TSPh6,3/1/09,-21.90967742
2596,TSPh6,4/1/09,-20.36666667
2597,TSPh6,5/1/09,-14.02258065
2598,TSPh6,6/1/09,0.016666667
2599,TSPh6,7/1/09,-4.790322581
2600,TSPh6,8/1/09,-0.861290323
2601,TSPh6,9/1/09,15.18
2602,TSPh6,10/1/09,5.948387097
2603,TSPh6,11/1/09,3.173333333
2604,TSPh6,12/1/09,1.677419355
2605,TSPh6,1/1/10,-13.22580645
2606,TSPh6,2/1/10,-11.88214286
2607,TSPh6,3/1/10,-16.83548387
2608,TSPh6,4/1/10,-19.10333333
2609,TSPh6,5/1/10,-18.57096774
2610,TSPh6,6/1/10,-10.46
2611,TSPh6,7/1/10,-7.322580645
2612,TSPh6,8/1/10,1.480645161
2613,TSPh6,9/1/10,10.89333333
2614,TSPh6,10/1/10,5.819354839
2615,TSPh6,11/1/10,-5.136666667
2616,TSPh6,12/1/10,-18.48387097
2617,TSPh6,1/1/11,-20.9
2618,TSPh6,2/1/11,-26.53571429
2619,TSPh6,3/1/11,-26.67419355
2620,TSPh6,4/1/11,-20.54
2621,TSPh6,5/1/11,-18.99032258
2622,TSPh6,6/1/11,-16.04333333
2623,TSPh6,7/1/11,-6.732258065
2624,TSPh6,8/1/11,1.019354839
2625,TSPh6,9/1/11,5.966666667
2626,TSPh6,10/1/11,9.064516129
2627,TSPh6,11/1/11,0.423333333
2628,TSPh6,12/1/11,-10.93548387
2629,TSPh6,1/1/12,-21.92258065
2630,TSPh6,2/1/12,-14.93103448
2631,TSPh6,3/1/12,-18.17419355
2632,TSPh6,4/1/12,-11.88666667
2633,TSPh6,5/1/12,-0.729032258
2634,TSPh6,6/1/12,8.696666667
2635,TSPh6,7/1/12,6.525806452
2636,TSPh6,8/1/12,4.561290323
2637,TSPh6,9/1/12,1.516666667
2638,TSPh6,10/1/12,3.383870968
2639,TSPh6,11/1/12,6.943333333
2640,TSPh6,12/1/12,-4.051612903
2641,TSPh6,1/1/13,-14.17741935
2642,TSPh6,2/1/13,-14.77142857
2643,TSPh6,3/1/13,-14.49032258
2644,TSPh6,4/1/13,-16.38333333
2645,TSPh6,5/1/13,-8.422580645
2646,TSPh6,6/1/13,0.466666667
2647,TSPh6,7/1/13,6.151612903
2648,TSPh6,8/1/13,-1.770967742
2649,TSPh6,9/1/13,2.916666667
2650,TSPh6,10/1/13,6.212903226
2651,TSPh6,11/1/13,-0.72
2652,TSPh6,12/1/13,-4.961290323
2653,TSPh6,1/1/14,-11.69354839
2654,TSPh6,2/1/14,-7.310714286
2655,TSPh6,3/1/14,-10.92903226
2656,TSPh6,4/1/14,-13.25
2657,TSPh6,5/1/14,-10.77096774
2658,TSPh6,6/1/14,-12.64
2659,TSPh6,7/1/14,-2.861290323
2660,TSPh6,8/1/14,2.841935484
2661,TSPh6,9/1/14,6.28
2662,TSPh6,10/1/14,5.5
2663,TSPh6,11/1/14,-0.883333333
2664,TSPh6,12/1/14,-0.335483871
2665,TSPh6,1/1/15,-10.13225806
2666,TSPh6,2/1/15,-10.81071429
2667,TSPh6,3/1/15,-16.17419355
2668,TSPh6,4/1/15,-12.52333333
2669,TSPh6,5/1/15,-10.37741935
2670,TSPh6,6/1/15,-11.61666667
2671,TSPh6,7/1/15,-8.248387097
2672,TSPh6,8/1/15,2.709677419
2673,TSPh6,9/1/15,12.62
2674,TSPh6,10/1/15,19.57419355
2675,TSPh6,11/1/15,5.773333333
2676,TSPh6,12/1/15,9.538709677
2677,TSPh6,1/1/16,1.770967742
2678,TSPh6,2/1/16,-1.072413793
2679,TSPh6,3/1/16,-9.748387097
2680,TSPh6,4/1/16,-7.786666667
2681,TSPh6,5/1/16,-4.183870968
2682,TSPh6,6/1/16,-4.746666667
2683,TSPh6,7/1/16,-6.758064516
2684,TSPh6,8/1/16,-1.409677419
2685,TSPh6,9/1/16,6.963333333
2686,TSPh6,10/1/16,7.287096774
2687,TSPh6,11/1/16,5.716666667
2688,TSPh6,12/1/16,-6.922580645
2689,TSPh6,1/1/17,-9.351612903
2690,TSPh6,2/1/17,-14.49642857
2691,TSPh6,3/1/17,-18.87741935
2692,TSPh6,4/1/17,-9.02
2693,TSPh6,5/1/17,-10.18387097
2694,TSPh6,6/1/17,-2.826666667
2695,TSPh6,7/1/17,-2.477419355
2696,TSPh6,8/1/17,-2.038709677
2697,TSPh6,9/1/17,18.24666667
2698,TSPh6,10/1/17,17.13225806
2699,TSPh6,11/1/17,4.773333333
2700,TSPh6,12/1/17,-4.390322581
2701,TSPh6,1/1/18,-16.26451613
2702,TSPh6,2/1/18,-18.36071429
2703,TSPh6,3/1/18,-7.741935484
2704,TSPh6,4/1/18,-9.31
2705,TSPh6,5/1/18,-15.53870968
2706,TSPh6,6/1/18,-7.73
2707,TSPh6,7/1/18,-0.209677419
2708,TSPh6,8/1/18,-2.132258065
2709,TSPh6,9/1/18,5.573333333
2710,TSPh6,10/1/18,2.232258065
2711,TSPh6,11/1/18,-1.096666667
2712,TSPh6,12/1/18,-2.341935484
2713,TSPh6,1/1/19,-10.42903226
2714,TSPh6,2/1/19,-7.671428571
2715,TSPh6,3/1/19,-7.1
2716,TSPh6,4/1/19,-4.396666667
2717,TSPh6,5/1/19,-9.64516129
2718,TSPh6,6/1/19,-1.173333333
2719,TSPh6,7/1/19,1.216129032
2720,TSPh6,8/1/19,8.735483871
2721,TSPh6,9/1/19,9.133333333
2722,TSPh6,10/1/19,18.77419355
2723,TSPh6,11/1/19,12.07333333
2724,TSPh6,12/1/19,-1.322580645
2725,TSPh6,1/1/20,-8.893548387
2726,TSPh6,2/1/20,-11.98275862
2727,TSPh6,3/1/20,-15.46451613
2728,TSPh6,4/1/20,-7.783333333
2729,TSPh6,5/1/20,-5.903225806
2730,TSPh6,6/1/20,-0.5
2731,TSPh6,7/1/20,1.15483871
2732,TSPh6,8/1/20,3.677419355
2733,TSPh6,9/1/20,14.75666667
2734,TSPh6,10/1/20,21.94193548
2735,TSPh6,11/1/20,18.47
2736,TSPh6,12/1/20,1.496774194
2737,TSPh6,1/1/21,-9.04516129
2738,TSPh6,2/1/21,-5.685714286
2739,TSPh6,3/1/21,-8.770967742
2740,TSPh6,4/1/21,-7.31
2741,TSPh6,5/1/21,-10.51935484
2742,TSPh6,6/1/21,-8.323333333
2743,TSPh6,7/1/21,-6.103225806
2744,TSPh6,8/1/21,4.535483871
2745,TSPh6,9/1/21,7.476666667
2746,TSPh6,10/1/21,10.41612903
2747,TSPh6,11/1/21,12.25666667
2748,TSPh6,12/1/21,2.429032258
2749,TSPh6,1/1/22,0.538709677
2750,TSPh6,2/1/22,-6.214285714
2751,TSPh6,3/1/22,-7.961290323
2752,TSPh6,4/1/22,-7.83
2753,TSPh6,5/1/22,-0.522580645
2754,TSPh6,6/1/22,11.34
2755,TSPh6,7/1/22,-0.487096774
2756,TSPh6,8/1/22,2.293548387
2757,TSPh6,9/1/22,18.04333333
2758,TSPh6,10/1/22,20.08064516
2759,TSPh6,11/1/22,14.02666667
2760,TSPh6,12/1/22,6.209677419
2761,TSPh7,1/1/00,-25.25806452
2762,TSPh7,2/1/00,-28.78275862
2763,TSPh7,3/1/00,-24.63870968
2764,TSPh7,4/1/00,-22.96333333
2765,TSPh7,5/1/00,-24.23548387
2766,TSPh7,6/1/00,-16.76666667
2767,TSPh7,7/1/00,-7.538709677
2768,TSPh7,8/1/00,-9.84516129
2769,TSPh7,9/1/00,-5.303333333
2770,TSPh7,10/1/00,-8.019354839
2771,TSPh7,11/1/00,-15.51666667
2772,TSPh7,12/1/00,-23.87419355
2773,TSPh7,1/1/01,-32.75806452
2774,TSPh7,2/1/01,-36.31428571
2775,TSPh7,3/1/01,-25.8483871
2776,TSPh7,4/1/01,-31.37333333
2777,TSPh7,5/1/01,-22.48064516
2778,TSPh7,6/1/01,-27.69333333
2779,TSPh7,7/1/01,-17.46451613
2780,TSPh7,8/1/01,-15.05483871
2781,TSPh7,9/1/01,-7.59
2782,TSPh7,10/1/01,-12.65806452
2783,TSPh7,11/1/01,-13.07
2784,TSPh7,12/1/01,-20.8
2785,TSPh7,1/1/02,-28.55483871
2786,TSPh7,2/1/02,-26.49285714
2787,TSPh7,3/1/02,-27.64193548
2788,TSPh7,4/1/02,-22.84666667
2789,TSPh7,5/1/02,-22.03225806
2790,TSPh7,6/1/02,-9.256666667
2791,TSPh7,7/1/02,-17.94193548
2792,TSPh7,8/1/02,-11.58387097
2793,TSPh7,9/1/02,-3.833333333
2794,TSPh7,10/1/02,-5.625806452
2795,TSPh7,11/1/02,-16.95333333
2796,TSPh7,12/1/02,-24.12903226
2797,TSPh7,1/1/03,-33.08387097
2798,TSPh7,2/1/03,-33.90357143
2799,TSPh7,3/1/03,-21.01612903
2800,TSPh7,4/1/03,-18.68
2801,TSPh7,5/1/03,-14.80967742
2802,TSPh7,6/1/03,-16.59
2803,TSPh7,7/1/03,-20.46129032
2804,TSPh7,8/1/03,-13.5483871
2805,TSPh7,9/1/03,-6.3
2806,TSPh7,10/1/03,-9.95483871
2807,TSPh7,11/1/03,-14.27333333
2808,TSPh7,12/1/03,-23.0483871
2809,TSPh7,1/1/04,-25.97096774
2810,TSPh7,2/1/04,-23.82758621
2811,TSPh7,3/1/04,-26.85806452
2812,TSPh7,4/1/04,-24.58666667
2813,TSPh7,5/1/04,-28.05483871
2814,TSPh7,6/1/04,-19.28
2815,TSPh7,7/1/04,-19.56451613
2816,TSPh7,8/1/04,-13.94193548
2817,TSPh7,9/1/04,-5.82
2818,TSPh7,10/1/04,-9.270967742
2819,TSPh7,11/1/04,-12.29666667
2820,TSPh7,12/1/04,-27.14516129
2821,TSPh7,1/1/05,-25.06774194
2822,TSPh7,2/1/05,-19.35357143
2823,TSPh7,3/1/05,-24.96774194
2824,TSPh7,4/1/05,-20.53333333
2825,TSPh7,5/1/05,-18.38387097
2826,TSPh7,6/1/05,-12.57333333
2827,TSPh7,7/1/05,-13.91612903
2828,TSPh7,8/1/05,-8.738709677
2829,TSPh7,9/1/05,-4.976666667
2830,TSPh7,10/1/05,-0.825806452
2831,TSPh7,11/1/05,-18.68333333
2832,TSPh7,12/1/05,-24.89032258
2833,TSPh7,1/1/06,-29.73870968
2834,TSPh7,2/1/06,-30.86428571
2835,TSPh7,3/1/06,-26.11290323
2836,TSPh7,4/1/06,-19.49333333
2837,TSPh7,5/1/06,-12.9
2838,TSPh7,6/1/06,-20.81
2839,TSPh7,7/1/06,-20.96451613
2840,TSPh7,8/1/06,-12.40967742
2841,TSPh7,9/1/06,-8.066666667
2842,TSPh7,10/1/06,-7.848387097
2843,TSPh7,11/1/06,-14.15
2844,TSPh7,12/1/06,-23.02903226
2845,TSPh7,1/1/07,-22.80322581
2846,TSPh7,2/1/07,-28.71428571
2847,TSPh7,3/1/07,-27.86129032
2848,TSPh7,4/1/07,-21.84666667
2849,TSPh7,5/1/07,-14.22903226
2850,TSPh7,6/1/07,-8.363333333
2851,TSPh7,7/1/07,-13.35806452
2852,TSPh7,8/1/07,-14.03225806
2853,TSPh7,9/1/07,-5.086666667
2854,TSPh7,10/1/07,-5.890322581
2855,TSPh7,11/1/07,-13.55333333
2856,TSPh7,12/1/07,-23.28709677
2857,TSPh7,1/1/08,-26.14516129
2858,TSPh7,2/1/08,-27.25862069
2859,TSPh7,3/1/08,-33.30322581
2860,TSPh7,4/1/08,-18.92666667
2861,TSPh7,5/1/08,-17.53548387
2862,TSPh7,6/1/08,-19.55666667
2863,TSPh7,7/1/08,-10.89354839
2864,TSPh7,8/1/08,-3.270967742
2865,TSPh7,9/1/08,3.53
2866,TSPh7,10/1/08,-5.925806452
2867,TSPh7,11/1/08,-13.74333333
2868,TSPh7,12/1/08,-26.43225806
2869,TSPh7,1/1/09,-35.89354839
2870,TSPh7,2/1/09,-37.56071429
2871,TSPh7,3/1/09,-25.26451613
2872,TSPh7,4/1/09,-24
2873,TSPh7,5/1/09,-16.60322581
2874,TSPh7,6/1/09,-9.356666667
2875,TSPh7,7/1/09,-18.38709677
2876,TSPh7,8/1/09,-9.016129032
2877,TSPh7,9/1/09,5.5
2878,TSPh7,10/1/09,-2.848387097
2879,TSPh7,11/1/09,-3.343333333
2880,TSPh7,12/1/09,-10.30322581
2881,TSPh7,1/1/10,-23.76451613
2882,TSPh7,2/1/10,-21.24642857
2883,TSPh7,3/1/10,-25.08709677
2884,TSPh7,4/1/10,-24.09333333
2885,TSPh7,5/1/10,-22.73548387
2886,TSPh7,6/1/10,-14.99
2887,TSPh7,7/1/10,-14.70322581
2888,TSPh7,8/1/10,-9.548387097
2889,TSPh7,9/1/10,-1.036666667
2890,TSPh7,10/1/10,-8.94516129
2891,TSPh7,11/1/10,-15.19333333
2892,TSPh7,12/1/10,-25.69354839
2893,TSPh7,1/1/11,-28.51935484
2894,TSPh7,2/1/11,-33.30714286
2895,TSPh7,3/1/11,-30.61612903
2896,TSPh7,4/1/11,-23.70666667
2897,TSPh7,5/1/11,-21.32580645
2898,TSPh7,6/1/11,-17.54333333
2899,TSPh7,7/1/11,-11.98387097
2900,TSPh7,8/1/11,-5.274193548
2901,TSPh7,9/1/11,-4.25
2902,TSPh7,10/1/11,-7.890322581
2903,TSPh7,11/1/11,-11.58
2904,TSPh7,12/1/11,-17.55483871
2905,TSPh7,1/1/12,-28.19354839
2906,TSPh7,2/1/12,-19.92068966
2907,TSPh7,3/1/12,-21.86451613
2908,TSPh7,4/1/12,-15.69333333
2909,TSPh7,5/1/12,-10.31935484
2910,TSPh7,6/1/12,-2.786666667
2911,TSPh7,7/1/12,-11.82258065
2912,TSPh7,8/1/12,-8.377419355
2913,TSPh7,9/1/12,-13.25
2914,TSPh7,10/1/12,-8.506451613
2915,TSPh7,11/1/12,-1.84
2916,TSPh7,12/1/12,-11.6516129
2917,TSPh7,1/1/13,-20.18064516
2918,TSPh7,2/1/13,-19.93214286
2919,TSPh7,3/1/13,-18.43870968
2920,TSPh7,4/1/13,-20.87333333
2921,TSPh7,5/1/13,-13.31290323
2922,TSPh7,6/1/13,-16.30333333
2923,TSPh7,7/1/13,-9.593548387
2924,TSPh7,8/1/13,-11.90645161
2925,TSPh7,9/1/13,-4.696666667
2926,TSPh7,10/1/13,-2.74516129
2927,TSPh7,11/1/13,-9.7
2928,TSPh7,12/1/13,-13.90322581
2929,TSPh7,1/1/14,-19.32580645
2930,TSPh7,2/1/14,-13.63928571
2931,TSPh7,3/1/14,-16.33225806
2932,TSPh7,4/1/14,-16.49
2933,TSPh7,5/1/14,-14.59354839
2934,TSPh7,6/1/14,-16.16
2935,TSPh7,7/1/14,-9.270967742
2936,TSPh7,8/1/14,-3.590322581
2937,TSPh7,9/1/14,-0.89
2938,TSPh7,10/1/14,-2.367741935
2939,TSPh7,11/1/14,-8.093333333
2940,TSPh7,12/1/14,-5.529032258
2941,TSPh7,1/1/15,-16.41290323
2942,TSPh7,2/1/15,-15.71428571
2943,TSPh7,3/1/15,-20.43548387
2944,TSPh7,4/1/15,-14.93333333
2945,TSPh7,5/1/15,-15.66129032
2946,TSPh7,6/1/15,-15.78666667
2947,TSPh7,7/1/15,-10.53548387
2948,TSPh7,8/1/15,-1.351612903
2949,TSPh7,9/1/15,3.066666667
2950,TSPh7,10/1/15,11.22258065
2951,TSPh7,11/1/15,-5.43
2952,TSPh7,12/1/15,-5.122580645
2953,TSPh7,1/1/16,-10.03548387
2954,TSPh7,2/1/16,-14.42758621
2955,TSPh7,3/1/16,-16.99354839
2956,TSPh7,4/1/16,-13.39666667
2957,TSPh7,5/1/16,-9.396774194
2958,TSPh7,6/1/16,-10.56333333
2959,TSPh7,7/1/16,-12.71612903
2960,TSPh7,8/1/16,-5.867741935
2961,TSPh7,9/1/16,-2.24
2962,TSPh7,10/1/16,0.529032258
2963,TSPh7,11/1/16,0.226666667
2964,TSPh7,12/1/16,-13.60967742
2965,TSPh7,1/1/17,-14.47419355
2966,TSPh7,2/1/17,-20.00357143
2967,TSPh7,3/1/17,-23.98064516
2968,TSPh7,4/1/17,-11.67333333
2969,TSPh7,5/1/17,-13.07419355
2970,TSPh7,6/1/17,-7.613333333
2971,TSPh7,7/1/17,-8.6
2972,TSPh7,8/1/17,-8.493548387
2973,TSPh7,9/1/17,12.29666667
2974,TSPh7,10/1/17,1.467741935
2975,TSPh7,11/1/17,-8.773333333
2976,TSPh7,12/1/17,-13.49032258
2977,TSPh7,1/1/18,-24.06129032
2978,TSPh7,2/1/18,-24.66428571
2979,TSPh7,3/1/18,-11.43870968
2980,TSPh7,4/1/18,-13.06666667
2981,TSPh7,5/1/18,-19.50967742
2982,TSPh7,6/1/18,-15.49666667
2983,TSPh7,7/1/18,-9.577419355
2984,TSPh7,8/1/18,-9.958064516
2985,TSPh7,9/1/18,-3.81
2986,TSPh7,10/1/18,-6.229032258
2987,TSPh7,11/1/18,-7.896666667
2988,TSPh7,12/1/18,-9.625806452
2989,TSPh7,1/1/19,-17.28064516
2990,TSPh7,2/1/19,-14.93214286
2991,TSPh7,3/1/19,-11.9
2992,TSPh7,4/1/19,-9.653333333
2993,TSPh7,5/1/19,-14.54193548
2994,TSPh7,6/1/19,-6.13
2995,TSPh7,7/1/19,-5.1
2996,TSPh7,8/1/19,0.838709677
2997,TSPh7,9/1/19,1.433333333
2998,TSPh7,10/1/19,13.29354839
2999,TSPh7,11/1/19,6.15
3000,TSPh7,12/1/19,-8.764516129
3001,TSPh7,1/1/20,-16.18064516
3002,TSPh7,2/1/20,-19.2
3003,TSPh7,3/1/20,-20.02903226
3004,TSPh7,4/1/20,-10.16
3005,TSPh7,5/1/20,-9.506451613
3006,TSPh7,6/1/20,-5.916666667
3007,TSPh7,7/1/20,-5.980645161
3008,TSPh7,8/1/20,-1.567741935
3009,TSPh7,9/1/20,8.613333333
3010,TSPh7,10/1/20,9.948387097
3011,TSPh7,11/1/20,-4.306666667
3012,TSPh7,12/1/20,-15.74516129
3013,TSPh7,1/1/21,-19.01290323
3014,TSPh7,2/1/21,-12.95357143
3015,TSPh7,3/1/21,-14.13225806
3016,TSPh7,4/1/21,-12.62
3017,TSPh7,5/1/21,-16.02258065
3018,TSPh7,6/1/21,-12.50333333
3019,TSPh7,7/1/21,-9.94516129
3020,TSPh7,8/1/21,-2.958064516
3021,TSPh7,9/1/21,0.073333333
3022,TSPh7,10/1/21,3.467741935
3023,TSPh7,11/1/21,0.24
3024,TSPh7,12/1/21,-5.283870968
3025,TSPh7,1/1/22,-7.232258065
3026,TSPh7,2/1/22,-13.69642857
3027,TSPh7,3/1/22,-13.4
3028,TSPh7,4/1/22,-12.20333333
3029,TSPh7,5/1/22,-3.416129032
3030,TSPh7,6/1/22,-2.566666667
3031,TSPh7,7/1/22,-8.587096774
3032,TSPh7,8/1/22,-1.616129032
3033,TSPh7,9/1/22,13.10666667
3034,TSPh7,10/1/22,9.087096774
3035,TSPh7,11/1/22,5.88
3036,TSPh7,12/1/22,-3.319354839
3037,TSPh9,1/1/00,-26.11959019
3038,TSPh9,2/1/00,-30.41378483
3039,TSPh9,3/1/00,-26.97529161
3040,TSPh9,4/1/00,-24.5814088
3041,TSPh9,5/1/00,-28.28897961
3042,TSPh9,6/1/00,-20.7979264
3043,TSPh9,7/1/00,-8.270108903
3044,TSPh9,8/1/00,-13.21455484
3045,TSPh9,9/1/00,-8.2287872
3046,TSPh9,10/1/00,-11.03081032
3047,TSPh9,11/1/00,-17.5822864
3048,TSPh9,12/1/00,-27.90571819
3049,TSPh9,1/1/01,-38.916864
3050,TSPh9,2/1/01,-40.48560429
3051,TSPh9,3/1/01,-24.5720911
3052,TSPh9,4/1/01,-36.8839496
3053,TSPh9,5/1/01,-26.62457497
3054,TSPh9,6/1/01,-30.4473864
3055,TSPh9,7/1/01,-19.03397342
3056,TSPh9,8/1/01,-17.12425394
3057,TSPh9,9/1/01,-8.4803488
3058,TSPh9,10/1/01,-16.22224258
3059,TSPh9,11/1/01,-16.2622992
3060,TSPh9,12/1/01,-23.80438839
3061,TSPh9,1/1/02,-29.84572103
3062,TSPh9,2/1/02,-27.23453314
3063,TSPh9,3/1/02,-31.24730942
3064,TSPh9,4/1/02,-28.517596
3065,TSPh9,5/1/02,-27.68016619
3066,TSPh9,6/1/02,-12.210288
3067,TSPh9,7/1/02,-17.78635819
3068,TSPh9,8/1/02,-13.94302684
3069,TSPh9,9/1/02,-7.616952
3070,TSPh9,10/1/02,-6.949341677
3071,TSPh9,11/1/02,-17.4499016
3072,TSPh9,12/1/02,-25.71459948
3073,TSPh9,1/1/03,-32.61074865
3074,TSPh9,2/1/03,-35.35244571
3075,TSPh9,3/1/03,-22.09967148
3076,TSPh9,4/1/03,-21.0054952
3077,TSPh9,5/1/03,-18.53764103
3078,TSPh9,6/1/03,-19.9459088
3079,TSPh9,7/1/03,-25.72954452
3080,TSPh9,8/1/03,-17.44793187
3081,TSPh9,9/1/03,-8.1703672
3082,TSPh9,10/1/03,-12.44252594
3083,TSPh9,11/1/03,-17.662144
3084,TSPh9,12/1/03,-24.66677574
3085,TSPh9,1/1/04,-27.08216826
3086,TSPh9,2/1/04,-26.23539724
3087,TSPh9,3/1/04,-33.47677394
3088,TSPh9,4/1/04,-27.8260048
3089,TSPh9,5/1/04,-36.55220594
3090,TSPh9,6/1/04,-22.8675184
3091,TSPh9,7/1/04,-20.33694426
3092,TSPh9,8/1/04,-13.86584361
3093,TSPh9,9/1/04,-4.630928
3094,TSPh9,10/1/04,-8.593885161
3095,TSPh9,11/1/04,-11.405108
3096,TSPh9,12/1/04,-23.42515819
3097,TSPh9,1/1/05,-22.78232516
3098,TSPh9,2/1/05,-16.21601314
3099,TSPh9,3/1/05,-20.66809471
3100,TSPh9,4/1/05,-17.3892464
3101,TSPh9,5/1/05,-15.16026039
3102,TSPh9,6/1/05,-11.695684
3103,TSPh9,7/1/05,-14.15717342
3104,TSPh9,8/1/05,
3105,TSPh9,9/1/05,
3106,TSPh9,10/1/05,
3107,TSPh9,11/1/05,
3108,TSPh9,12/1/05,-27.18914323
3109,TSPh9,1/1/06,-32.31145471
3110,TSPh9,2/1/06,-31.39755686
3111,TSPh9,3/1/06,-27.7346369
3112,TSPh9,4/1/06,-20.5372208
3113,TSPh9,5/1/06,-13.10187716
3114,TSPh9,6/1/06,-22.414484
3115,TSPh9,7/1/06,-22.96009239
3116,TSPh9,8/1/06,-14.46924929
3117,TSPh9,9/1/06,-8.5773768
3118,TSPh9,10/1/06,-10.3592671
3119,TSPh9,11/1/06,-14.708632
3120,TSPh9,12/1/06,-25.55177729
3121,TSPh9,1/1/07,-25.43605161
3122,TSPh9,2/1/07,-29.49484286
3123,TSPh9,3/1/07,-33.48994916
3124,TSPh9,4/1/07,-24.0495328
3125,TSPh9,5/1/07,-19.97560877
3126,TSPh9,6/1/07,-9.4755208
3127,TSPh9,7/1/07,-13.09066839
3128,TSPh9,8/1/07,-16.03759277
3129,TSPh9,9/1/07,-6.0200032
3130,TSPh9,10/1/07,-10.415016
3131,TSPh9,11/1/07,-14.9745192
3132,TSPh9,12/1/07,-24.94011252
3133,TSPh9,1/1/08,-27.16711897
3134,TSPh9,2/1/08,-28.61714648
3135,TSPh9,3/1/08,-35.6149951
3136,TSPh9,4/1/08,-21.2692488
3137,TSPh9,5/1/08,-19.53433703
3138,TSPh9,6/1/08,-22.708616
3139,TSPh9,7/1/08,-12.29464877
3140,TSPh9,8/1/08,-4.396297548
3141,TSPh9,9/1/08,-1.5332456
3142,TSPh9,10/1/08,-9.468169548
3143,TSPh9,11/1/08,-13.8700256
3144,TSPh9,12/1/08,-28.28072052
3145,TSPh9,1/1/09,-35.96649832
3146,TSPh9,2/1/09,-38.04306771
3147,TSPh9,3/1/09,-27.89598426
3148,TSPh9,4/1/09,-27.2035016
3149,TSPh9,5/1/09,-19.15235381
3150,TSPh9,6/1/09,-7.563612
3151,TSPh9,7/1/09,-18.37344232
3152,TSPh9,8/1/09,-10.93868206
3153,TSPh9,9/1/09,4.368292
3154,TSPh9,10/1/09,-4.745932645
3155,TSPh9,11/1/09,-6.3363856
3156,TSPh9,12/1/09,-11.57669729
3157,TSPh9,1/1/10,-23.05733342
3158,TSPh9,2/1/10,-19.05947057
3159,TSPh9,3/1/10,-22.38441368
3160,TSPh9,4/1/10,-28.491688
3161,TSPh9,5/1/10,-26.20876877
3162,TSPh9,6/1/10,-17.8210464
3163,TSPh9,7/1/10,-17.52413187
3164,TSPh9,8/1/10,-10.36949265
3165,TSPh9,9/1/10,-4.1384728
3166,TSPh9,10/1/10,-11.14791252
3167,TSPh9,11/1/10,-15.891764
3168,TSPh9,12/1/10,-23.29183277
3169,TSPh9,1/1/11,-27.42885368
3170,TSPh9,2/1/11,-33.99575914
3171,TSPh9,3/1/11,-33.13136671
3172,TSPh9,4/1/11,-26.3046464
3173,TSPh9,5/1/11,-24.14674761
3174,TSPh9,6/1/11,-20.7093312
3175,TSPh9,7/1/11,-13.8400831
3176,TSPh9,8/1/11,-4.143116903
3177,TSPh9,9/1/11,-4.147312
3178,TSPh9,10/1/11,-8.980292903
3179,TSPh9,11/1/11,-13.4928864
3180,TSPh9,12/1/11,-20.013168
3181,TSPh9,1/1/12,-28.97438632
3182,TSPh9,2/1/12,-20.95048055
3183,TSPh9,3/1/12,-26.36549497
3184,TSPh9,4/1/12,-17.6947576
3185,TSPh9,5/1/12,-11.71336568
3186,TSPh9,6/1/12,-2.7656536
3187,TSPh9,7/1/12,-12.50102787
3188,TSPh9,8/1/12,-10.09359948
3189,TSPh9,9/1/12,-13.4734808
3190,TSPh9,10/1/12,-8.534989935
3191,TSPh9,11/1/12,-1.3993368
3192,TSPh9,12/1/12,-12.14903303
3193,TSPh9,1/1/13,-21.98453574
3194,TSPh9,2/1/13,-20.30904171
3195,TSPh9,3/1/13,-17.61852155
3196,TSPh9,4/1/13,-24.4100096
3197,TSPh9,5/1/13,-15.01956077
3198,TSPh9,6/1/13,-17.78254
3199,TSPh9,7/1/13,-11.28182787
3200,TSPh9,8/1/13,-16.02068129
3201,TSPh9,9/1/13,-5.9737752
3202,TSPh9,10/1/13,-4.134857806
3203,TSPh9,11/1/13,-12.8998472
3204,TSPh9,12/1/13,-15.95952465
3205,TSPh9,1/1/14,-18.59604465
3206,TSPh9,2/1/14,-13.38540086
3207,TSPh9,3/1/14,-16.24623329
3208,TSPh9,4/1/14,-18.5591704
3209,TSPh9,5/1/14,-20.05416852
3210,TSPh9,6/1/14,-18.4448704
3211,TSPh9,7/1/14,-9.879452903
3212,TSPh9,8/1/14,-4.993902194
3213,TSPh9,9/1/14,-3.0625288
3214,TSPh9,10/1/14,-3.613551484
3215,TSPh9,11/1/14,-9.2025216
3216,TSPh9,12/1/14,-6.543761032
3217,TSPh9,1/1/15,-17.34272671
3218,TSPh9,2/1/15,-15.566898
3219,TSPh9,3/1/15,-23.51630323
3220,TSPh9,4/1/15,-17.6452784
3221,TSPh9,5/1/15,-20.3475631
3222,TSPh9,6/1/15,-18.7225432
3223,TSPh9,7/1/15,-11.73951948
3224,TSPh9,8/1/15,-3.314257548
3225,TSPh9,9/1/15,2.7874976
3226,TSPh9,10/1/15,9.997636645
3227,TSPh9,11/1/15,-8.5901784
3228,TSPh9,12/1/15,-7.468091613
3229,TSPh9,1/1/16,-7.799537032
3230,TSPh9,2/1/16,-13.49097352
3231,TSPh9,3/1/16,-18.27816774
3232,TSPh9,4/1/16,-15.5891992
3233,TSPh9,5/1/16,-10.16360516
3234,TSPh9,6/1/16,-13.1640072
3235,TSPh9,7/1/16,-17.99686684
3236,TSPh9,8/1/16,-11.5418911
3237,TSPh9,9/1/16,-6.3094616
3238,TSPh9,10/1/16,-5.084260645
3239,TSPh9,11/1/16,-4.1355264
3240,TSPh9,12/1/16,-16.97106735
3241,TSPh9,1/1/17,-14.51949213
3242,TSPh9,2/1/17,-19.80797229
3243,TSPh9,3/1/17,-27.21932826
3244,TSPh9,4/1/17,-16.0100264
3245,TSPh9,5/1/17,-14.87738632
3246,TSPh9,6/1/17,-10.4806496
3247,TSPh9,7/1/17,-10.01631794
3248,TSPh9,8/1/17,-10.07187019
3249,TSPh9,9/1/17,0.3288792
3250,TSPh9,10/1/17,0.124673032
3251,TSPh9,11/1/17,-8.6164928
3252,TSPh9,12/1/17,-13.23716903
3253,TSPh9,1/1/18,-24.34771897
3254,TSPh9,2/1/18,-29.60413543
3255,TSPh9,3/1/18,-11.20071174
3256,TSPh9,4/1/18,-14.3016224
3257,TSPh9,5/1/18,-24.09375174
3258,TSPh9,6/1/18,-14.7870672
3259,TSPh9,7/1/18,-9.428152258
3260,TSPh9,8/1/18,-12.96442219
3261,TSPh9,9/1/18,-6.306312
3262,TSPh9,10/1/18,-9.551252129
3263,TSPh9,11/1/18,-8.2677
3264,TSPh9,12/1/18,-9.469644387
3265,TSPh9,1/1/19,-16.96349652
3266,TSPh9,2/1/19,-16.89593486
3267,TSPh9,3/1/19,-12.45245652
3268,TSPh9,4/1/19,-11.7214904
3269,TSPh9,5/1/19,-17.52963794
3270,TSPh9,6/1/19,-6.48208
3271,TSPh9,7/1/19,-5.691795871
3272,TSPh9,8/1/19,1.089512516
3273,TSPh9,9/1/19,-0.8435848
3274,TSPh9,10/1/19,10.22043561
3275,TSPh9,11/1/19,5.293868
3276,TSPh9,12/1/19,-9.293155355
3277,TSPh9,1/1/20,-17.4519631
3278,TSPh9,2/1/20,-19.16519338
3279,TSPh9,3/1/20,-22.46346503
3280,TSPh9,4/1/20,-9.840976
3281,TSPh9,5/1/20,-11.83105781
3282,TSPh9,6/1/20,-8.0710024
3283,TSPh9,7/1/20,-7.144217032
3284,TSPh9,8/1/20,-4.080092129
3285,TSPh9,9/1/20,6.18998
3286,TSPh9,10/1/20,6.92544929
3287,TSPh9,11/1/20,-8.1154016
3288,TSPh9,12/1/20,-14.09513187
3289,TSPh9,1/1/21,-17.16830245
3290,TSPh9,2/1/21,-12.87573171
3291,TSPh9,3/1/21,-14.73737497
3292,TSPh9,4/1/21,-13.5562848
3293,TSPh9,5/1/21,-19.32432
3294,TSPh9,6/1/21,-14.9654768
3295,TSPh9,7/1/21,-11.38555819
3296,TSPh9,8/1/21,-5.933964387
3297,TSPh9,9/1/21,-0.40894
3298,TSPh9,10/1/21,2.879180129
3299,TSPh9,11/1/21,1.2130024
3300,TSPh9,12/1/21,-5.638505032
3301,TSPh9,1/1/22,-5.886474581
3302,TSPh9,2/1/22,-15.09957429
3303,TSPh9,3/1/22,-15.69218555
3304,TSPh9,4/1/22,-15.8188152
3305,TSPh9,5/1/22,-5.412264774
3306,TSPh9,6/1/22,-2.3029672
3307,TSPh9,7/1/22,-11.68583535
3308,TSPh9,8/1/22,-3.98639071
3309,TSPh9,9/1/22,12.0887744
3310,TSPh9,10/1/22,8.65287871
3311,TSPh9,11/1/22,5.346192
3312,TSPh9,12/1/22,-2.407428387
3313,TSPh10,1/1/00,-24.69263458
3314,TSPh10,2/1/00,
3315,TSPh10,3/1/00,
3316,TSPh10,4/1/00,
3317,TSPh10,5/1/00,-26.25478374
3318,TSPh10,6/1/00,-19.3145664
3319,TSPh10,7/1/00,-10.51697652
3320,TSPh10,8/1/00,-12.67692697
3321,TSPh10,9/1/00,-8.2273648
3322,TSPh10,10/1/00,-5.704872774
3323,TSPh10,11/1/00,-15.5181808
3324,TSPh10,12/1/00,-22.54320465
3325,TSPh10,1/1/01,-31.58160619
3326,TSPh10,2/1/01,-36.706302
3327,TSPh10,3/1/01,-26.90587587
3328,TSPh10,4/1/01,-33.5922112
3329,TSPh10,5/1/01,-22.62500903
3330,TSPh10,6/1/01,-29.9926248
3331,TSPh10,7/1/01,-20.54499484
3332,TSPh10,8/1/01,-16.75682245
3333,TSPh10,9/1/01,-10.652252
3334,TSPh10,10/1/01,-9.836584258
3335,TSPh10,11/1/01,-11.1044736
3336,TSPh10,12/1/01,-20.2792289
3337,TSPh10,1/1/02,-29.22678039
3338,TSPh10,2/1/02,-25.18268486
3339,TSPh10,3/1/02,
3340,TSPh10,4/1/02,-24.8217944
3341,TSPh10,5/1/02,
3342,TSPh10,6/1/02,
3343,TSPh10,7/1/02,-20.45660284
3344,TSPh10,8/1/02,-12.74948903
3345,TSPh10,9/1/02,-6.7862704
3346,TSPh10,10/1/02,-5.897781677
3347,TSPh10,11/1/02,-15.397988
3348,TSPh10,12/1/02,-24.28017135
3349,TSPh10,1/1/03,-31.16619329
3350,TSPh10,2/1/03,-35.05559229
3351,TSPh10,3/1/03,-24.91317213
3352,TSPh10,4/1/03,-20.606512
3353,TSPh10,5/1/03,-20.16124181
3354,TSPh10,6/1/03,-21.109432
3355,TSPh10,7/1/03,-23.6777489
3356,TSPh10,8/1/03,-15.98744826
3357,TSPh10,9/1/03,-9.0442288
3358,TSPh10,10/1/03,-11.0999311
3359,TSPh10,11/1/03,-12.8095248
3360,TSPh10,12/1/03,-22.25197316
3361,TSPh10,1/1/04,-25.85382426
3362,TSPh10,2/1/04,-25.72175669
3363,TSPh10,3/1/04,-28.19734297
3364,TSPh10,4/1/04,-27.8894032
3365,TSPh10,5/1/04,-31.78277419
3366,TSPh10,6/1/04,-23.2483152
3367,TSPh10,7/1/04,-21.8106031
3368,TSPh10,8/1/04,-17.31283665
3369,TSPh10,9/1/04,-9.0289888
3370,TSPh10,10/1/04,-10.58245935
3371,TSPh10,11/1/04,-13.0011424
3372,TSPh10,12/1/04,-27.15423871
3373,TSPh10,1/1/05,-24.19325419
3374,TSPh10,2/1/05,-20.01218829
3375,TSPh10,3/1/05,-27.14833935
3376,TSPh10,4/1/05,-22.5683064
3377,TSPh10,5/1/05,-19.98072155
3378,TSPh10,6/1/05,-17.0130216
3379,TSPh10,7/1/05,-17.59482581
3380,TSPh10,8/1/05,-12.00548206
3381,TSPh10,9/1/05,-6.9073776
3382,TSPh10,10/1/05,-3.622302194
3383,TSPh10,11/1/05,-18.543524
3384,TSPh10,12/1/05,-26.07033058
3385,TSPh10,1/1/06,-30.11777961
3386,TSPh10,2/1/06,-31.36261371
3387,TSPh10,3/1/06,-26.72043948
3388,TSPh10,4/1/06,-20.9674968
3389,TSPh10,5/1/06,
3390,TSPh10,6/1/06,
3391,TSPh10,7/1/06,-24.07644697
3392,TSPh10,8/1/06,-14.99419355
3393,TSPh10,9/1/06,-10.818368
3394,TSPh10,10/1/06,-7.857645677
3395,TSPh10,11/1/06,-13.8655552
3396,TSPh10,12/1/06,-23.05271226
3397,TSPh10,1/1/07,-23.25741987
3398,TSPh10,2/1/07,-29.30989457
3399,TSPh10,3/1/07,-29.05117626
3400,TSPh10,4/1/07,-24.1927888
3401,TSPh10,5/1/07,-14.20544981
3402,TSPh10,6/1/07,-11.5677696
3403,TSPh10,7/1/07,-15.24540774
3404,TSPh10,8/1/07,-15.75196568
3405,TSPh10,9/1/07,-6.1870336
3406,TSPh10,10/1/07,-5.195955097
3407,TSPh10,11/1/07,-12.1496328
3408,TSPh10,12/1/07,
3409,TSPh10,1/1/08,-24.80944181
3410,TSPh10,2/1/08,-29.91496386
3411,TSPh10,3/1/08,-34.91385677
3412,TSPh10,4/1/08,-19.923252
3413,TSPh10,5/1/08,-20.24383277
3414,TSPh10,6/1/08,-22.737572
3415,TSPh10,7/1/08,-13.27384335
3416,TSPh10,8/1/08,-7.116981677
3417,TSPh10,9/1/08,2.7582368
3418,TSPh10,10/1/08,-5.679898839
3419,TSPh10,11/1/08,-12.1214896
3420,TSPh10,12/1/08,-27.6322831
3421,TSPh10,1/1/09,-35.6533409
3422,TSPh10,2/1/09,-36.73384286
3423,TSPh10,3/1/09,-26.09550116
3424,TSPh10,4/1/09,-27.7471632
3425,TSPh10,5/1/09,-19.565112
3426,TSPh10,6/1/09,-12.7087376
3427,TSPh10,7/1/09,-20.81616852
3428,TSPh10,8/1/09,-10.77005884
3429,TSPh10,9/1/09,2.9395928
3430,TSPh10,10/1/09,-4.790374452
3431,TSPh10,11/1/09,-4.0286432
3432,TSPh10,12/1/09,-12.088368
3433,TSPh10,1/1/10,-23.55042116
3434,TSPh10,2/1/10,-21.19513886
3435,TSPh10,3/1/10,-26.56577806
3436,TSPh10,4/1/10,-27.589988
3437,TSPh10,5/1/10,-25.31354168
3438,TSPh10,6/1/10,-18.03908
3439,TSPh10,7/1/10,-17.27075458
3440,TSPh10,8/1/10,-12.44960516
3441,TSPh10,9/1/10,-2.3453344
3442,TSPh10,10/1/10,-8.67804929
3443,TSPh10,11/1/10,-14.0865352
3444,TSPh10,12/1/10,-23.32359097
3445,TSPh10,1/1/11,-28.78029755
3446,TSPh10,2/1/11,-34.120836
3447,TSPh10,3/1/11,-31.86153058
3448,TSPh10,4/1/11,-27.3526504
3449,TSPh10,5/1/11,-25.95657135
3450,TSPh10,6/1/11,-19.6309488
3451,TSPh10,7/1/11,-15.17225574
3452,TSPh10,8/1/11,-7.805141419
3453,TSPh10,9/1/11,-6.6803016
3454,TSPh10,10/1/11,-7.972879742
3455,TSPh10,11/1/11,-10.0748592
3456,TSPh10,12/1/11,-17.67810503
3457,TSPh10,1/1/12,-28.89376181
3458,TSPh10,2/1/12,-20.59312883
3459,TSPh10,3/1/12,-23.07355665
3460,TSPh10,4/1/12,-18.9770512
3461,TSPh10,5/1/12,-13.86781006
3462,TSPh10,6/1/12,-6.873748
3463,TSPh10,7/1/12,-14.20751458
3464,TSPh10,8/1/12,-11.73450503
3465,TSPh10,9/1/12,-14.936216
3466,TSPh10,10/1/12,-6.865079226
3467,TSPh10,11/1/12,-1.0935208
3468,TSPh10,12/1/12,-12.48844258
3469,TSPh10,1/1/13,-21.00219484
3470,TSPh10,2/1/13,-20.87368371
3471,TSPh10,3/1/13,-18.60292723
3472,TSPh10,4/1/13,-23.6281976
3473,TSPh10,5/1/13,-16.45988826
3474,TSPh10,6/1/13,-20.3269088
3475,TSPh10,7/1/13,-13.95177755
3476,TSPh10,8/1/13,-14.49805781
3477,TSPh10,9/1/13,-6.8694808
3478,TSPh10,10/1/13,-3.295871226
3479,TSPh10,11/1/13,-8.0717136
3480,TSPh10,12/1/13,-14.85398555
3481,TSPh10,1/1/14,-18.76122658
3482,TSPh10,2/1/14,-15.39882257
3483,TSPh10,3/1/14,-18.34424052
3484,TSPh10,4/1/14,-19.8167752
3485,TSPh10,5/1/14,-17.53288258
3486,TSPh10,6/1/14,-18.4676288
3487,TSPh10,7/1/14,-12.26485703
3488,TSPh10,8/1/14,-6.325189935
3489,TSPh10,9/1/14,-3.5714432
3490,TSPh10,10/1/14,-3.914516903
3491,TSPh10,11/1/14,-7.9104744
3492,TSPh10,12/1/14,-5.976341419
3493,TSPh10,1/1/15,-16.61228826
3494,TSPh10,2/1/15,-15.72223714
3495,TSPh10,3/1/15,-23.192232
3496,TSPh10,4/1/15,-17.8276504
3497,TSPh10,5/1/15,-17.55667665
3498,TSPh10,6/1/15,-18.0755544
3499,TSPh10,7/1/15,-12.82028129
3500,TSPh10,8/1/15,-4.640825806
3501,TSPh10,9/1/15,1.1044936
3502,TSPh10,10/1/15,10.39485987
3503,TSPh10,11/1/15,-5.6925464
3504,TSPh10,12/1/15,-6.750238452
3505,TSPh10,1/1/16,
3506,TSPh10,2/1/16,-13.68383834
3507,TSPh10,3/1/16,-17.58794323
3508,TSPh10,4/1/16,-12.3897136
3509,TSPh10,5/1/16,-9.832356387
3510,TSPh10,6/1/16,-15.2185624
3511,TSPh10,7/1/16,-17.64133239
3512,TSPh10,8/1/16,
3513,TSPh10,9/1/16,-8.1822544
3514,TSPh10,10/1/16,0.31738529
3515,TSPh10,11/1/16,-1.4832584
3516,TSPh10,12/1/16,-16.26668439
3517,TSPh10,1/1/17,
3518,TSPh10,2/1/17,-21.18022543
3519,TSPh10,3/1/17,
3520,TSPh10,4/1/17,-14.84122
3521,TSPh10,5/1/17,-17.33751561
3522,TSPh10,6/1/17,-12.9547112
3523,TSPh10,7/1/17,-11.39460387
3524,TSPh10,8/1/17,-11.95592748
3525,TSPh10,9/1/17,1.7138904
3526,TSPh10,10/1/17,2.948300903
3527,TSPh10,11/1/17,-5.9360816
3528,TSPh10,12/1/17,-13.36960955
3529,TSPh10,1/1/18,-22.57083329
3530,TSPh10,2/1/18,-28.47768171
3531,TSPh10,3/1/18,-12.23368877
3532,TSPh10,4/1/18,-16.54048
3533,TSPh10,5/1/18,-24.73452
3534,TSPh10,6/1/18,-17.777968
3535,TSPh10,7/1/18,-12.33230632
3536,TSPh10,8/1/18,-13.26066813
3537,TSPh10,9/1/18,-6.937756
3538,TSPh10,10/1/18,-7.648415226
3539,TSPh10,11/1/18,-8.5387688
3540,TSPh10,12/1/18,-11.15341858
3541,TSPh10,1/1/19,-17.32738839
3542,TSPh10,2/1/19,-17.17613314
3543,TSPh10,3/1/19,-11.54120284
3544,TSPh10,4/1/19,-13.2630672
3545,TSPh10,5/1/19,-17.20143716
3546,TSPh10,6/1/19,-9.073388
3547,TSPh10,7/1/19,-7.654609548
3548,TSPh10,8/1/19,-1.716712258
3549,TSPh10,9/1/19,1.50622
3550,TSPh10,10/1/19,11.1748529
3551,TSPh10,11/1/19,5.6700928
3552,TSPh10,12/1/19,-9.585370065
3553,TSPh10,1/1/20,-15.92373523
3554,TSPh10,2/1/20,-20.16073324
3555,TSPh10,3/1/20,-22.05680284
3556,TSPh10,4/1/20,-14.0311632
3557,TSPh10,5/1/20,-12.63297677
3558,TSPh10,6/1/20,-8.9303352
3559,TSPh10,7/1/20,-8.677557677
3560,TSPh10,8/1/20,-4.926846194
3561,TSPh10,9/1/20,5.5018432
3562,TSPh10,10/1/20,8.035412903
3563,TSPh10,11/1/20,-1.6966184
3564,TSPh10,12/1/20,-14.0208
3565,TSPh10,1/1/21,-18.50922581
3566,TSPh10,2/1/21,-16.060674
3567,TSPh10,3/1/21,-15.11739174
3568,TSPh10,4/1/21,-14.0889736
3569,TSPh10,5/1/21,-18.03983381
3570,TSPh10,6/1/21,-16.6321232
3571,TSPh10,7/1/21,-13.14336929
3572,TSPh10,8/1/21,-6.019210065
3573,TSPh10,9/1/21,-1.5738856
3574,TSPh10,10/1/21,1.515445935
3575,TSPh10,11/1/21,1.5980664
3576,TSPh10,12/1/21,-6.220378065
3577,TSPh10,1/1/22,-6.900966968
3578,TSPh10,2/1/22,-13.88712343
3579,TSPh10,3/1/22,-15.64902194
3580,TSPh10,4/1/22,-14.426692
3581,TSPh10,5/1/22,-6.446421677
3582,TSPh10,6/1/22,-5.7324752
3583,TSPh10,7/1/22,-11.98453935
3584,TSPh10,8/1/22,-4.074586065
3585,TSPh10,9/1/22,9.8453448
3586,TSPh10,10/1/22,8.809506581
3587,TSPh10,11/1/22,6.6470784
3588,TSPh10,12/1/22,-1.549662194