Sample,Latitude,Longitude,Transect,TransectCategory,Ecotype,Site,Month,Year,FMax_C1,FMax_C2,FMax_C3,FMax_C4,FMax_C5,FMax_C6,Percent_C1,Percent_C2,Percent_C3,Percent_C4,Percent_C5,Percent_C6,dilution_factor,FI_FI370,BIX_FI310,HIX_FI254,Abs254,DOC_umol_L,DOC_mg_L,SUVA254,slp274_295,slp350_400,SR,ES_E3
FB10_2011c.txt,-9999,-9999,TS,1,Marine,NA,-9999,2011,1.123250141,0.945578018,0.605715052,0.380906273,0.393139044,0.226170457,30.56663432,25.73170165,16.48312323,10.36547635,10.69836268,6.154701785,-9999,-9999,-9999,-9999,-9999,-9999,-9999,-9999,-9999,-9999,-9999,-9999
FB10April2012c.txt,-9999,-9999,TS,1,Marine,NA,4,2012,-9999,-9999,-9999,-9999,-9999,-9999,-9999,-9999,-9999,-9999,-9999,-9999,-9999,-9999,-9999,-9999,-9999,-9999,-9999,-9999,-9999,-9999,-9999,-9999
FB10June2011c.txt,-9999,-9999,TS,1,Marine,NA,6,2011,-9999,-9999,-9999,-9999,-9999,-9999,-9999,-9999,-9999,-9999,-9999,-9999,-9999,-9999,-9999,-9999,-9999,-9999,-9999,-9999,-9999,-9999,-9999,-9999
FB11_2011c.txt,-9999,-9999,TS,1,Marine,NA,-9999,2011,0.473084926,0.482288449,0.33563248,0.155475463,0.245161082,0.138762103,25.84592235,26.34873591,18.33651956,8.494049432,13.39381988,7.580952868,-9999,-9999,-9999,-9999,-9999,-9999,-9999,-9999,-9999,-9999,-9999,-9999
FB11April2012c.txt,-9999,-9999,TS,1,Marine,NA,4,2012,-9999,-9999,-9999,-9999,-9999,-9999,-9999,-9999,-9999,-9999,-9999,-9999,-9999,-9999,-9999,-9999,-9999,-9999,-9999,-9999,-9999,-9999,-9999,-9999
FB11June2011c.txt,-9999,-9999,TS,1,Marine,NA,6,2011,-9999,-9999,-9999,-9999,-9999,-9999,-9999,-9999,-9999,-9999,-9999,-9999,-9999,-9999,-9999,-9999,-9999,-9999,-9999,-9999,-9999,-9999,-9999,-9999
FB12_2011c.txt,-9999,-9999,TS,1,Marine,NA,-9999,2011,0.499012734,0.530149877,0.338879978,0.152939229,0.31451415,0.27656443,23.62682121,25.10107559,16.04499465,7.24123369,14.89134259,13.09453226,-9999,-9999,-9999,-9999,-9999,-9999,-9999,-9999,-9999,-9999,-9999,-9999
FB12April2012c.txt,-9999,-9999,TS,1,Marine,NA,4,2011,-9999,-9999,-9999,-9999,-9999,-9999,-9999,-9999,-9999,-9999,-9999,-9999,-9999,-9999,-9999,-9999,-9999,-9999,-9999,-9999,-9999,-9999,-9999,-9999
FB12June2011c.txt,-9999,-9999,TS,1,Marine,NA,6,2011,-9999,-9999,-9999,-9999,-9999,-9999,-9999,-9999,-9999,-9999,-9999,-9999,-9999,-9999,-9999,-9999,-9999,-9999,-9999,-9999,-9999,-9999,-9999,-9999
FB15April2012c.txt,-9999,-9999,TS,1,Marine,NA,4,2012,-9999,-9999,-9999,-9999,-9999,-9999,-9999,-9999,-9999,-9999,-9999,-9999,-9999,-9999,-9999,-9999,-9999,-9999,-9999,-9999,-9999,-9999,-9999,-9999
FB15June2011c.txt,-9999,-9999,TS,1,Marine,NA,6,2011,-9999,-9999,-9999,-9999,-9999,-9999,-9999,-9999,-9999,-9999,-9999,-9999,-9999,-9999,-9999,-9999,-9999,-9999,-9999,-9999,-9999,-9999,-9999,-9999
FB16_2011c.txt,-9999,-9999,TS,1,Marine,NA,-9999,2011,0.550461247,0.565145613,0.277634845,0.186566902,0.249991111,0.177611439,27.42145002,28.15295763,13.83049229,9.293905808,12.45340846,8.847785796,-9999,-9999,-9999,-9999,-9999,-9999,-9999,-9999,-9999,-9999,-9999,-9999
FB16April2012c.txt,-9999,-9999,TS,1,Marine,NA,4,2012,-9999,-9999,-9999,-9999,-9999,-9999,-9999,-9999,-9999,-9999,-9999,-9999,-9999,-9999,-9999,-9999,-9999,-9999,-9999,-9999,-9999,-9999,-9999,-9999
FB16June2011c.txt,-9999,-9999,TS,1,Marine,NA,6,2011,-9999,-9999,-9999,-9999,-9999,-9999,-9999,-9999,-9999,-9999,-9999,-9999,-9999,-9999,-9999,-9999,-9999,-9999,-9999,-9999,-9999,-9999,-9999,-9999
FB18April2012c.txt,-9999,-9999,TS,1,Marine,NA,4,2012,-9999,-9999,-9999,-9999,-9999,-9999,-9999,-9999,-9999,-9999,-9999,-9999,-9999,-9999,-9999,-9999,-9999,-9999,-9999,-9999,-9999,-9999,-9999,-9999
FB18June2011c.txt,-9999,-9999,TS,1,Marine,NA,6,2011,-9999,-9999,-9999,-9999,-9999,-9999,-9999,-9999,-9999,-9999,-9999,-9999,-9999,-9999,-9999,-9999,-9999,-9999,-9999,-9999,-9999,-9999,-9999,-9999
FB19_2011c.txt,-9999,-9999,TS,1,Marine,NA,-9999,2011,-9999,-9999,-9999,-9999,-9999,-9999,-9999,-9999,-9999,-9999,-9999,-9999,-9999,-9999,-9999,-9999,-9999,-9999,-9999,-9999,-9999,-9999,-9999,-9999
FB19April2012c.txt,-9999,-9999,TS,1,Marine,NA,4,2012,-9999,-9999,-9999,-9999,-9999,-9999,-9999,-9999,-9999,-9999,-9999,-9999,-9999,-9999,-9999,-9999,-9999,-9999,-9999,-9999,-9999,-9999,-9999,-9999
FB19June2011c.txt,-9999,-9999,TS,1,Marine,NA,6,2011,-9999,-9999,-9999,-9999,-9999,-9999,-9999,-9999,-9999,-9999,-9999,-9999,-9999,-9999,-9999,-9999,-9999,-9999,-9999,-9999,-9999,-9999,-9999,-9999
FB2_2011c.txt,-9999,-9999,TS,1,Marine,NA,-9999,2011,0.270440765,0.301408444,0.208474784,0.081971644,0.206135884,0.178898348,21.6815753,24.16429297,16.7136849,6.571769495,16.52617239,14.34250494,-9999,-9999,-9999,-9999,-9999,-9999,-9999,-9999,-9999,-9999,-9999,-9999
FB211604I4sc.txt,25.17693,-80.48978,TS,1,Marine,9,4,2016,-9999,-9999,-9999,-9999,-9999,-9999,-9999,-9999,-9999,-9999,-9999,-9999,1,1.61,0.98,2.32,0.06,372.75,4.47,1.34,-0.0263,-0.0144,1.82,10.41
FB211605I4sc.txt,25.17693,-80.48978,TS,1,Marine,9,5,2016,-9999,-9999,-9999,-9999,-9999,-9999,-9999,-9999,-9999,-9999,-9999,-9999,1,1.62,1.09,1.75,0.08,605.75,7.27,1.1,-0.0309,-0.0214,1.44,14.65
FB211606I8sc.txt,25.17693,-80.48978,TS,1,Marine,9,6,2016,-9999,-9999,-9999,-9999,-9999,-9999,-9999,-9999,-9999,-9999,-9999,-9999,1,1.66,1.03,2.39,0.09,1033.33,12.4,0.73,-0.0283,-0.0188,1.5,12.84
FB211607I8sc.txt,25.17693,-80.48978,TS,1,Marine,9,7,2016,-9999,-9999,-9999,-9999,-9999,-9999,-9999,-9999,-9999,-9999,-9999,-9999,1,1.69,1,2.14,0.06,500.67,6.01,1,-0.0272,-0.0188,1.44,10.77
FB211610I8sc.txt,25.17693,-80.48978,TS,1,Marine,9,10,2016,-9999,-9999,-9999,-9999,-9999,-9999,-9999,-9999,-9999,-9999,-9999,-9999,1,1.63,0.96,1.92,0.09,650.33,7.8,1.15,-0.0296,-0.0208,1.42,13.73
FB211611I8sc.txt,25.17693,-80.48978,TS,1,Marine,9,11,2016,-9999,-9999,-9999,-9999,-9999,-9999,-9999,-9999,-9999,-9999,-9999,-9999,1,1.62,0.93,2.34,0.09,559.42,6.71,1.34,-0.0293,-0.0222,1.32,14.36
FB211612I2sc.txt,25.17693,-80.48978,TS,1,Marine,9,12,2016,-9999,-9999,-9999,-9999,-9999,-9999,-9999,-9999,-9999,-9999,-9999,-9999,1,1.62,0.87,3.27,0.08,395.92,4.75,1.68,-0.0255,-0.0168,1.52,9.96
FB211701I8sc.txt,25.17693,-80.48978,TS,1,Marine,9,1,2017,-9999,-9999,-9999,-9999,-9999,-9999,-9999,-9999,-9999,-9999,-9999,-9999,1,1.66,0.94,2.82,0.14,978.33,11.74,1.19,-0.0273,-0.0215,1.27,12.86
FB211702I8sc.txt,25.17693,-80.48978,TS,1,Marine,9,2,2017,-9999,-9999,-9999,-9999,-9999,-9999,-9999,-9999,-9999,-9999,-9999,-9999,1,1.63,0.96,3.05,0.14,857.5,10.29,1.36,-0.0283,-0.0209,1.35,13.4
FB211703I8sc.txt,25.17693,-80.48978,TS,1,Marine,9,3,2017,-9999,-9999,-9999,-9999,-9999,-9999,-9999,-9999,-9999,-9999,-9999,-9999,1,1.64,0.95,2.64,0.12,815.17,9.78,1.23,-0.029,-0.0212,1.37,13.65
FB211704I8sc.txt,25.17693,-80.48978,TS,1,Marine,9,4,2017,-9999,-9999,-9999,-9999,-9999,-9999,-9999,-9999,-9999,-9999,-9999,-9999,1,1.58,0.82,1.67,0.03,170.08,2.04,1.47,-0.0259,-0.0219,1.18,9.01
FB211705I8sc.txt,25.17693,-80.48978,TS,1,Marine,9,5,2017,-9999,-9999,-9999,-9999,-9999,-9999,-9999,-9999,-9999,-9999,-9999,-9999,1,1.65,0.89,1.91,0.05,276.33,3.32,1.51,-0.0254,-0.0201,1.26,8.99
FB211706I8sc.txt,25.17693,-80.48978,TS,1,Marine,9,6,2017,-9999,-9999,-9999,-9999,-9999,-9999,-9999,-9999,-9999,-9999,-9999,-9999,1,1.7,0.9,1.67,0.06,378.42,4.54,1.32,-0.0288,-0.0234,1.23,12.32
FB211707I8sc.txt,25.17693,-80.48978,TS,1,Marine,9,7,2017,-9999,-9999,-9999,-9999,-9999,-9999,-9999,-9999,-9999,-9999,-9999,-9999,1,1.68,0.91,2.05,0.07,515.17,6.18,1.13,-0.028,-0.0227,1.23,12.6
FB211708I8sc.txt,25.17693,-80.48978,TS,1,Marine,9,8,2017,-9999,-9999,-9999,-9999,-9999,-9999,-9999,-9999,-9999,-9999,-9999,-9999,1,1.66,0.95,2.05,0.09,631.67,7.58,1.19,-0.0285,-0.0217,1.31,13.08
FB211709I8sc.txt,25.17693,-80.48978,TS,1,Marine,9,9,2017,-9999,-9999,-9999,-9999,-9999,-9999,-9999,-9999,-9999,-9999,-9999,-9999,1,1.63,0.91,3.79,0.1,549.83,6.6,1.52,-0.0265,-0.0222,1.2,11.16
FB211710I8sc.txt,25.17693,-80.48978,TS,1,Marine,9,10,2017,-9999,-9999,-9999,-9999,-9999,-9999,-9999,-9999,-9999,-9999,-9999,-9999,1,1.69,0.94,2.94,0.09,3057.17,36.69,0.25,-0.0287,-0.023,1.25,13.34
FB211711I8sc.txt,25.17693,-80.48978,TS,1,Marine,9,11,2017,-9999,-9999,-9999,-9999,-9999,-9999,-9999,-9999,-9999,-9999,-9999,-9999,1,1.67,0.95,3.09,0.1,523.33,6.28,1.59,-0.0275,-0.0233,1.18,12.68
FB21APR2014c.txt,25.17693,-80.48978,TS,1,Marine,9,4,2014,-9999,-9999,-9999,-9999,-9999,-9999,-9999,-9999,-9999,-9999,-9999,-9999,1,1.67,1,2.76,0.1,653.58,7.84,1.28,-0.031,-0.0217,1.43,16.58
FB21April2012c.txt,-9999,-9999,TS,1,Marine,NA,4,2012,-9999,-9999,-9999,-9999,-9999,-9999,-9999,-9999,-9999,-9999,-9999,-9999,1,1.68,1.05,1.71,0.08,400.54,4.81,1.66,-0.0252,-0.0125,2.01,7.38
FB21April2013c.txt,25.17693,-80.48978,TS,1,Marine,9,4,2013,-9999,-9999,-9999,-9999,-9999,-9999,-9999,-9999,-9999,-9999,-9999,-9999,1,1.64,0.91,2.95,0.05,338.71,4.06,1.23,-0.0283,-0.016,1.77,11.29
FB21April2018c.txt,25.17693,-80.48978,TS,1,Marine,9,4,2018,-9999,-9999,-9999,-9999,-9999,-9999,-9999,-9999,-9999,-9999,-9999,-9999,1,1.6,1.01,2.9,0.11,800.25,9.6,1.15,-0.0287,-0.016,1.8,11.12
FB21Aug2013c.txt,25.17693,-80.48978,TS,1,Marine,9,8,2013,-9999,-9999,-9999,-9999,-9999,-9999,-9999,-9999,-9999,-9999,-9999,-9999,1,1.66,1.05,2.24,0.07,559.92,6.72,1.04,-0.0304,-0.0197,1.55,15.37
FB21Dec2012c.txt,-9999,-9999,TS,1,Marine,NA,12,2012,-9999,-9999,-9999,-9999,-9999,-9999,-9999,-9999,-9999,-9999,-9999,-9999,1,1.71,0.99,2.93,0.1,621.08,7.45,1.34,-0.0267,-0.0165,1.61,10.95
FB21Dec2017c.txt,25.17693,-80.48978,TS,1,Marine,9,12,2017,-9999,-9999,-9999,-9999,-9999,-9999,-9999,-9999,-9999,-9999,-9999,-9999,1,1.65,0.93,2.84,0.14,849.17,10.19,1.37,-0.0264,-0.0222,1.19,12.14
FB21Feb2012c.txt,-9999,-9999,TS,1,Marine,NA,2,2012,-9999,-9999,-9999,-9999,-9999,-9999,-9999,-9999,-9999,-9999,-9999,-9999,1,1.72,1.01,2.35,0.1,571.71,6.86,1.46,-0.0299,-0.0202,1.48,13.57
FB21Feb2013c.txt,25.17693,-80.48978,TS,1,Marine,9,2,2013,-9999,-9999,-9999,-9999,-9999,-9999,-9999,-9999,-9999,-9999,-9999,-9999,1,1.62,1,2.49,0.08,546.5,6.56,1.22,-0.0326,-0.0432,0.76,26.34
FB21FEB2014c.txt,25.17693,-80.48978,TS,1,Marine,9,2,2014,-9999,-9999,-9999,-9999,-9999,-9999,-9999,-9999,-9999,-9999,-9999,-9999,1,1.69,0.99,3.14,0.09,645.5,7.75,1.16,-0.025,-0.0175,1.42,9.73
FB21Feb2018c.txt,25.17693,-80.48978,TS,1,Marine,9,2,2018,-9999,-9999,-9999,-9999,-9999,-9999,-9999,-9999,-9999,-9999,-9999,-9999,1,1.59,0.92,2.34,0.07,436,5.23,1.34,-0.0283,-0.0187,1.52,11.29
FB21Jan2018c.txt,25.17693,-80.48978,TS,1,Marine,9,1,2018,-9999,-9999,-9999,-9999,-9999,-9999,-9999,-9999,-9999,-9999,-9999,-9999,1,1.67,0.93,3.6,0.14,721.67,8.66,1.62,-0.0254,-0.0177,1.44,10.46
FB21July2012c.txt,-9999,-9999,TS,1,Marine,NA,7,2012,-9999,-9999,-9999,-9999,-9999,-9999,-9999,-9999,-9999,-9999,-9999,-9999,1,1.68,0.93,3.31,0.12,689.5,8.27,1.45,-0.0267,-0.015,1.78,9.63
FB21July2013c.txt,25.17693,-80.48978,TS,1,Marine,9,7,2013,-9999,-9999,-9999,-9999,-9999,-9999,-9999,-9999,-9999,-9999,-9999,-9999,1,1.69,0.96,2.52,0.07,502.71,6.03,1.16,-0.0281,-0.019,1.48,12.11
FB21June2013c.txt,25.17693,-80.48978,TS,1,Marine,9,6,2013,-9999,-9999,-9999,-9999,-9999,-9999,-9999,-9999,-9999,-9999,-9999,-9999,1,1.63,1.14,1.95,0.06,428.92,5.15,1.17,-0.0268,-0.0189,1.42,10.9
FB21Mar2012c.txt,-9999,-9999,TS,1,Marine,NA,3,2012,-9999,-9999,-9999,-9999,-9999,-9999,-9999,-9999,-9999,-9999,-9999,-9999,1,1.7,0.95,2.27,0.04,214.63,2.58,1.55,-0.0221,-0.0116,1.91,5.49
FB21Mar2013c.txt,25.17693,-80.48978,TS,1,Marine,9,3,2013,-9999,-9999,-9999,-9999,-9999,-9999,-9999,-9999,-9999,-9999,-9999,-9999,1,1.67,1.03,2.71,0.1,661.17,7.93,1.26,-0.0291,-0.0162,1.8,12.52
FB21MAR2014c.txt,25.17693,-80.48978,TS,1,Marine,9,3,2014,-9999,-9999,-9999,-9999,-9999,-9999,-9999,-9999,-9999,-9999,-9999,-9999,1,1.6,0.95,2.91,0.11,645.5,7.75,1.42,-0.0276,-0.0223,1.24,13.99
FB21March2018c.txt,25.17693,-80.48978,TS,1,Marine,9,3,2018,-9999,-9999,-9999,-9999,-9999,-9999,-9999,-9999,-9999,-9999,-9999,-9999,1,1.67,1.31,1.79,0.16,823.42,9.88,1.62,-0.0252,-0.0166,1.52,9.1
FB21May2012c.txt,-9999,-9999,TS,1,Marine,NA,5,2012,-9999,-9999,-9999,-9999,-9999,-9999,-9999,-9999,-9999,-9999,-9999,-9999,1,1.64,0.9,4.1,0.05,243.88,2.93,1.71,-0.0224,-0.0116,1.93,6.25
FB21May2013c.txt,25.17693,-80.48978,TS,1,Marine,9,5,2013,-9999,-9999,-9999,-9999,-9999,-9999,-9999,-9999,-9999,-9999,-9999,-9999,1,1.77,0.96,2.49,0.04,330.67,3.97,1.01,-0.028,-0.0177,1.58,10.39
FB21MAY2014c.txt,25.17693,-80.48978,TS,1,Marine,9,5,2014,-9999,-9999,-9999,-9999,-9999,-9999,-9999,-9999,-9999,-9999,-9999,-9999,1,1.68,1,2.23,0.05,293.33,3.52,1.42,-0.0193,-0.0105,1.84,4.98
FB21Nov2013c.txt,25.17693,-80.48978,TS,1,Marine,9,11,2013,-9999,-9999,-9999,-9999,-9999,-9999,-9999,-9999,-9999,-9999,-9999,-9999,-9999,-9999,-9999,-9999,-9999,-9999,-9999,-9999,-9999,-9999,-9999,-9999
FB21NOV2014c.txt,25.17693,-80.48978,TS,1,Marine,9,11,2014,-9999,-9999,-9999,-9999,-9999,-9999,-9999,-9999,-9999,-9999,-9999,-9999,1,1.61,1.01,2.97,0.05,340.58,4.09,1.22,-0.0283,-0.021,1.34,12.41
FB21Oct2013c.txt,25.17693,-80.48978,TS,1,Marine,9,10,2013,-9999,-9999,-9999,-9999,-9999,-9999,-9999,-9999,-9999,-9999,-9999,-9999,-9999,-9999,-9999,-9999,-9999,-9999,-9999,-9999,-9999,-9999,-9999,-9999
FB21OCT2014c.txt,25.17693,-80.48978,TS,1,Marine,9,10,2014,-9999,-9999,-9999,-9999,-9999,-9999,-9999,-9999,-9999,-9999,-9999,-9999,1,1.73,1.07,2.05,0.07,602.33,7.23,0.97,-0.0309,-0.0223,1.38,15.51
FB21Sep2013c.txt,25.17693,-80.48978,TS,1,Marine,9,9,2013,-9999,-9999,-9999,-9999,-9999,-9999,-9999,-9999,-9999,-9999,-9999,-9999,1,1.68,0.94,2.73,0.08,636.13,7.63,1.05,-0.0279,-0.0179,1.56,11.8
FB21SEP2014c.txt,25.17693,-80.48978,TS,1,Marine,9,9,2014,-9999,-9999,-9999,-9999,-9999,-9999,-9999,-9999,-9999,-9999,-9999,-9999,1,1.72,1.04,2.3,0.07,488.58,5.86,1.19,-0.0283,-0.0207,1.37,12.96
FB22_2011c.txt,-9999,-9999,TS,1,Marine,NA,-9999,2011,-9999,-9999,-9999,-9999,-9999,-9999,-9999,-9999,-9999,-9999,-9999,-9999,-9999,-9999,-9999,-9999,-9999,-9999,-9999,-9999,-9999,-9999,-9999,-9999
FB22April2012c.txt,-9999,-9999,TS,1,Marine,NA,4,2012,-9999,-9999,-9999,-9999,-9999,-9999,-9999,-9999,-9999,-9999,-9999,-9999,1,1.6,0.97,2.83,0.09,356.46,4.28,2.1,-0.0315,-0.0197,1.6,16.59
FB22June2011c.txt,-9999,-9999,TS,1,Marine,NA,6,2011,-9999,-9999,-9999,-9999,-9999,-9999,-9999,-9999,-9999,-9999,-9999,-9999,1,1.63,0.99,2.41,0.09,503.96,6.05,1.49,-0.0329,-0.0241,1.37,18.97
FB24_2011c.txt,-9999,-9999,TS,1,Marine,NA,-9999,2011,-9999,-9999,-9999,-9999,-9999,-9999,-9999,-9999,-9999,-9999,-9999,-9999,-9999,-9999,-9999,-9999,-9999,-9999,-9999,-9999,-9999,-9999,-9999,-9999
FB24April2012c.txt,-9999,-9999,TS,1,Marine,NA,4,2012,-9999,-9999,-9999,-9999,-9999,-9999,-9999,-9999,-9999,-9999,-9999,-9999,-9999,-9999,-9999,-9999,-9999,-9999,-9999,-9999,-9999,-9999,-9999,-9999
FB24June2011c.txt,-9999,-9999,TS,1,Marine,NA,6,2011,-9999,-9999,-9999,-9999,-9999,-9999,-9999,-9999,-9999,-9999,-9999,-9999,-9999,-9999,-9999,-9999,-9999,-9999,-9999,-9999,-9999,-9999,-9999,-9999
FB28_2011c.txt,-9999,-9999,TS,1,Marine,NA,-9999,2011,-9999,-9999,-9999,-9999,-9999,-9999,-9999,-9999,-9999,-9999,-9999,-9999,-9999,-9999,-9999,-9999,-9999,-9999,-9999,-9999,-9999,-9999,-9999,-9999
FB28April2012c.txt,-9999,-9999,TS,1,Marine,NA,4,2012,-9999,-9999,-9999,-9999,-9999,-9999,-9999,-9999,-9999,-9999,-9999,-9999,-9999,-9999,-9999,-9999,-9999,-9999,-9999,-9999,-9999,-9999,-9999,-9999
FB28June2011c.txt,-9999,-9999,TS,1,Marine,NA,6,2011,-9999,-9999,-9999,-9999,-9999,-9999,-9999,-9999,-9999,-9999,-9999,-9999,-9999,-9999,-9999,-9999,-9999,-9999,-9999,-9999,-9999,-9999,-9999,-9999
FB2April2012c.txt,-9999,-9999,TS,1,Marine,NA,4,2012,-9999,-9999,-9999,-9999,-9999,-9999,-9999,-9999,-9999,-9999,-9999,-9999,-9999,-9999,-9999,-9999,-9999,-9999,-9999,-9999,-9999,-9999,-9999,-9999
FB2June2011c.txt,-9999,-9999,TS,1,Marine,NA,6,2011,-9999,-9999,-9999,-9999,-9999,-9999,-9999,-9999,-9999,-9999,-9999,-9999,-9999,-9999,-9999,-9999,-9999,-9999,-9999,-9999,-9999,-9999,-9999,-9999
FB4_2011c.txt,-9999,-9999,TS,1,Marine,NA,-9999,2011,0.441971699,0.426510287,0.273862059,0.148415705,0.211915214,0.139115207,26.92010871,25.97836764,16.68069792,9.039870486,12.90756993,8.473385313,-9999,-9999,-9999,-9999,-9999,-9999,-9999,-9999,-9999,-9999,-9999,-9999
FB4April2012c.txt,-9999,-9999,TS,1,Marine,NA,4,2012,-9999,-9999,-9999,-9999,-9999,-9999,-9999,-9999,-9999,-9999,-9999,-9999,-9999,-9999,-9999,-9999,-9999,-9999,-9999,-9999,-9999,-9999,-9999,-9999
FB4June2011c.txt,-9999,-9999,TS,1,Marine,NA,6,2011,-9999,-9999,-9999,-9999,-9999,-9999,-9999,-9999,-9999,-9999,-9999,-9999,-9999,-9999,-9999,-9999,-9999,-9999,-9999,-9999,-9999,-9999,-9999,-9999
FB5_2011c.txt,-9999,-9999,TS,1,Marine,NA,-9999,2011,0.497292973,0.484885006,0.305064424,0.165001006,0.238134933,0.134124291,27.25635819,26.57628424,16.72041567,9.043615679,13.05204654,7.351279682,-9999,-9999,-9999,-9999,-9999,-9999,-9999,-9999,-9999,-9999,-9999,-9999
FB5April2012c.txt,-9999,-9999,TS,1,Marine,NA,4,2012,-9999,-9999,-9999,-9999,-9999,-9999,-9999,-9999,-9999,-9999,-9999,-9999,-9999,-9999,-9999,-9999,-9999,-9999,-9999,-9999,-9999,-9999,-9999,-9999
FB8_2011c.txt,-9999,-9999,TS,1,Marine,NA,-9999,2011,-9999,-9999,-9999,-9999,-9999,-9999,-9999,-9999,-9999,-9999,-9999,-9999,-9999,-9999,-9999,-9999,-9999,-9999,-9999,-9999,-9999,-9999,-9999,-9999
FB8April2012c.txt,-9999,-9999,TS,1,Marine,NA,4,2012,-9999,-9999,-9999,-9999,-9999,-9999,-9999,-9999,-9999,-9999,-9999,-9999,-9999,-9999,-9999,-9999,-9999,-9999,-9999,-9999,-9999,-9999,-9999,-9999
FB8June2011c.txt,-9999,-9999,TS,1,Marine,NA,6,2011,-9999,-9999,-9999,-9999,-9999,-9999,-9999,-9999,-9999,-9999,-9999,-9999,-9999,-9999,-9999,-9999,-9999,-9999,-9999,-9999,-9999,-9999,-9999,-9999
FB9April2012c.txt,-9999,-9999,TS,1,Marine,NA,4,2012,-9999,-9999,-9999,-9999,-9999,-9999,-9999,-9999,-9999,-9999,-9999,-9999,-9999,-9999,-9999,-9999,-9999,-9999,-9999,-9999,-9999,-9999,-9999,-9999
FB9June2011c.txt,-9999,-9999,TS,1,Marine,NA,6,2011,-9999,-9999,-9999,-9999,-9999,-9999,-9999,-9999,-9999,-9999,-9999,-9999,-9999,-9999,-9999,-9999,-9999,-9999,-9999,-9999,-9999,-9999,-9999,-9999
HPC1Aug201sc.txt,-9999,-9999,TS,1,Marine,NA,8,2020,2.139542519,1.709791204,1.152534665,0.676102467,0.656955454,0.510310928,31.25592941,24.97782245,16.83703026,9.876976409,9.597263489,7.454977975,-9999,-9999,-9999,-9999,-9999,-9999,-9999,-9999,-9999,-9999,-9999,-9999
HPC1Mar212sc.txt,-9999,-9999,TS,1,Marine,NA,3,2021,1.321210091,1.090864689,0.696833435,0.40034805,0.310586058,0.452565523,30.9242502,25.53278451,16.31008697,9.370548507,7.269578862,10.59275095,-9999,-9999,-9999,-9999,-9999,-9999,-9999,-9999,-9999,-9999,-9999,-9999
HPC3Aug202sc.txt,-9999,-9999,TS,1,Marine,NA,8,2020,1.722003112,1.370903969,0.94620223,0.521365543,0.477600697,0.253778256,32.54064028,25.90593049,17.88035469,9.852228763,9.025205812,4.795639968,-9999,-9999,-9999,-9999,-9999,-9999,-9999,-9999,-9999,-9999,-9999,-9999
HPC3Mar212sc.txt,-9999,-9999,TS,1,Marine,NA,3,2021,1.26862193,1.050146835,0.672366343,0.380248058,0.291722895,0.305352664,31.96762315,26.46233482,16.94275762,9.581756645,7.351037659,7.694490106,-9999,-9999,-9999,-9999,-9999,-9999,-9999,-9999,-9999,-9999,-9999,-9999
HPCanMar212sc.txt,-9999,-9999,TS,1,Marine,NA,3,2021,1.216112916,1.008314692,0.665320746,0.351905928,0.298547982,0.215172199,32.38326638,26.84991077,17.71649544,9.37072805,7.94988583,5.729713532,-9999,-9999,-9999,-9999,-9999,-9999,-9999,-9999,-9999,-9999,-9999,-9999
HPCanOct202sc.txt,-9999,-9999,TS,1,Marine,NA,10,2020,1.148978788,0.905119141,0.610332071,0.367022938,0.284742243,0.242476161,32.28673508,25.43418749,17.15056021,10.31348227,8.001363856,6.813671097,-9999,-9999,-9999,-9999,-9999,-9999,-9999,-9999,-9999,-9999,-9999,-9999
HPMS1Aug202sc.txt,-9999,-9999,TS,1,Marine,NA,8,2020,1.694088266,1.350463332,0.934746927,0.536387932,0.482417473,0.333323235,31.77551177,25.33024067,17.5327712,10.06086955,9.04856163,6.252045175,-9999,-9999,-9999,-9999,-9999,-9999,-9999,-9999,-9999,-9999,-9999,-9999
HPMS1Mar212sc.txt,-9999,-9999,TS,1,Marine,NA,3,2021,1.434032724,1.144811888,0.726716287,0.459453344,0.35076371,0.381956788,31.88344369,25.45307702,16.1573843,10.21521656,7.798674897,8.492203527,-9999,-9999,-9999,-9999,-9999,-9999,-9999,-9999,-9999,-9999,-9999,-9999
HPMS2Aug202sc.txt,-9999,-9999,TS,1,Marine,NA,8,2020,1.720192441,1.382840756,0.941896746,0.537406362,0.509143449,0.294268094,31.93971366,25.67592831,17.48869001,9.978305287,9.453532975,5.463829761,-9999,-9999,-9999,-9999,-9999,-9999,-9999,-9999,-9999,-9999,-9999,-9999
HPMS2Mar212sc.txt,-9999,-9999,TS,1,Marine,NA,3,2021,1.360885774,1.089453761,0.688739975,0.41575363,0.351344833,0.295281482,32.39078679,25.93036473,16.39287449,9.895457383,8.362447302,7.028069302,-9999,-9999,-9999,-9999,-9999,-9999,-9999,-9999,-9999,-9999,-9999,-9999
HPMS3Aug202sc.txt,-9999,-9999,TS,1,Marine,NA,8,2020,1.736774754,1.387785466,0.944421262,0.542455582,0.468552606,0.334388716,32.07708495,25.63148282,17.44283821,10.01879704,8.65385779,6.175939184,-9999,-9999,-9999,-9999,-9999,-9999,-9999,-9999,-9999,-9999,-9999,-9999
HPMS3Mar212sc.txt,-9999,-9999,TS,1,Marine,NA,3,2021,1.399344787,1.121519108,0.691400538,0.434274494,0.329763964,0.44129838,31.67657517,25.38751325,15.65103991,9.830549829,7.464774282,9.989547553,-9999,-9999,-9999,-9999,-9999,-9999,-9999,-9999,-9999,-9999,-9999,-9999
HPS1Aug202sc.txt,-9999,-9999,TS,1,Marine,NA,8,2020,1.68792308,1.350740129,0.959297746,0.534391573,0.47563533,0.319505245,31.68325228,25.35414131,18.00655068,10.03082619,8.927938918,5.99729063,-9999,-9999,-9999,-9999,-9999,-9999,-9999,-9999,-9999,-9999,-9999,-9999
HPS1Mar212sc.txt,-9999,-9999,TS,1,Marine,NA,3,2021,1.383022058,1.116305703,0.70750708,0.434517101,0.347020642,0.357663727,31.82260706,25.68560462,16.2793642,9.998008997,7.984761687,8.229653435,-9999,-9999,-9999,-9999,-9999,-9999,-9999,-9999,-9999,-9999,-9999,-9999
HPS2Aug202sc.txt,-9999,-9999,TS,1,Marine,NA,8,2020,1.738742151,1.393774334,0.956588465,0.55039415,0.467999003,0.365928222,31.76697826,25.46438468,17.47695882,10.05575151,8.550384619,6.68554211,-9999,-9999,-9999,-9999,-9999,-9999,-9999,-9999,-9999,-9999,-9999,-9999
HPS2Mar212sc.txt,-9999,-9999,TS,1,Marine,NA,3,2021,1.358464229,1.085421201,0.689897504,0.417528622,0.351960578,0.282925604,32.45102869,25.92856976,16.48028945,9.973934535,8.4076434,6.758534159,-9999,-9999,-9999,-9999,-9999,-9999,-9999,-9999,-9999,-9999,-9999,-9999
HPS3Aug202sc.txt,-9999,-9999,TS,1,Marine,NA,8,2020,1.684753954,1.357342356,0.944862631,0.526129196,0.466878037,0.292703261,31.95258067,25.74298223,17.92000509,9.978421787,8.854680592,5.551329631,-9999,-9999,-9999,-9999,-9999,-9999,-9999,-9999,-9999,-9999,-9999,-9999
HPS3Mar212sc.txt,-9999,-9999,TS,1,Marine,NA,3,2021,1.574170863,1.269216169,0.7415257,0.496212828,0.354599101,0.34962252,32.89564589,26.52296941,15.49575552,10.36942169,7.410101866,7.30610563,-9999,-9999,-9999,-9999,-9999,-9999,-9999,-9999,-9999,-9999,-9999,-9999
LPC1Aug202sc.txt,-9999,-9999,TS,1,Marine,NA,8,2020,2.013029919,1.599805425,0.896563259,0.616603296,0.458934047,0.262028493,34.42863284,27.36129903,15.33382439,10.54569944,7.849099342,4.481444954,-9999,-9999,-9999,-9999,-9999,-9999,-9999,-9999,-9999,-9999,-9999,-9999
LPC1Mar212sc.txt,-9999,-9999,TS,1,Marine,NA,3,2021,1.466125912,1.139744266,0.701302422,0.464747653,0.313839985,0.31471614,33.31743625,25.90047458,15.93696595,10.56130321,7.131954769,7.151865234,-9999,-9999,-9999,-9999,-9999,-9999,-9999,-9999,-9999,-9999,-9999,-9999
LPC2Aug202sc.txt,-9999,-9999,TS,1,Marine,NA,8,2020,1.916233574,1.512294805,0.927559478,0.595601081,0.447795341,0.246801161,33.93795079,26.78388865,16.42778227,10.54854713,7.930795309,4.371035855,-9999,-9999,-9999,-9999,-9999,-9999,-9999,-9999,-9999,-9999,-9999,-9999
LPC2Mar212sc.txt,-9999,-9999,TS,1,Marine,NA,3,2021,1.456851441,1.1409756,0.682905005,0.461159763,0.307366464,0.303909589,33.46646596,26.21023669,15.68754126,10.59365909,7.06075378,6.981343209,-9999,-9999,-9999,-9999,-9999,-9999,-9999,-9999,-9999,-9999,-9999,-9999
LPC3Aug202sc.txt,-9999,-9999,TS,1,Marine,NA,8,2020,1.926577393,1.506370269,0.916645081,0.58945485,0.465836162,0.241042807,34.12331656,26.68065645,16.23551194,10.4403563,8.250836358,4.26932239,-9999,-9999,-9999,-9999,-9999,-9999,-9999,-9999,-9999,-9999,-9999,-9999
LPC3Mar212sc.txt,-9999,-9999,TS,1,Marine,NA,3,2021,1.407380215,1.115375655,0.682880634,0.459118916,0.279893071,0.360508594,32.69056592,25.90789681,15.86192142,10.66439406,6.501343989,8.373877806,-9999,-9999,-9999,-9999,-9999,-9999,-9999,-9999,-9999,-9999,-9999,-9999
LPCanMar211sc.txt,-9999,-9999,TS,1,Marine,NA,3,2021,1.529535552,1.226789872,0.716972267,0.464130981,0.396319866,0.426212937,32.13335991,25.77310508,15.06256449,9.750729777,8.326114985,8.954125764,-9999,-9999,-9999,-9999,-9999,-9999,-9999,-9999,-9999,-9999,-9999,-9999
LPCanOct202sc.txt,-9999,-9999,TS,1,Marine,NA,10,2020,1.431066639,1.103680428,0.677046181,0.46357801,0.340219659,0.296568137,33.18677768,25.59461314,15.7008629,10.75048494,7.889775284,6.877486048,-9999,-9999,-9999,-9999,-9999,-9999,-9999,-9999,-9999,-9999,-9999,-9999
LPMS1Aug202sc.txt,-9999,-9999,TS,1,Marine,NA,8,2020,1.962971356,1.533261163,0.952895336,0.603528383,0.466744308,0.376929388,33.29140971,26.00365279,16.16082116,10.23566166,7.915844481,6.392610186,-9999,-9999,-9999,-9999,-9999,-9999,-9999,-9999,-9999,-9999,-9999,-9999
LPMS1Mar212sc.txt,-9999,-9999,TS,1,Marine,NA,3,2021,1.47585432,1.161921004,0.695574861,0.467783637,0.321022722,0.382583494,32.76225282,25.79329759,15.44095454,10.38425376,7.126331804,8.492909488,-9999,-9999,-9999,-9999,-9999,-9999,-9999,-9999,-9999,-9999,-9999,-9999
LPMS2Aug202sc.txt,-9999,-9999,TS,1,Marine,NA,8,2020,1.958385893,1.539121306,0.918714423,0.598062201,0.455013274,0.258302894,34.19208561,26.8720111,16.04012893,10.44175924,7.944222272,4.509792841,-9999,-9999,-9999,-9999,-9999,-9999,-9999,-9999,-9999,-9999,-9999,-9999
LPMS2Mar212sc.txt,-9999,-9999,TS,1,Marine,NA,3,2021,1.498916449,1.186528926,0.709001501,0.474863748,0.295075755,0.386353964,32.93785924,26.07331634,15.57991552,10.434868,6.484126387,8.489914503,-9999,-9999,-9999,-9999,-9999,-9999,-9999,-9999,-9999,-9999,-9999,-9999
LPMS3Aug202sc.txt,-9999,-9999,TS,1,Marine,NA,8,2020,1.877221713,1.474421425,0.919057958,0.579289851,0.427780049,0.25395074,33.93557743,26.65393335,16.61432013,10.47214373,7.733217052,4.590808297,-9999,-9999,-9999,-9999,-9999,-9999,-9999,-9999,-9999,-9999,-9999,-9999
LPMS3Mar212sc.txt,-9999,-9999,TS,1,Marine,NA,3,2021,1.465151328,1.14805898,0.675980831,0.456651343,0.319310745,0.290961535,33.63436015,26.35511328,15.51797571,10.48299615,7.330172938,6.679381768,-9999,-9999,-9999,-9999,-9999,-9999,-9999,-9999,-9999,-9999,-9999,-9999
LPS1Aug202sc.txt,-9999,-9999,TS,1,Marine,NA,8,2020,1.928815733,1.505341353,0.920859554,0.581249184,0.456831966,0.235533964,34.26793254,26.74435669,16.36027358,10.32665148,8.116216979,4.184568728,-9999,-9999,-9999,-9999,-9999,-9999,-9999,-9999,-9999,-9999,-9999,-9999
LPS1Mar212sc.txt,-9999,-9999,TS,1,Marine,NA,3,2021,1.474087662,1.163927017,0.685018123,0.463428796,0.313520279,0.314910815,33.38898055,26.36365363,15.5160764,10.4969436,7.101424666,7.132921163,-9999,-9999,-9999,-9999,-9999,-9999,-9999,-9999,-9999,-9999,-9999,-9999
LPS2Aug202sc.txt,-9999,-9999,TS,1,Marine,NA,8,2020,1.890390361,1.48672155,0.937785696,0.56983927,0.451469726,0.285256401,33.62808507,26.44723535,16.68223549,10.13684995,8.031178461,5.074415687,-9999,-9999,-9999,-9999,-9999,-9999,-9999,-9999,-9999,-9999,-9999,-9999
LPS2Mar212sc.txt,-9999,-9999,TS,1,Marine,NA,3,2021,1.519538656,1.186545824,0.712698866,0.472422837,0.351569325,0.270636594,33.66718176,26.2893305,15.79068895,10.46708845,7.789435504,5.996274828,-9999,-9999,-9999,-9999,-9999,-9999,-9999,-9999,-9999,-9999,-9999,-9999
LPS3Aug202sc.txt,-9999,-9999,TS,1,Marine,NA,8,2020,1.712968329,1.361736983,0.939068897,0.523858644,0.451317386,0.400240408,31.78526129,25.26793117,17.42504503,9.720543925,8.374492866,7.426725722,-9999,-9999,-9999,-9999,-9999,-9999,-9999,-9999,-9999,-9999,-9999,-9999
LPS3Mar212sc.txt,-9999,-9999,TS,1,Marine,NA,3,2021,1.474262086,1.149874329,0.710986978,0.470350994,0.304606461,0.340824498,33.12274631,25.83461654,15.97398559,10.56753531,6.84369667,7.657419586,-9999,-9999,-9999,-9999,-9999,-9999,-9999,-9999,-9999,-9999,-9999,-9999
LTE123FB211sc.txt,25.02477,-80.68097,TS,1,Marine,10,3,2019,-9999,-9999,-9999,-9999,-9999,-9999,-9999,-9999,-9999,-9999,-9999,-9999,2,1.88,0.88,3.44,0.04,755.83,9.07,0.47,-0.03,-0.01,2.14,7.59
LTE123FB271sc.txt,24.91293,-80.93798,TS,1,Marine,11,3,2019,-9999,-9999,-9999,-9999,-9999,-9999,-9999,-9999,-9999,-9999,-9999,-9999,2,1.89,0.74,7.05,0.03,294.75,3.54,0.86,-0.02,-0.01,1.64,5.75
LTE131FB212sc.txt,25.02477,-80.68097,TS,1,Marine,10,-9999,2021,-9999,-9999,-9999,-9999,-9999,-9999,-9999,-9999,-9999,-9999,-9999,-9999,-9999,-9999,-9999,-9999,-9999,-9999,-9999,-9999,-9999,-9999,-9999,-9999
LTER109211sc.txt,25.02477,-80.68097,TS,1,Marine,10,12,2017,-9999,-9999,-9999,-9999,-9999,-9999,-9999,-9999,-9999,-9999,-9999,-9999,1,1.66,0.94,3.03,0.13,849.17,10.19,1.28,-0.0253,-0.0229,1.1,12.6
LTER109FB092sc.txt,25.17693,-80.48978,TS,1,Marine,9,12,2017,-9999,-9999,-9999,-9999,-9999,-9999,-9999,-9999,-9999,-9999,-9999,-9999,2,1.8,0.83,3.43,0.06,778.25,9.34,0.61,-0.02,-0.01,1.67,7.73
LTER110212sc.txt,25.02477,-80.68097,TS,1,Marine,10,1,2018,-9999,-9999,-9999,-9999,-9999,-9999,-9999,-9999,-9999,-9999,-9999,-9999,1,1.66,0.94,3.46,0.13,721.67,8.66,1.5,-0.0264,-0.0251,1.05,14.63
LTER110FB021c.txt,25.02477,-80.68097,TS,1,Marine,10,1,2018,-9999,-9999,-9999,-9999,-9999,-9999,-9999,-9999,-9999,-9999,-9999,-9999,2,1.89,0.82,2.68,0.05,721.67,8.66,0.57,-0.02,-0.02,1.58,9.14
LTER110FB212sc.txt,25.02477,-80.68097,TS,1,Marine,10,1,2018,-9999,-9999,-9999,-9999,-9999,-9999,-9999,-9999,-9999,-9999,-9999,-9999,1,1.8,1.02,2.29,0.06,436,5.23,1.15,-0.0299,-0.0391,0.76,21.6
LTER111FB021c.txt,25.02477,-80.68097,TS,1,Marine,10,2,2018,-9999,-9999,-9999,-9999,-9999,-9999,-9999,-9999,-9999,-9999,-9999,-9999,2,1.94,0.72,2.64,0.03,436,5.23,0.55,-0.03,-0.02,1.69,8.12
LTER111FB212sc.txt,25.02477,-80.68097,TS,1,Marine,10,2,2018,-9999,-9999,-9999,-9999,-9999,-9999,-9999,-9999,-9999,-9999,-9999,-9999,1,1.75,1.33,1.76,0.18,823.42,9.88,1.82,-0.0205,-0.0116,1.76,5.98
LTER112FB021c.txt,25.02477,-80.68097,TS,1,Marine,10,3,2018,-9999,-9999,-9999,-9999,-9999,-9999,-9999,-9999,-9999,-9999,-9999,-9999,2,1.78,1.17,1.88,0.07,823.42,9.88,0.7,-0.02,-0.01,1.89,5.22
LTER113FB021c.txt,25.02477,-80.68097,TS,1,Marine,10,4,2018,-9999,-9999,-9999,-9999,-9999,-9999,-9999,-9999,-9999,-9999,-9999,-9999,1,1.69,1.03,3.04,0.1,800.25,9.6,1.04,-0.0321,-0.038,0.84,21.95
LTER113FB212sc.txt,25.02477,-80.68097,TS,1,Marine,10,4,2018,-9999,-9999,-9999,-9999,-9999,-9999,-9999,-9999,-9999,-9999,-9999,-9999,2,1.75,0.9,3.45,0.05,800.25,9.6,0.54,-0.03,-0.01,2.26,7.73
LTER114FB021c.txt,25.02477,-80.68097,TS,1,Marine,10,5,2018,-9999,-9999,-9999,-9999,-9999,-9999,-9999,-9999,-9999,-9999,-9999,-9999,1,1.68,1.04,1.79,0.08,495.25,5.94,1.35,-0.027,-0.0233,1.16,12.66
LTER114FB212sc.txt,25.02477,-80.68097,TS,1,Marine,10,5,2018,-9999,-9999,-9999,-9999,-9999,-9999,-9999,-9999,-9999,-9999,-9999,-9999,2,1.7,0.8,2.27,0.03,495.25,5.94,0.55,-0.02,-0.01,1.88,6.03
LTER115FB021c.txt,25.02477,-80.68097,TS,1,Marine,10,6,2018,-9999,-9999,-9999,-9999,-9999,-9999,-9999,-9999,-9999,-9999,-9999,-9999,1,1.73,0.99,3.2,0.12,800.17,9.6,1.25,-0.0301,-0.0267,1.13,18.27
LTER115FB212sc.txt,25.02477,-80.68097,TS,1,Marine,10,6,2018,-9999,-9999,-9999,-9999,-9999,-9999,-9999,-9999,-9999,-9999,-9999,-9999,2,1.78,0.91,4.09,0.04,800.17,9.6,0.47,-0.03,-0.02,1.42,11.13
LTER116FB021c.txt,25.02477,-80.68097,TS,1,Marine,10,7,2018,-9999,-9999,-9999,-9999,-9999,-9999,-9999,-9999,-9999,-9999,-9999,-9999,1,1.67,0.94,3.7,0.13,672,8.06,1.61,-0.026,-0.0239,1.09,12.41
LTER116FB212sc.txt,25.02477,-80.68097,TS,1,Marine,10,7,2018,-9999,-9999,-9999,-9999,-9999,-9999,-9999,-9999,-9999,-9999,-9999,-9999,2,1.88,0.82,3.86,0.05,672,8.06,0.61,-0.02,-0.02,1.38,8.27
LTER117FB021c.txt,25.02477,-80.68097,TS,1,Marine,10,8,2018,-9999,-9999,-9999,-9999,-9999,-9999,-9999,-9999,-9999,-9999,-9999,-9999,1,1.67,1.1,2.66,0.12,733.83,8.81,1.36,-0.029,-0.0336,0.86,20.12
LTER117FB212sc.txt,25.02477,-80.68097,TS,1,Marine,10,8,2018,-9999,-9999,-9999,-9999,-9999,-9999,-9999,-9999,-9999,-9999,-9999,-9999,2,1.99,0.99,3.06,0.04,733.83,8.81,0.5,-0.03,-0.02,1.34,11.26
LTER118FB021c.txt,25.02477,-80.68097,TS,1,Marine,10,9,2018,-9999,-9999,-9999,-9999,-9999,-9999,-9999,-9999,-9999,-9999,-9999,-9999,1,1.7,1.03,2.59,0.13,860,10.32,1.26,-0.0303,-0.0252,1.2,15.89
LTER118FB212sc.txt,25.02477,-80.68097,TS,1,Marine,10,9,2018,-9999,-9999,-9999,-9999,-9999,-9999,-9999,-9999,-9999,-9999,-9999,-9999,2,1.73,0.87,2.99,0.05,860,10.32,0.44,-0.03,-0.02,1.67,9.67
LTER119FB021c.txt,25.02477,-80.68097,TS,1,Marine,10,10,2018,-9999,-9999,-9999,-9999,-9999,-9999,-9999,-9999,-9999,-9999,-9999,-9999,1,1.62,1.04,2.5,0.09,546,6.55,1.37,-0.0304,-0.0298,1.02,17.11
LTER119FB212sc.txt,25.02477,-80.68097,TS,1,Marine,10,10,2018,-9999,-9999,-9999,-9999,-9999,-9999,-9999,-9999,-9999,-9999,-9999,-9999,2,1.94,0.77,3.25,0.03,546,6.55,0.52,-0.03,-0.02,1.31,11.08
LTER120FB021c.txt,25.02477,-80.68097,TS,1,Marine,10,12,2018,-9999,-9999,-9999,-9999,-9999,-9999,-9999,-9999,-9999,-9999,-9999,-9999,1,1.73,1.08,2.6,0.08,450.17,5.4,1.48,-0.0267,-0.0259,1.03,12.47
LTER120FB212sc.txt,25.02477,-80.68097,TS,1,Marine,10,12,2018,-9999,-9999,-9999,-9999,-9999,-9999,-9999,-9999,-9999,-9999,-9999,-9999,2,1.93,0.77,3.48,0.03,450.17,5.4,0.52,-0.03,-0.03,1.08,10.7
LTER121FB021c.txt,25.02477,-80.68097,TS,1,Marine,10,1,2019,-9999,-9999,-9999,-9999,-9999,-9999,-9999,-9999,-9999,-9999,-9999,-9999,1,1.65,1.03,2.54,0.13,860.83,10.33,1.26,-0.0292,-0.0274,1.07,17.13
LTER122FB009c.txt,25.17693,-80.48978,TS,1,Marine,9,2,2019,-9999,-9999,-9999,-9999,-9999,-9999,-9999,-9999,-9999,-9999,-9999,-9999,1,1.56,1.02,2.76,0.11,648.58,7.78,1.41,-0.0305,-0.029,1.05,20.08
LTER122FB027c.txt,24.91293,-80.93798,TS,1,Marine,11,2,2019,-9999,-9999,-9999,-9999,-9999,-9999,-9999,-9999,-9999,-9999,-9999,-9999,1,1.62,1,4.17,0.06,255.67,3.07,1.96,-0.0244,-0.0209,1.17,9.97
LTER122FB092sc.txt,25.17693,-80.48978,TS,1,Marine,9,2,2019,-9999,-9999,-9999,-9999,-9999,-9999,-9999,-9999,-9999,-9999,-9999,-9999,2,2.04,0.83,3.3,0.05,648.58,7.78,0.61,-0.03,-0.01,1.86,8.38
LTER122FB212sc.txt,25.02477,-80.68097,TS,1,Marine,10,2,2019,-9999,-9999,-9999,-9999,-9999,-9999,-9999,-9999,-9999,-9999,-9999,-9999,2,1.75,0.9,3.03,0.04,774,9.29,0.48,-0.03,-0.01,1.87,8.37
LTER122FB272sc.txt,24.91293,-80.93798,TS,1,Marine,11,2,2019,-9999,-9999,-9999,-9999,-9999,-9999,-9999,-9999,-9999,-9999,-9999,-9999,2,1.79,0.73,6.73,0.03,255.67,3.07,0.88,-0.02,-0.01,1.64,5.81
LTER123FB009c.txt,25.17693,-80.48978,TS,1,Marine,9,3,2019,-9999,-9999,-9999,-9999,-9999,-9999,-9999,-9999,-9999,-9999,-9999,-9999,1,1.58,0.96,5.09,0.1,624.75,7.5,1.33,-0.029,-0.0157,1.84,11.58
LTER123FB027c.txt,24.91293,-80.93798,TS,1,Marine,11,3,2019,-9999,-9999,-9999,-9999,-9999,-9999,-9999,-9999,-9999,-9999,-9999,-9999,1,1.54,0.88,9.06,0.07,294.75,3.54,1.98,-0.0232,-0.0161,1.44,7.61
LTER123FB092sc.txt,25.17693,-80.48978,TS,1,Marine,9,3,2019,-9999,-9999,-9999,-9999,-9999,-9999,-9999,-9999,-9999,-9999,-9999,-9999,2,1.74,0.82,5.46,0.04,624.75,7.5,0.49,-0.03,-0.01,2.03,9.12
LTER123FB272sc.txt,24.91293,-80.93798,TS,1,Marine,11,3,2019,-9999,-9999,-9999,-9999,-9999,-9999,-9999,-9999,-9999,-9999,-9999,-9999,2,1.88,0.88,3.44,0.04,755.83,9.07,0.47,-0.03,-0.01,2.14,7.59
LTER123FB91sc.txt,25.17693,-80.48978,TS,1,Marine,9,3,2019,-9999,-9999,-9999,-9999,-9999,-9999,-9999,-9999,-9999,-9999,-9999,-9999,2,1.89,0.74,7.05,0.03,294.75,3.54,0.86,-0.02,-0.01,1.64,5.75
LTER124FB009c.txt,25.17693,-80.48978,TS,1,Marine,9,4,2019,-9999,-9999,-9999,-9999,-9999,-9999,-9999,-9999,-9999,-9999,-9999,-9999,1,1.54,0.9,6.6,0.1,538.42,6.46,1.55,-0.0263,-0.0149,1.76,9.65
LTER124FB021c.txt,25.02477,-80.68097,TS,1,Marine,10,4,2019,-9999,-9999,-9999,-9999,-9999,-9999,-9999,-9999,-9999,-9999,-9999,-9999,1,1.38,0.72,-96.33,0.05,212.42,2.55,1.96,-0.0187,-0.0093,2.01,4.48
LTER124FB027c.txt,24.91293,-80.93798,TS,1,Marine,11,4,2019,-9999,-9999,-9999,-9999,-9999,-9999,-9999,-9999,-9999,-9999,-9999,-9999,1,1.51,0.88,7.36,0.13,472,5.66,2.3,-0.0212,-0.0116,1.84,6.16
LTER124FB092sc.txt,25.17693,-80.48978,TS,1,Marine,9,4,2019,-9999,-9999,-9999,-9999,-9999,-9999,-9999,-9999,-9999,-9999,-9999,-9999,2,1.67,0.86,5.32,0.04,538.42,6.46,0.67,-0.02,-0.01,2.19,6.19
LTER124FB212sc.txt,25.02477,-80.68097,TS,1,Marine,10,4,2019,-9999,-9999,-9999,-9999,-9999,-9999,-9999,-9999,-9999,-9999,-9999,-9999,2,2.25,0.67,70.7,0.02,212.42,2.55,0.77,-0.02,-0.01,1.85,4.16
LTER124FB272sc.txt,24.91293,-80.93798,TS,1,Marine,11,4,2019,-9999,-9999,-9999,-9999,-9999,-9999,-9999,-9999,-9999,-9999,-9999,-9999,2,1.75,0.89,9.23,0.04,472,5.66,0.75,-0.02,-0.02,1.37,7.96
LTER1280212sc.txt,25.02477,-80.68097,TS,1,Marine,10,8,2019,-9999,-9999,-9999,-9999,-9999,-9999,-9999,-9999,-9999,-9999,-9999,-9999,1,1.74,1.29,1.41,0.12,810.75,9.73,1.2,-0.03,-0.02,1.65,12.79
LTER128092sc.txt,25.17693,-80.48978,TS,1,Marine,9,8,2019,-9999,-9999,-9999,-9999,-9999,-9999,-9999,-9999,-9999,-9999,-9999,-9999,1,1.55,0.78,2.24,0.1,789.5,9.47,1.05,-0.03,-0.02,1.81,18.89
LTER128FB092sc.txt,25.17693,-80.48978,TS,1,Marine,9,8,2019,-9999,-9999,-9999,-9999,-9999,-9999,-9999,-9999,-9999,-9999,-9999,-9999,1,1.69,1.02,2.3,0.1,789.5,9.47,1.1,-0.03,-0.01,2.33,10.17
LTER128FB212sc.txt,25.02477,-80.68097,TS,1,Marine,10,8,2019,-9999,-9999,-9999,-9999,-9999,-9999,-9999,-9999,-9999,-9999,-9999,-9999,1,1.73,0.99,2.71,0.11,810.75,9.73,1.11,-0.03,-0.03,1.03,19.28
LTER128FB272sc.txt,24.91293,-80.93798,TS,1,Marine,11,8,2019,-9999,-9999,-9999,-9999,-9999,-9999,-9999,-9999,-9999,-9999,-9999,-9999,1,1.64,0.93,4.67,0.08,314.83,3.78,2.18,-0.02,-0.01,1.47,7.16
LTER129FB212sc.txt,25.02477,-80.68097,TS,1,Marine,10,9,2019,-9999,-9999,-9999,-9999,-9999,-9999,-9999,-9999,-9999,-9999,-9999,-9999,1,1.62,0.99,2.94,0.14,774.5,9.29,1.54,-0.03,-0.02,1.36,14.47
LTER129FB272sc.txt,24.91293,-80.93798,TS,1,Marine,11,9,2019,-9999,-9999,-9999,-9999,-9999,-9999,-9999,-9999,-9999,-9999,-9999,-9999,1,1.62,0.9,3.71,0.05,190.25,2.28,2.23,-0.02,-0.01,1.6,8.39
LTER129FB92sc.txt,25.17693,-80.48978,TS,1,Marine,9,9,2019,-9999,-9999,-9999,-9999,-9999,-9999,-9999,-9999,-9999,-9999,-9999,-9999,1,1.62,0.96,3.02,0.13,712.42,8.55,1.48,-0.03,-0.02,1.39,14.37
LTER130FB212sc.txt,25.02477,-80.68097,TS,1,Marine,10,10,2019,-9999,-9999,-9999,-9999,-9999,-9999,-9999,-9999,-9999,-9999,-9999,-9999,1,1.69,0.95,2.6,0.07,409.83,4.92,1.32,-0.03,-0.02,1.47,10.85
LTER130FB272sc.txt,24.91293,-80.93798,TS,1,Marine,11,10,2019,-9999,-9999,-9999,-9999,-9999,-9999,-9999,-9999,-9999,-9999,-9999,-9999,1,1.54,0.94,3.82,0.1,431.92,5.18,1.88,-0.02,-0.02,1.42,8.32
LTER130FB92sc.txt,25.17693,-80.48978,TS,1,Marine,9,10,2019,-9999,-9999,-9999,-9999,-9999,-9999,-9999,-9999,-9999,-9999,-9999,-9999,1,1.63,0.92,3.46,0.13,692.5,8.31,1.52,-0.03,-0.02,1.37,12.61
LTER131FB272sc.txt,24.91293,-80.93798,TS,1,Marine,11,11,2019,-9999,-9999,-9999,-9999,-9999,-9999,-9999,-9999,-9999,-9999,-9999,-9999,1,1.62,0.92,3.8,0.11,532.67,6.39,1.67,-0.02,-0.02,1.32,8.74
LTER131FB92sc.txt,25.17693,-80.48978,TS,1,Marine,9,11,2019,-9999,-9999,-9999,-9999,-9999,-9999,-9999,-9999,-9999,-9999,-9999,-9999,1,1.62,0.9,3.69,0.14,645.08,7.74,1.82,-0.02,-0.01,1.44,6.29
LTER132FB092sc.txt,25.17693,-80.48978,TS,1,Marine,9,12,2019,-9999,-9999,-9999,-9999,-9999,-9999,-9999,-9999,-9999,-9999,-9999,-9999,1,1.66,0.93,3.33,0.13,611.58,7.34,1.72,-0.02,-0.01,1.85,8.11
LTER132FB212sc.txt,25.02477,-80.68097,TS,1,Marine,10,12,2019,-9999,-9999,-9999,-9999,-9999,-9999,-9999,-9999,-9999,-9999,-9999,-9999,1,1.64,0.82,1.78,0.03,153.92,1.85,1.63,-0.02,-0.02,1.44,7.45
LTER132FB272sc.txt,24.91293,-80.93798,TS,1,Marine,11,12,2019,-9999,-9999,-9999,-9999,-9999,-9999,-9999,-9999,-9999,-9999,-9999,-9999,1,1.55,0.89,2.8,0.04,183.58,2.2,1.95,-0.02,-0.01,1.5,6.34
LTER133FB211sc.txt,25.02477,-80.68097,TS,1,Marine,10,1,2020,-9999,-9999,-9999,-9999,-9999,-9999,-9999,-9999,-9999,-9999,-9999,-9999,1,1.53,0.95,2.38,0.11,739.58,8.87,1.28,-0.03,-0.02,1.38,14.29
LTER133FB271sc.txt,24.91293,-80.93798,TS,1,Marine,11,1,2020,-9999,-9999,-9999,-9999,-9999,-9999,-9999,-9999,-9999,-9999,-9999,-9999,1,1.52,0.87,4.68,0.08,339.92,4.08,2,-0.03,-0.02,1.24,9.25
LTER134FB212sc.txt,25.02477,-80.68097,TS,1,Marine,10,2,2020,-9999,-9999,-9999,-9999,-9999,-9999,-9999,-9999,-9999,-9999,-9999,-9999,1,1.6,1.02,2.69,0.08,530.42,6.37,1.28,-0.03,-0.03,1.2,16.87
LTER134FB272sc.txt,24.91293,-80.93798,TS,1,Marine,11,2,2020,-9999,-9999,-9999,-9999,-9999,-9999,-9999,-9999,-9999,-9999,-9999,-9999,1,1.57,0.92,4.33,0.08,291.08,3.49,2.31,-0.02,-0.02,1.21,9.5
LTER134FB92sc.txt,25.17693,-80.48978,TS,1,Marine,9,2,2020,-9999,-9999,-9999,-9999,-9999,-9999,-9999,-9999,-9999,-9999,-9999,-9999,1,1.47,1.01,3.57,0.1,580.92,6.97,1.38,-0.03,-0.03,0.95,23.67
LTER135FB212sc.txt,25.02477,-80.68097,TS,1,Marine,10,3,2020,-9999,-9999,-9999,-9999,-9999,-9999,-9999,-9999,-9999,-9999,-9999,-9999,1,1.87,0.94,2.32,0.04,195.67,2.35,1.52,-0.02,-0.01,1.78,6.74
LTER135FB92sc.txt,25.17693,-80.48978,TS,1,Marine,9,3,2020,-9999,-9999,-9999,-9999,-9999,-9999,-9999,-9999,-9999,-9999,-9999,-9999,1,1.63,0.96,3.27,0.1,535.83,6.43,1.53,-0.03,-0.02,1.77,11.67
LTER136FB212sc.txt,25.02477,-80.68097,TS,1,Marine,10,4,2020,-9999,-9999,-9999,-9999,-9999,-9999,-9999,-9999,-9999,-9999,-9999,-9999,1,1.75,0.95,2.34,0.08,421.17,5.05,1.54,-0.03,-0.01,1.92,8.11
LTER136FB272sc.txt,24.91293,-80.93798,TS,1,Marine,11,4,2020,-9999,-9999,-9999,-9999,-9999,-9999,-9999,-9999,-9999,-9999,-9999,-9999,1,1.65,0.96,3.72,0.08,372.42,4.47,1.82,-0.03,-0.02,1.26,10.51
LTER136FB92sc.txt,25.17693,-80.48978,TS,1,Marine,9,4,2020,-9999,-9999,-9999,-9999,-9999,-9999,-9999,-9999,-9999,-9999,-9999,-9999,1,1.7,0.98,2.61,0.1,598.5,7.18,1.43,-0.03,-0.01,2.76,7.46
LTER137FB212sc.txt,25.02477,-80.68097,TS,1,Marine,10,5,2020,-9999,-9999,-9999,-9999,-9999,-9999,-9999,-9999,-9999,-9999,-9999,-9999,1,1.64,0.95,2.29,0.09,604.58,7.25,1.22,-0.03,-0.01,1.87,9.18
LTER137FB272sc.txt,24.91293,-80.93798,TS,1,Marine,11,5,2020,-9999,-9999,-9999,-9999,-9999,-9999,-9999,-9999,-9999,-9999,-9999,-9999,1,1.55,0.88,5.41,0.07,266,3.19,2.04,-0.02,-0.01,1.55,5.77
LTER138FB212sc.txt,25.02477,-80.68097,TS,1,Marine,10,6,2020,-9999,-9999,-9999,-9999,-9999,-9999,-9999,-9999,-9999,-9999,-9999,-9999,1,1.64,0.99,2.13,0.09,654.42,7.85,1.1,-0.03,-0.02,1.53,15.71
LTER138FB272sc.txt,24.91293,-80.93798,TS,1,Marine,11,6,2020,-9999,-9999,-9999,-9999,-9999,-9999,-9999,-9999,-9999,-9999,-9999,-9999,1,1.63,0.92,3.69,0.11,464.08,5.57,2.03,-0.02,-0.02,1.42,8.28
LTER138FB92sc.txt,25.17693,-80.48978,TS,1,Marine,9,6,2020,-9999,-9999,-9999,-9999,-9999,-9999,-9999,-9999,-9999,-9999,-9999,-9999,1,1.61,0.97,2.27,0.08,544.67,6.54,1.26,-0.03,-0.01,2.44,13.33
LTER139FB092sc.txt,25.17693,-80.48978,TS,1,Marine,9,7,2020,0.19915777,0.241894517,0.176034285,0.064686623,0.131113648,0.14246946,20.84643908,25.31982224,18.42603479,6.770942166,13.72405744,14.91270428,1,1.65,0.97,2.68,0.08,631.75,7.58,1.08,-0.03,-0.02,1.84,13
LTER139FB212sc.txt,25.02477,-80.68097,TS,1,Marine,10,7,2020,0.181620342,0.188718111,0.082370409,0.068844524,0.069302344,0.155528764,24.33334878,25.28430221,11.0359218,9.223734511,9.285072787,20.83761991,1,1.63,0.91,2.72,0.04,299.92,3.6,1.25,-0.02,-0.02,1.28,6.94
LTER139FB272sc.txt,24.91293,-80.93798,TS,1,Marine,11,7,2020,0.134317816,0.132015442,0.047835793,0.058059394,0.026573155,0.098690981,26.99895867,26.53616295,9.615378227,11.67040393,5.341417335,19.83767889,1,1.69,0.84,3.2,0.05,151.58,1.82,2.59,-0.01,-0.01,1.67,3.15
LTER140FB092sc.txt,25.17693,-80.48978,TS,1,Marine,9,8,2020,0.302459099,0.343435637,0.219514794,0.107768243,0.177386726,0.231100765,21.89090997,24.85664554,15.88769723,7.799880722,12.83861803,16.72624851,1,1.57,0.94,3.12,0.11,650.67,7.81,1.4,-0.03,-0.02,1.74,8.01
LTER140FB214sc.txt,25.02477,-80.68097,TS,1,Marine,10,8,2020,0.193997359,0.199524663,0.08429287,0.065754006,0.100151317,0.185725806,23.38878653,24.0551715,10.16255035,7.927460517,12.07448282,22.39154828,1,1.65,0.95,2.58,0.06,336.67,4.04,1.45,-0.02,-0.01,1.84,6.65
LTER141FB212sc.txt,25.02477,-80.68097,TS,1,Marine,10,9,2020,0.184495475,0.18196159,0.098349508,0.059385884,0.116885651,0.153578589,23.21700372,22.89813834,12.37635175,7.473149658,14.70894933,19.3264072,1,1.6,0.94,2.03,0.05,346.25,4.16,1.25,-0.03,-0.02,1.36,7.93
LTER141FB272sc.txt,24.91293,-80.93798,TS,1,Marine,11,9,2020,0.116775411,0.108530004,0.043087377,0.053173908,0.044147034,0.072421892,26.65279969,24.77086947,9.834255554,12.13640359,10.07611139,16.5295603,1,1.6,0.87,2.25,0.03,134.25,1.61,1.81,-0.02,-0.02,1.11,5.32
LTER142FB092sc.txt,25.17693,-80.48978,TS,1,Marine,9,10,2020,0.471113294,0.468968927,0.280500392,0.161932717,0.184441597,0.168517436,27.14608203,27.02252115,16.16275057,9.330746718,10.62773386,9.710165669,1,1.54,0.84,5.28,0.1,408.92,4.91,2.08,-0.02,-0.02,1.06,9.16
LTER142FB212sc.txt,25.02477,-80.68097,TS,1,Marine,10,10,2020,0.247631659,0.250952428,0.158792683,0.083308601,0.136240603,0.146698629,24.19164781,24.51606063,15.51278489,8.138589127,13.30962569,14.33129185,1,1.57,0.92,3.67,0.07,328.83,3.95,1.84,-0.02,-0.01,1.57,6.7
LTER142FB272sc.txt,24.91293,-80.93798,TS,1,Marine,11,10,2020,0.233152311,0.23022811,0.113969019,0.093389752,0.110135698,0.11357031,26.06669595,25.739767,12.74186712,10.44108143,12.31329743,12.69729106,1,1.47,0.88,4.05,0.06,250.08,3,2.04,-0.02,-0.02,1.27,6.17
LTER143FB092sc.txt,25.17693,-80.48978,TS,1,Marine,9,11,2020,0.3684403,0.38299444,0.270324434,0.116889717,0.196394496,0.163351599,24.5889971,25.56031244,18.04093291,7.800994963,13.10699098,10.90177161,1,1.58,0.88,3.4,0.09,411.75,4.94,1.87,-0.03,-0.02,1.27,9.36
LTER143FB212sc.txt,25.02477,-80.68097,TS,1,Marine,10,11,2020,0.356369523,0.378667335,0.246274089,0.112176481,0.201549898,0.201084462,23.81955305,25.30992719,16.46083168,7.497817487,13.47149007,13.44038053,1,1.62,0.93,3.57,0.1,473,5.68,1.72,-0.03,-0.02,1.41,9.14
LTER143FB272sc.txt,24.91293,-80.93798,TS,1,Marine,11,11,2020,0.174944488,0.189068707,0.097401386,0.065805803,0.078844249,0.072216615,25.79232269,27.87467704,14.36002936,9.701846084,11.6241233,10.64700152,1,1.53,0.92,4.57,0.05,207.5,2.49,2.04,-0.02,-0.01,1.51,6.02
LTER146FB092sc.txt,25.17693,-80.48978,TS,1,Marine,9,1,2021,0.170342746,0.188898311,0.147142535,0.05978863,0.100872142,0.082718395,22.71955282,25.19441098,19.62521255,7.974339821,13.45387462,11.03260921,1,1.49,0.95,4.33,0.09,491.58,5.9,1.53,-0.03,-0.01,2.07,8.94
LTER146FB212sc.txt,25.02477,-80.68097,TS,1,Marine,10,1,2021,0.188333974,0.21364521,0.157666021,0.057812356,0.103658526,0.146701575,21.70202133,24.61867508,18.16810464,6.661809117,11.94473567,16.90465417,1,1.53,0.93,3.66,0.08,604.17,7.25,1.1,-0.03,-0.02,1.68,12.69
LTER146FB272sc.txt,24.91293,-80.93798,TS,1,Marine,11,1,2021,0.146228159,0.147053815,0.112745375,0.057256358,0.042838754,0.041807546,26.68737927,26.83806569,20.57660162,10.44957524,7.818289484,7.630088695,1,1.52,0.8,21.54,0.05,286,3.43,1.46,-0.03,-0.02,1.31,9.44
LTER147FB092sc.txt,25.17693,-80.48978,TS,1,Marine,9,2,2021,0.143246916,0.165486526,0.136292678,0.05176923,0.073659152,0.126384041,20.55668674,23.74818779,19.55871691,7.429157072,10.57047616,18.13677533,1,1.5,0.91,3.13,0.07,445.17,5.34,1.31,-0.04,-0.03,1.21,21.93
LTER147FB212sc.txt,25.02477,-80.68097,TS,1,Marine,10,2,2021,-9999,-9999,-9999,-9999,-9999,-9999,-9999,-9999,-9999,-9999,-9999,-9999,1,1.52,0.95,2.56,0.07,532.83,6.39,1.1,-0.03,-0.02,1.83,10.65
LTER147FB272sc.txt,24.91293,-80.93798,TS,1,Marine,11,2,2021,0.196747236,0.207626503,0.138318599,0.074023474,0.058776828,0.086753927,25.81149516,27.23875871,18.14617545,9.711224359,7.710999346,11.38134697,1,1.46,0.85,6.86,0.08,283.08,3.4,2.35,-0.02,-0.02,1.48,6.95
LTER148FB092sc.txt,25.17693,-80.48978,TS,1,Marine,9,3,2021,0.323059388,0.329297192,0.191104874,0.121016711,0.21305641,0.238542541,22.81368606,23.254185,13.49537196,8.545912485,15.04553724,16.84530727,-9999,-9999,-9999,-9999,-9999,2736.4,32.84,-9999,-9999,-9999,-9999,-9999
LTER148FB212sc.txt,25.02477,-80.68097,TS,1,Marine,10,3,2021,-9999,-9999,-9999,-9999,-9999,-9999,-9999,-9999,-9999,-9999,-9999,-9999,-9999,-9999,-9999,-9999,-9999,2631.4,31.58,-9999,-9999,-9999,-9999,-9999
LTER148FB272sc.txt,24.91293,-80.93798,TS,1,Marine,11,3,2021,-9999,-9999,-9999,-9999,-9999,-9999,-9999,-9999,-9999,-9999,-9999,-9999,-9999,-9999,-9999,-9999,-9999,2177.73,26.13,-9999,-9999,-9999,-9999,-9999
LTER149FB092sc.txt,25.17693,-80.48978,TS,1,Marine,9,4,2021,0.158256002,0.174851035,0.122804762,0.055965055,0.133319964,0.1286138,20.45151601,22.59610177,15.87013144,7.232396841,17.22901717,16.62083677,-9999,-9999,-9999,-9999,-9999,3052.58,36.63,-9999,-9999,-9999,-9999,-9999
LTER149FB212sc.txt,25.02477,-80.68097,TS,1,Marine,10,4,2021,-9999,-9999,-9999,-9999,-9999,-9999,-9999,-9999,-9999,-9999,-9999,-9999,-9999,-9999,-9999,-9999,-9999,2696.58,32.36,-9999,-9999,-9999,-9999,-9999
LTER149FB272sc.txt,24.91293,-80.93798,TS,1,Marine,11,4,2021,0.196959026,0.206871252,0.113836393,0.069545409,0.123452046,0.099703518,24.30489757,25.52807403,14.0474998,8.581957837,15.23407882,12.30349195,-9999,-9999,-9999,-9999,-9999,1378.75,16.55,-9999,-9999,-9999,-9999,-9999
LTER150FB0092c.txt,25.17693,-80.48978,TS,1,Marine,9,5,2021,-9999,-9999,-9999,-9999,-9999,-9999,-9999,-9999,-9999,-9999,-9999,-9999,1,1.71,1.02,5.35,0.07,447,5.36,1.31,-0.03,-0.02,2,11.17
LTER150FB0212c.txt,25.02477,-80.68097,TS,1,Marine,10,5,2021,0.177610199,0.188847152,0.097922698,0.051066134,0.09495627,0.062608241,26.39039774,28.06005213,14.54994678,7.58771514,14.10917695,9.302711242,1,1.82,0.94,5.49,0.07,226.08,2.71,2.58,-0.02,-0.01,2.12,4.36
LTER150FB1502c.txt,24.91293,-80.93798,TS,1,Marine,11,5,2021,0.244152304,0.272472689,0.145141855,0.085150064,0.109713919,0.055975947,26.75328634,29.85652696,15.90409564,9.330422082,12.02203637,6.133632606,1,1.57,0.91,9.87,0.08,-9999,-9999,-9999,-0.02,-0.02,1.45,7.22
LTER151FB0212c.txt,25.02477,-80.68097,TS,1,Marine,10,6,2021,0.160389678,0.155729384,0.069567026,0.05412685,0.076349541,0.089417735,26.48529033,25.71573192,11.48766498,8.938014926,12.60766765,14.76563018,1,1.64,0.84,4.66,0.06,436.08,5.23,1.15,-0.02,-0.02,1.36,7.01
LTER151FB0272c.txt,24.91293,-80.93798,TS,1,Marine,11,6,2021,0.133599298,0.143094588,0.064483281,0.050884224,0.049148666,0.0825184,25.50926839,27.3222862,12.31235014,9.71576451,9.384379597,15.75595116,1,1.65,0.88,4.63,0.05,262.08,3.14,1.59,-0.02,-0.02,1.19,7.31
LTER151FB092sc.txt,25.17693,-80.48978,TS,1,Marine,9,6,2021,0.121708514,0.142217446,0.103169402,0.044776798,0.103202163,0.109111941,19.4987492,22.78445625,16.52862415,7.173627604,16.53387275,17.48067005,1,1.56,0.93,2.43,0.08,518.92,6.23,1.28,-0.02,-0.01,3.53,5.84
LTER152FB092sc.txt,25.17693,-80.48978,TS,1,Marine,9,7,2021,0.291613521,0.316777595,0.183297792,0.088739322,0.210879428,0.168477784,23.14787196,25.14536083,14.5499214,7.044002809,16.73931298,13.37353001,-9999,-9999,-9999,-9999,-9999,-9999,-9999,-9999,-9999,-9999,-9999,-9999
LTER152FB212sc.txt,25.02477,-80.68097,TS,1,Marine,10,7,2021,0.24183355,0.260772905,0.108787011,0.074404984,0.148963443,0.224936216,22.82098532,24.60822594,10.26584935,7.02133778,14.05715854,21.22644306,1,1.7,0.96,2.17,0.07,350.83,4.21,1.66,-0.03,-0.03,0.86,14.09
LTER152FB272sc.txt,24.91293,-80.93798,TS,1,Marine,11,7,2021,0.334125058,0.365847062,0.172629482,0.112001352,0.167799227,0.133897755,25.97567245,28.44181607,13.42062434,8.707250064,13.04510884,10.40952823,1,1.6,0.89,3.99,0.09,358.67,4.3,2.09,-0.02,-0.02,1.02,10.5
LTER153FB092sc.txt,25.17693,-80.48978,TS,1,Marine,9,8,2021,0.461229613,0.484044156,0.301782704,0.141973085,0.27958816,0.235391408,24.2241283,25.42236533,15.84985595,7.45653387,14.6841817,12.36293484,1,1.55,0.89,3.34,0.12,497.5,5.97,2.01,-0.03,-0.02,1.21,12.45
LTER153FB212sc.txt,25.02477,-80.68097,TS,1,Marine,10,8,2021,0.29476496,0.336904699,0.169198718,0.082653671,0.237736573,0.30839432,20.61793824,23.56548849,11.83495048,5.781380159,16.62897097,21.57127166,1,1.53,0.99,2.04,0.1,320.92,3.85,2.6,-0.03,-0.02,1.33,14.11
LTER153FB272sc.txt,24.91293,-80.93798,TS,1,Marine,11,8,2021,-9999,-9999,-9999,-9999,-9999,-9999,-9999,-9999,-9999,-9999,-9999,-9999,1,1.61,0.91,2.92,0.03,195.25,2.34,1.28,-0.03,-0.04,0.84,13.76
LTER154FB092sc.txt,25.17693,-80.48978,TS,1,Marine,9,9,2021,0.399194976,0.419168612,0.261270395,0.119197986,0.244939531,0.14161906,25.17959841,26.43945424,16.4798758,7.518524999,15.44979118,8.932755365,1,1.65,0.92,3.62,0.11,591.08,7.09,1.55,-0.03,-0.02,1.09,13.54
LTER154FB212sc.txt,25.02477,-80.68097,TS,1,Marine,10,9,2021,0.339331471,0.380044799,0.240677201,0.089370588,0.268178986,0.283542217,21.19304722,23.73581012,15.03156562,5.581666475,16.74919771,17.70871285,1,1.65,0.99,2.39,0.11,452.25,5.43,2.03,-0.03,-0.02,1.37,15.37
LTER154FB272sc.txt,24.91293,-80.93798,TS,1,Marine,11,9,2021,0.379364981,0.378567142,0.235321847,0.129455078,0.192536688,0.120992256,26.41379654,26.35824596,16.38459976,9.013483747,13.40562562,8.424248369,1,1.58,0.86,4.6,0.09,348.5,4.18,2.15,-0.02,-0.02,1.05,10.2
LTER155FB0092c.txt,25.17693,-80.48978,TS,1,Marine,9,10,2021,0.331653814,0.360965578,0.198185805,0.104086742,0.188856178,0.097690585,25.88136393,28.16877444,15.46588261,8.122646965,14.7378238,7.623508255,-9999,-9999,-9999,-9999,-9999,633.17,7.6,-9999,-9999,-9999,-9999,-9999
LTER155FB0212c.txt,25.02477,-80.68097,TS,1,Marine,10,10,2021,0.31028625,0.346482463,0.175974058,0.089742662,0.210338136,0.185168503,23.54234571,26.28866066,13.35167802,6.809044165,15.9589834,14.04928805,-9999,-9999,-9999,-9999,-9999,817.25,9.81,-9999,-9999,-9999,-9999,-9999
LTER155FB0272c.txt,24.91293,-80.93798,TS,1,Marine,11,10,2021,0.296256553,0.298251358,0.1492428,0.102378048,0.117045599,0.050308614,29.23152742,29.42835413,14.72573337,10.10160514,11.5488471,4.963932848,-9999,-9999,-9999,-9999,-9999,178.83,2.15,-9999,-9999,-9999,-9999,-9999
LTER156FB212sc.txt,25.02477,-80.68097,TS,1,Marine,10,11,2021,0.37835733,0.42158408,0.247134654,0.120659561,0.268123895,0.281179733,22.03545021,24.55296691,14.39306957,7.027187094,15.61547849,16.37584772,1,1.68,0.95,3.23,0.14,690.92,8.29,1.69,-0.02,-0.01,1.77,8.95
LTER156FB272sc.txt,24.91293,-80.93798,TS,1,Marine,11,11,2021,0.169870019,0.166904242,0.097248135,0.062611615,0.084262223,0.041204766,27.30585862,26.82912289,15.63221009,10.06454172,13.54478179,6.623484885,1,1.6,0.86,6.33,0.05,304.17,3.65,1.37,-0.02,-0.02,1.29,8.07
LTER156FB92sc.txt,25.17693,-80.48978,TS,1,Marine,9,11,2021,0.243660971,0.272290187,0.198332669,0.081633446,0.165507994,0.071484349,23.58976693,26.36147277,19.20135757,7.90325166,16.02347307,6.920678,1,1.57,0.94,4.58,0.09,461.92,5.54,1.62,-0.03,-0.02,1.33,14.78
LTER157FB092sc.txt,25.17693,-80.48978,TS,1,Marine,9,12,2021,0.26177705,0.293253608,0.210690043,0.085011702,0.166710166,0.10988979,23.22092928,26.01305692,18.6892571,7.540961733,14.78802277,9.747772202,1,1.58,0.93,3.79,0.09,466.33,5.6,1.61,-0.03,-0.02,1.31,13.77
LTER157FB212sc.txt,25.02477,-80.68097,TS,1,Marine,10,12,2021,0.242831851,0.279287143,0.186846095,0.077169173,0.183212705,0.188962203,20.96433811,24.11162327,16.13093461,6.662225872,15.81725415,16.31362399,1,1.75,0.99,2.72,0.09,634.5,7.61,1.18,-0.03,-0.02,1.8,11.16
LTER157FB272sc.txt,24.91293,-80.93798,TS,1,Marine,11,12,2021,0.33033419,0.340976942,0.219298378,0.119474919,0.165419064,0.087795746,26.14853076,26.99098767,17.35917915,9.457372856,13.09421067,6.949718891,1,1.61,0.84,5.39,0.09,294.25,3.53,2.55,-0.02,-0.02,1.2,9.02
LTER158FB212sc.txt,25.02477,-80.68097,TS,1,Marine,10,1,2022,0.129318459,0.131353158,0.079512092,0.045468661,0.094039644,0.134805403,21.04458947,21.37570555,12.93936961,7.399324953,15.30350515,21.93750526,1,1.69,0.95,2.46,0.04,1006.67,12.08,0.71,-0.04,-0.01,0.03,60.23
LTER158FB272sc.txt,24.91293,-80.93798,TS,1,Marine,11,1,2022,0.267816822,0.281142919,0.155719879,0.095384356,0.137781634,0.088961923,26.08247541,27.3802938,15.16543989,9.289409418,13.41844788,8.663933599,1,1.55,0.89,4.84,0.07,274.25,3.29,0.92,-0.03,-0.03,0.86,11.51
LTER158FB92sc.txt,25.17693,-80.48978,TS,1,Marine,9,1,2022,0.180249924,0.208406585,0.16971805,0.060994811,0.138994217,0.106936123,20.83092389,24.08490174,19.61378792,7.048980901,16.06312998,12.35827556,1,1.56,0.98,3.23,0.07,549.33,6.59,1.98,-0.03,-0.06,0.56,30.88
LTER159FB212sc.txt,25.02477,-80.68097,TS,1,Marine,10,2,2022,-9999,-9999,-9999,-9999,-9999,-9999,-9999,-9999,-9999,-9999,-9999,-9999,1,1.37,0.87,2.48,0.03,549.5,6.59,37.91,-0.03,-0.03,0.99,8.29
LTER159FB272sc.txt,24.91293,-80.93798,TS,1,Marine,11,2,2022,0.254729044,0.273286488,0.138304998,0.099116459,0.138701571,0.103072687,25.29052815,27.13298617,13.73147872,9.84068229,13.77085207,10.2334726,1,1.61,0.88,4.51,0.09,337.917,4.06,184.95,-0.02,-0.01,1.48,5.86
LTER159FB92sc.txt,25.17693,-80.48978,TS,1,Marine,9,2,2022,0.157644833,0.178318564,0.141825796,0.054031278,0.136701818,0.122751274,19.92292425,22.53564028,17.9237374,6.828394242,17.27617662,15.51312721,1,1.53,0.93,2.53,0.07,455.417,5.47,106.74,-0.03,-0.03,1.27,19.11
LTER160FB027c.txt,24.91293,-80.93798,TS,1,Marine,11,3,2022,-9999,-9999,-9999,-9999,-9999,-9999,-9999,-9999,-9999,-9999,-9999,-9999,1,1.5,0.83,11.16,0.01,329.58,3.96,0.25,-0.01,-0.02,0.35,3.24
LTER161c.txt,25.02477,-80.68097,TS,1,Marine,11,4,2022,-9999,-9999,-9999,-9999,-9999,-9999,-9999,-9999,-9999,-9999,-9999,-9999,1,1.55,0.93,3.69,0.11,-9999,-9999,-9999,-0.02,-0.02,1.37,8.72
LTER161FB027c.txt,24.91293,-80.93798,TS,1,Marine,11,4,2022,-9999,-9999,-9999,-9999,-9999,-9999,-9999,-9999,-9999,-9999,-9999,-9999,1,1.42,0.67,-2.85,0.01,342,4.1,0.24,0,-0.02,0.02,1.77
LTER162FB009c.txt,25.17693,-80.48978,TS,1,Marine,9,5,2022,0.17479983,0.20184133,0.141323691,0.063127763,0.128281275,0.129156834,20.845966,24.07083302,16.85372847,7.528378019,15.29833931,15.40275517,1,1.53,1,2.74,0.06,454.1,5.45,1.1,-0.04,-0.04,1.02,26.46
LTER162FB021c.txt,25.02477,-80.68097,TS,1,Marine,10,5,2022,0.242510865,0.262658064,0.111984787,0.076633853,0.150018024,0.254057306,22.08935785,23.92448678,10.20025243,6.980275321,13.66454995,23.14107767,1,1.57,0.95,2.41,0.06,302.6,3.63,1.65,-0.03,-0.02,1.38,9.77
LTER162FB027c.txt,24.91293,-80.93798,TS,1,Marine,11,5,2022,-9999,-9999,-9999,-9999,-9999,-9999,-9999,-9999,-9999,-9999,-9999,-9999,1,1.48,1.29,0.56,-0.01,409.1,4.91,-0.2,0.13,-0.01,-9.46,-3.04
LTER163FB009c.txt,25.17693,-80.48978,TS,1,Marine,9,6,2022,0.199095923,0.242619311,0.147492695,0.067357212,0.13611714,0.175511446,20.56364523,25.0589633,15.23379988,6.956997334,14.05887442,18.12771985,1,1.78,0.97,2.33,0.07,474.3,5.69,1.23,-0.03,-0.02,1.71,15.92
LTER163FB0212c.txt,25.02477,-80.68097,TS,1,Marine,10,6,2022,0.133960089,0.130800561,0.048865203,0.050275093,0.062707082,0.039445644,28.74348972,28.06555753,10.48488748,10.78740405,13.45490563,8.46375559,1,1.91,0.9,4.69,0.03,617.1,7.41,0.41,-0.03,-0.04,0.13,31.29
LTER163FB027c.txt,24.91293,-80.93798,TS,1,Marine,11,6,2022,0.486226824,0.522262178,0.240622655,0.174097712,0.276533477,0.218981439,25.3411513,27.21924051,12.54076246,9.073618012,14.41236131,11.4128664,1,1.55,0.93,3.69,0.11,334.1,4.01,2.74,-0.02,-0.02,1.37,8.72
LTER164FB021c.txt,25.02477,-80.68097,TS,1,Marine,10,7,2022,-9999,-9999,-9999,-9999,-9999,-9999,-9999,-9999,-9999,-9999,-9999,-9999,1,1.67,1.04,3.94,0.02,547.6,6.57,0.3,-0.02,-0.01,2.07,5.47
LTER165FB009c.txt,25.17693,-80.48978,TS,1,Marine,9,8,2022,0.436106962,0.463001801,0.25695878,0.131513359,0.211824226,0.186478869,25.86814768,27.4634436,15.24178299,7.800854575,12.56457897,11.06119218,1,1.64,0.89,4.23,0.1,539,6.47,1.55,-0.03,-0.02,1.25,11.23
May20TS62sc.txt,25.21418,-80.64908,TS,2,Mangrove,6,5,2020,2.400601771,1.136006163,0.334825095,1.210112956,0.26053119,0.240302544,43.00319742,20.34985472,5.997891792,21.6773673,4.66702738,4.304661386,-9999,-9999,-9999,-9999,-9999,738.75,8.87,-9999,-9999,-9999,-9999,-9999
May20TS72sc.txt,25.1908,-80.63911,TS,2,Mangrove,7,5,2020,0.596476872,0.530328382,0.325666169,0.218360017,0.236707435,0.176876767,28.61602359,25.44254474,15.62385937,10.47583855,11.35605732,8.485676427,-9999,-9999,-9999,-9999,-9999,738.75,8.87,-9999,-9999,-9999,-9999,-9999
SRS21604I2s,25.54973,-80.78521,SRS,3,Marsh,2,4,2016,2.997203582,2.200223459,1.238901395,0.968417173,0.558613272,0.332778954,36.12769751,26.52105718,14.93347169,11.67310852,6.733413585,4.011251511,1,1.48,0.64,10.38,0.49,1479.17,17.75,2.76,-0.02,-0.02,0.99,7.49
SRS21605I2s,25.54973,-80.78521,SRS,3,Marsh,2,5,2016,2.884062888,2.115264722,1.220234609,0.902093232,0.56342276,0.289269508,36.16675608,26.52586515,15.30199901,11.31243913,7.065440076,3.627500556,1,1.48,0.64,9.9,0.47,1427.5,17.13,2.74,-0.02,-0.02,1,7.91
SRS21606I2s,25.54973,-80.78521,SRS,3,Marsh,2,6,2016,3.790240845,2.626977872,1.313762952,1.257030872,0.572175338,0.29098279,38.47502974,26.66665679,13.33610995,12.7602182,5.808196382,2.953788943,1,1.49,0.62,13.12,0.53,1476.67,17.72,2.99,-0.02,-0.02,0.95,7.21
SRS21607I2s,25.54973,-80.78521,SRS,3,Marsh,2,7,2016,3.565807457,2.529981678,1.327381477,1.111654232,0.647167212,0.247181869,37.81675347,26.83142445,14.07738883,11.7895188,6.863456085,2.621458374,1,1.5,0.63,11.99,0.55,1601.67,19.22,2.86,-0.02,-0.02,0.95,7.46
SRS21608I2s,25.54973,-80.78521,SRS,3,Marsh,2,8,2016,3.428353433,2.418812095,1.444365799,1.104258642,0.594037049,0.248922748,37.10841315,26.18116256,15.63377985,11.95246836,6.429842388,2.694333698,1,1.51,0.62,12.37,0.49,1443.33,17.32,2.83,-0.02,-0.02,0.96,7.36
SRS21610I2s,25.54973,-80.78521,SRS,3,Marsh,2,9,2016,2.417065295,1.812610791,0.899896164,0.775808052,0.408220264,0.256412918,36.7893506,27.58914872,13.69702157,11.8083175,6.213385486,3.902776128,1,1.45,0.57,13.4,1.45,1353.33,16.24,8.93,-0.02,-0.02,0.96,7.36
SRS21611I2s,25.54973,-80.78521,SRS,3,Marsh,2,10,2016,2.503882302,1.871620871,0.884818991,0.810852019,0.422606082,0.253070472,37.11186744,27.74065921,13.11454819,12.0182297,6.263753251,3.750942208,1,1.5,0.64,10.31,0.36,1064.17,12.77,2.82,-0.02,-0.02,0.96,7.6
SRS21612I2s,25.54973,-80.78521,SRS,3,Marsh,2,11,2016,2.881457842,2.183890894,1.029556988,0.929715542,0.478257832,0.20894809,37.36413916,28.31872189,13.35036383,12.05571026,6.20161501,2.70944985,1,1.52,0.64,10.51,0.36,1085,13.02,2.76,-0.02,-0.02,0.95,7.67
SRS21701I2s,25.54973,-80.78521,SRS,3,Marsh,2,1,2017,3.337109322,2.570670654,1.114972254,1.051564552,0.541245046,0.283021676,37.50157899,28.88853774,12.52977234,11.81721284,6.082373064,3.18052503,1,1.56,0.67,11.53,0.44,1410.83,16.93,2.6,-0.02,-0.02,0.92,8.26
SRS21702I2s,25.54973,-80.78521,SRS,3,Marsh,2,2,2017,3.451629096,2.615119545,1.079705809,1.076391942,0.554293798,0.300064714,38.02524161,28.80974455,11.89469468,11.85818711,6.10643699,3.305695055,1,1.56,0.66,11.59,0.46,1422.5,17.07,2.69,-0.02,-0.02,0.92,8.24
SRS21703I2s,25.54973,-80.78521,SRS,3,Marsh,2,3,2017,4.544421388,3.787093868,2.093227455,1.278225204,1.020431574,0.486565111,34.4014653,28.66846342,15.84582184,9.676219751,7.724710888,3.683318807,1,1.57,0.71,9.7,0.56,2195.83,26.35,2.13,-0.02,-0.02,0.95,8.7
SRS21704I2s,25.54973,-80.78521,SRS,3,Marsh,2,4,2017,-9999,-9999,-9999,-9999,-9999,-9999,-9999,-9999,-9999,-9999,-9999,-9999,1,1.57,0.72,8.69,0.96,3901.67,46.82,2.05,-0.02,-0.02,0.98,10.21
SRS21705I2s,25.54973,-80.78521,SRS,3,Marsh,2,5,2017,5.708599813,4.778766046,2.549229676,1.514620465,1.423413851,0.756690892,34.11924199,28.56179807,15.23627283,9.05260552,8.507480505,4.522601078,1,1.58,0.7,8.12,0.75,2649.5,31.79,2.36,-0.02,-0.02,0.96,8.03
SRS21706I2s,25.54973,-80.78521,SRS,3,Marsh,2,6,2017,4.189972985,3.134210097,1.821535768,1.262554655,0.755267355,0.396804954,36.2443568,27.11173305,15.75675847,10.92142636,6.53325919,3.432466126,1,1.52,0.64,11.25,0.59,1570,18.84,3.13,-0.02,-0.02,0.93,6.79
SRS21707I2s,25.54973,-80.78521,SRS,3,Marsh,2,7,2017,4.005506376,2.812793883,1.749084914,1.182832451,0.61333085,0.36324232,37.3411438,26.22213798,16.30576141,11.0268996,5.717747853,3.38630935,1,1.48,0.6,12.66,0.59,1396.25,16.76,3.52,-0.02,-0.02,0.94,6.29
SRS21708I2s,25.54973,-80.78521,SRS,3,Marsh,2,8,2017,2.521002253,1.793945167,1.272895097,0.768895348,0.459791163,0.383621955,35.01318595,24.91538262,17.67872785,10.67887813,6.385854464,5.327970982,1,1.48,0.61,9.94,0.42,984.5,11.81,3.56,-0.02,-0.02,0.95,6.2
SRS21709I2s,25.54973,-80.78521,SRS,1,Marsh,2,9,2017,2.040295806,1.402543469,0.986238794,0.648870312,0.365823054,0.250363527,35.83153227,24.63137032,17.32025673,11.39541504,6.424558885,4.396866759,1,1.47,0.61,11.45,0.33,2662.83,31.95,1.03,-0.0173,-0.0184,0.94,6.05
SRS21710I2s,25.54973,-80.78521,SRS,3,Marsh,2,10,2017,2.018808829,1.444685293,1.086983816,0.616458553,0.392768323,0.293231765,34.49223825,24.6830847,18.57159738,10.53246596,6.710619827,5.009993884,1,1.45,0.63,10.63,0.33,2643.83,31.73,1.04,-0.02,-0.02,0.95,6.42
SRS21711I2s,25.54973,-80.78521,SRS,3,Marsh,2,11,2017,1.753755134,1.297548591,1.017557421,0.527544198,0.389544698,0.219750346,33.68912929,24.92553344,19.54698399,10.13397157,7.483041061,4.221340645,1,1.47,0.64,10.36,0.29,805.25,9.66,3,-0.02,-0.02,1,6.92
SRS2Dec2017,25.54973,-80.78521,SRS,3,Marsh,2,12,2017,2.296698697,1.706883479,1.282421963,0.709851019,0.452445008,0.302484332,34.02121187,25.28422407,18.99663607,10.51508931,6.70211008,4.480728601,1,1.48,0.64,9.89,0.32,915.83,10.99,2.91,-0.0191,-0.0191,1,7.36
SRS41604I2s,25.40976,-80.96431,SRS,2,Mangrove,4,4,2016,3.165612777,2.318063791,1.177866074,1.095886736,0.56957187,0.249891935,36.90861842,27.02684692,13.73301554,12.7771993,6.64077141,2.913548409,1,1.5,0.65,12.01,0.52,1480,17.76,2.93,-0.02,-0.02,1.04,7.03
SRS41605I2s,25.40976,-80.96431,SRS,2,Mangrove,4,5,2016,2.768108805,1.972393401,0.88441891,1.039495238,0.478414248,0.179094102,37.8057535,26.93818199,12.0790495,14.19702168,6.533995733,2.445997591,1,1.52,0.65,12.5,0.54,1439.17,17.27,3.13,-0.02,-0.02,1.04,6.23
SRS41606I2s,25.40976,-80.96431,SRS,2,Mangrove,4,6,2016,3.424926567,2.404993927,1.06318219,1.251047343,0.587493613,0.252718389,38.12097682,26.76866671,11.83369711,13.92472096,6.53906879,2.812869608,1,1.5,0.64,12.3,0.59,1580,18.96,3.11,-0.02,-0.02,1.05,6.17
SRS41607I2s,25.40976,-80.96431,SRS,2,Mangrove,4,7,2016,2.85158804,2.008038992,1.010968282,0.971523489,0.46358857,0.225149688,37.86538527,26.66414959,13.42434564,12.90057003,6.155854061,2.989695409,1,1.5,0.63,12.66,0.53,1298.33,15.58,3.4,-0.02,-0.02,1.04,6.29
SRS41608I2s,25.40976,-80.96431,SRS,2,Mangrove,4,8,2016,2.96241533,2.067492883,1.185315741,1.053683332,0.517968192,0.238074256,36.915064,25.76331256,14.77038213,13.13009261,6.45447272,2.966675983,1,1.5,0.63,11.56,0.53,1371.67,16.46,3.22,-0.02,-0.02,1.04,6.17
SRS41610I2s,25.40976,-80.96431,SRS,2,Mangrove,4,9,2016,2.218578752,1.498086531,0.668336413,0.838915111,0.325147823,0.230003278,38.38990625,25.92263242,11.56477868,14.51644321,5.62630216,3.979937275,1,1.45,0.57,15.72,1.45,1266.67,15.2,9.54,-0.02,-0.02,1.04,6.17
SRS41611I2s,25.40976,-80.96431,SRS,2,Mangrove,4,10,2016,2.232116513,1.630447969,0.751690071,0.757389441,0.378736086,0.195802396,37.53864807,27.42007962,12.64155739,12.73740663,6.369398986,3.292909311,1,1.49,0.61,10.47,0.42,1016.67,12.2,3.44,-0.02,-0.02,1.02,5.84
SRS41612I2s,25.40976,-80.96431,SRS,2,Mangrove,4,11,2016,2.622094601,1.87071262,0.756440634,0.922284586,0.414758037,0.186550546,38.71484052,27.62079626,11.16873453,13.61739605,6.123841319,2.754391327,1,1.51,0.65,10.71,0.38,1052.5,12.63,3.01,-0.02,-0.02,1.02,7.02
SRS41701I2s,25.40976,-80.96431,SRS,2,Mangrove,4,1,2017,3.15939258,2.246757487,0.823131444,1.116464104,0.480131101,0.210035106,39.31591896,27.95896143,10.24316173,13.89343399,5.974817941,2.613705956,1,1.55,0.65,12.99,0.51,1439.17,17.27,2.95,-0.02,-0.02,1.07,6.39
SRS41702I2s,25.40976,-80.96431,SRS,2,Mangrove,4,2,2017,3.013364826,2.166745766,0.826522213,1.04860088,0.466474283,0.192358878,39.06324494,28.08824204,10.71448082,13.59336003,6.047060419,2.493611753,1,1.53,0.65,13.39,0.53,1402.5,16.83,3.15,-0.02,-0.02,1.07,6.38
SRS41703I2s,25.40976,-80.96431,SRS,2,Mangrove,4,3,2017,3.02905047,2.174563862,1.13780195,1.124630301,0.558645868,0.163698932,36.99200891,26.55666737,13.89530491,13.73444732,6.822412879,1.999158621,1,1.54,0.66,12.88,0.52,1392.5,16.71,3.11,-0.02,-0.02,1.06,6.22
SRS41704I2s,25.40976,-80.96431,SRS,2,Mangrove,4,4,2017,2.652296938,1.868473127,1.006503109,1.039878385,0.439020967,0.207113477,36.76960732,25.903217,13.95346183,14.41615354,6.086282549,2.871277759,1,1.51,0.65,12.98,0.5,1177.5,14.13,3.54,-0.02,-0.02,1.07,5.99
SRS41705I2s,25.40976,-80.96431,SRS,2,Mangrove,4,5,2017,2.8036276,1.924926688,1.080592768,1.084949652,0.459080164,0.185776434,37.1885524,25.53307615,14.33345882,14.39125045,6.089441663,2.464220516,1,1.51,0.64,13.98,0.55,1174.17,14.09,3.9,-0.02,-0.02,1.04,5.83
SRS41706I2s,25.40976,-80.96431,SRS,2,Mangrove,4,6,2017,3.234286682,2.096081798,1.070872889,1.249826136,0.482338402,0.187171592,38.87093994,25.19154227,12.87017505,15.02090614,5.796934197,2.249502412,1,1.49,0.61,13.84,0.63,1337.5,16.05,3.93,-0.02,-0.02,1,5.22
SRS41707I2s,25.40976,-80.96431,SRS,2,Mangrove,4,7,2017,3.127308892,2.065810379,1.178841461,1.161652545,0.478671769,0.265368445,37.78013775,24.95647325,14.24125161,14.03359715,5.782698804,3.205841434,1,1.49,0.61,12.29,0.57,1222.25,14.67,3.89,-0.02,-0.02,1.01,5.42
SRS41708I2s,25.40976,-80.96431,SRS,2,Mangrove,4,8,2017,2.916475196,2.032834875,1.331043011,0.936296429,0.516278482,0.244395314,36.55957123,25.48266877,16.68533366,11.73697484,6.471825972,3.063625531,1,1.48,0.61,12.03,0.53,1157.33,13.89,3.82,-0.02,-0.02,1,5.86
SRS41710I2s,25.40976,-80.96431,SRS,2,Mangrove,4,10,2017,2.00497073,1.379726946,0.941344824,0.637392963,0.400675179,0.298011358,35.41023542,24.36766544,16.62530098,11.25713934,7.07641373,5.263245083,1,1.49,0.61,9.59,0.36,3029.5,36.35,0.99,-0.02,-0.02,1.02,5.67
SRS41711I2s,25.40976,-80.96431,SRS,2,Mangrove,4,11,2017,1.93121196,1.346271877,0.982384026,0.663213171,0.363772281,0.248183904,34.89067705,24.32272492,17.74846288,11.98209054,6.572174067,4.48387055,1,1.47,0.62,11.32,0.34,865.25,10.38,3.27,-0.02,-0.02,1.04,6.28
SRS4Dec2017,25.40976,-80.96431,SRS,2,Mangrove,4,12,2017,2.390289709,1.79446234,1.324633773,0.784040183,0.493052517,0.175582917,34.33307404,25.77487079,19.02645911,11.26160965,7.081990318,2.521996091,1,1.49,0.65,12.54,0.33,1020,12.24,2.7,-0.0194,-0.0196,0.99,7.51
SRS61604I2s,25.36463,-81.07795,SRS,2,Mangrove,6,4,2016,1.712856527,1.213470183,0.543023451,0.685218733,0.326693808,0.127374744,37.16622423,26.33034594,11.78273313,14.86814142,7.088728749,2.763826526,1,1.52,0.66,11.25,0.33,832.88,9.99,3.3,-0.02,-0.02,1.09,6.21
SRS61605I2s,25.36463,-81.07795,SRS,2,Mangrove,6,5,2016,1.193524939,0.83936314,0.358076606,0.508325022,0.223502243,0.102578792,37.00427128,26.02377236,11.10187432,15.76020441,6.929505514,3.180372113,1,1.5,0.66,11.84,0.27,666.33,8,3.38,-0.02,-0.02,1.09,5.86
SRS61606I2s,25.36463,-81.07795,SRS,2,Mangrove,6,6,2016,1.540704456,1.073581458,0.443727844,0.658408799,0.299133738,0.161432357,36.88553129,25.70228332,10.62315176,15.76276246,7.161468775,3.86480239,1,1.54,0.67,10.84,0.31,717.25,8.61,3.6,-0.02,-0.02,1.1,5.76
SRS61607I2s,25.36463,-81.07795,SRS,2,Mangrove,6,7,2016,1.238958862,0.882979101,0.413019505,0.500426889,0.26536452,0.120225191,36.21655228,25.81075108,12.07315509,14.62819885,7.756987177,3.514355517,1,1.5,0.68,11.13,0.29,695.25,8.34,3.48,-0.02,-0.02,1.1,5.97
SRS61608I2s,25.36463,-81.07795,SRS,2,Mangrove,6,8,2016,1.592053608,1.075416636,0.565116455,0.668845254,0.311897283,0.137899474,36.58859863,24.71524041,12.98751438,15.37141113,7.16802778,3.169207673,1,1.51,0.64,11.66,0.34,798.33,9.58,3.55,-0.02,-0.02,1.09,5.7
SRS61610I2s,25.36463,-81.07795,SRS,2,Mangrove,6,9,2016,1.51620149,1.049203374,0.40699496,0.620203568,0.247519892,0.145378057,38.04293013,26.32550549,10.21188867,15.56149439,6.210508302,3.647673015,1,1.46,0.6,13.98,1.46,810.42,9.73,15.01,-0.02,-0.02,1.09,5.7
SRS61611I2s,25.36463,-81.07795,SRS,2,Mangrove,6,10,2016,1.346861279,0.923443989,0.321292606,0.549712719,0.243211055,0.121927733,38.41097169,26.33558589,9.162904427,15.67718965,6.93610627,3.477242067,1,1.51,0.64,10.43,0.32,753.42,9.04,3.54,-0.02,-0.02,1.07,5.81
SRS61612I2s,25.36463,-81.07795,SRS,2,Mangrove,6,11,2016,1.536356519,1.080271584,0.423239492,0.609155861,0.261230171,0.130534408,38.02121035,26.73418093,10.47418196,15.07517484,6.464832326,3.23041959,1,1.54,0.65,10.2,0.29,693.92,8.33,3.48,-0.02,-0.02,1.09,6.02
SRS61701I2s,25.36463,-81.07795,SRS,2,Mangrove,6,1,2017,1.384691933,0.997721071,0.40873113,0.546685977,0.238929087,0.12008658,37.4560373,26.9884418,11.05621263,14.78790325,6.463052591,3.248352427,1,1.53,0.67,11.82,0.28,768.33,9.22,3.04,-0.02,-0.02,1.1,6.38
SRS61702I2s,25.36463,-81.07795,SRS,2,Mangrove,6,2,2017,1.079783763,0.800080711,0.34564786,0.428088295,0.205719264,0.09403895,36.56121116,27.09053498,11.70355105,14.4949638,6.965603412,3.184135591,1,1.52,0.69,11.72,0.25,603,7.24,3.45,-0.02,-0.02,1.15,6.17
SRS61703I2s,25.36463,-81.07795,SRS,2,Mangrove,6,3,2017,1.255704438,0.888803388,0.516133069,0.510426931,0.278133589,0.135959817,35.02504788,24.79116921,14.3963698,14.23720993,7.757910215,3.792292958,1,1.52,0.67,10.18,0.26,664.67,7.98,3.26,-0.02,-0.02,1.1,6.15
SRS61704I2s,25.36463,-81.07795,SRS,2,Mangrove,6,4,2017,0.998433523,0.677173813,0.386298589,0.452231539,0.202036238,0.148680693,34.85110884,23.63728551,13.48405663,15.78549822,7.052234069,5.189816731,1,1.53,0.67,9.32,0.22,508.75,6.11,3.6,-0.02,-0.02,1.17,5.64
SRS61705I2s,25.36463,-81.07795,SRS,2,Mangrove,6,5,2017,1.573812415,1.028300036,0.589493919,0.665313382,0.302216361,0.171355769,36.34257858,23.74557126,13.61263189,15.36345986,6.97879986,3.956958548,1,1.52,0.64,9.98,0.34,687.75,8.25,4.12,-0.02,-0.02,1.1,5.57
SRS61706I2s,25.36463,-81.07795,SRS,2,Mangrove,6,6,2017,1.984579897,1.265731055,0.666751157,0.851244064,0.31846453,0.144834192,37.93443765,24.19393437,12.74467722,16.27118411,6.087319973,2.768446683,1,1.49,0.61,12.89,0.42,865.83,10.39,4.04,-0.02,-0.02,1.05,5.24
SRS61707I2s,25.36463,-81.07795,SRS,2,Mangrove,6,7,2017,1.891687377,1.228146407,0.660750296,0.788768249,0.307510843,0.138691536,37.71641397,24.48675129,13.17402231,15.72644094,6.131143233,2.76522826,1,1.5,0.61,13.5,0.38,854.75,10.26,3.7,-0.02,-0.02,1.07,5.32
SRS61708I2s,25.36463,-81.07795,SRS,2,Mangrove,6,8,2017,1.93395196,1.292738,0.73452678,0.767339435,0.336295997,0.13193998,37.21434114,24.87569181,14.13423432,14.76563643,6.471222772,2.538873522,1,1.49,0.62,13.01,0.38,929.25,11.15,3.41,-0.02,-0.02,1.05,5.43
SRS61710I2s,25.36463,-81.07795,SRS,2,Mangrove,6,10,2017,1.86041848,1.24238627,0.693053326,0.691498696,0.373995703,0.263760685,36.30004688,24.24114808,13.52269314,13.49235957,7.297316001,5.146436323,1,1.51,0.63,10.23,0.38,3599.83,43.2,0.88,-0.02,-0.02,1.07,5.11
SRS61711I2s,25.36463,-81.07795,SRS,2,Mangrove,6,11,2017,1.806831953,1.25900076,0.800875908,0.647869152,0.368085666,0.217880537,35.42429909,24.68365661,15.70177439,12.70196188,7.21659626,4.271711765,1,1.52,0.65,10.82,0.34,790.58,9.49,3.58,-0.02,-0.02,1.06,5.84
SRS6Dec2017,25.36463,-81.07795,SRS,2,Mangrove,6,12,2017,1.886492212,1.357865252,0.792724682,0.708869164,0.386489689,0.199361974,35.38188154,25.46728112,14.86785401,13.29511176,7.248761645,3.739109923,1,1.53,0.67,11.01,0.3,818.75,9.83,3.05,-0.0188,-0.0177,1.07,6.4
SRS 2 September 2016,25.54973,-80.78521,SRS,3,Marsh,2,12,2016,-9999,-9999,-9999,-9999,-9999,-9999,-9999,-9999,-9999,-9999,-9999,-9999,1,1.53,0.65,11.69,0.41,1287.5,15.45,2.65,-0.02,-0.02,0.93,8.32
SRS 4 September 2016,25.40976,-80.96431,SRS,2,Mangrove,4,12,2016,-9999,-9999,-9999,-9999,-9999,-9999,-9999,-9999,-9999,-9999,-9999,-9999,1,1.54,0.65,11.72,0.43,1362.5,16.35,2.63,-0.02,-0.02,1.04,6.67
SRS 6 September 2016,25.36463,-81.07795,SRS,2,Mangrove,6,12,2016,-9999,-9999,-9999,-9999,-9999,-9999,-9999,-9999,-9999,-9999,-9999,-9999,1,1.52,0.65,11.92,0.31,797,9.56,3.24,-0.02,-0.02,1.09,6.27
SRS11905061sc.txt,25.7463,-80.6537,SRS,3,Marsh,1,5,2019,6.164920775,5.026022033,3.152973305,1.917983364,1.341935524,0.646102024,33.78050437,27.53994179,17.27662567,10.50953415,7.353096737,3.540297279,1,1.55,0.69,11.14,0.81,1227.5,14.73,5.5,-0.02,-0.02,0.94,7.76
SRS11909181sc.txt,25.7463,-80.6537,SRS,3,Marsh,1,9,2019,4.814629996,3.589273528,2.174250075,1.402953784,1.066910231,0.55540706,35.39277874,26.38507298,15.98310813,10.31323963,7.842953204,4.082847323,1,1.54,0.65,9.77,0.63,1427.5,17.13,3.66,-0.02,-0.02,1.05,7.3
SRS11910072sc.txt,25.7463,-80.6537,SRS,3,Marsh,1,10,2019,4.986457549,3.893755298,2.699032822,1.564054528,0.98792867,0.591338258,33.86948422,26.4475296,18.33262365,10.62351772,6.710301685,4.016543128,1,1.5,0.66,11.67,0.66,1872.5,22.47,2.94,-0.02,-0.02,1.03,7.77
SRS11910112sc.txt,25.7463,-80.6537,SRS,3,Marsh,1,10,2019,5.037730611,4.0092537,2.689014183,1.628269073,1.11339264,0.518053181,33.59447117,26.73599846,17.93188569,10.85823015,7.424739396,3.454675133,-9999,-9999,-9999,-9999,-9999,1872.5,22.47,-9999,-9999,-9999,-9999,-9999
SRS12c.txt,25.7463,-80.6537,SRS,3,Marsh,1,-9999,-9999,1.334519504,0.987484515,0.565044956,0.536422547,0.322044488,0.108888219,34.62323681,25.61964072,14.6597223,13.91713257,8.355233877,2.825033721,-9999,-9999,-9999,-9999,-9999,-9999,-9999,-9999,-9999,-9999,-9999,-9999
SRS13c.txt,25.7463,-80.6537,SRS,3,Marsh,1,-9999,-9999,1.797883034,1.267250221,0.709647453,0.741257097,0.360399048,0.104948928,36.09202566,25.43971249,14.24598463,14.88053987,7.23491541,2.106821937,-9999,-9999,-9999,-9999,-9999,-9999,-9999,-9999,-9999,-9999,-9999,-9999
SRS15c.txt,25.7463,-80.6537,SRS,3,Marsh,1,-9999,-9999,2.843647075,1.927820684,1.107411788,1.155508463,0.469296892,0.178528013,37.01598883,25.09460107,14.41527071,15.04134909,6.108876403,2.323913895,-9999,-9999,-9999,-9999,-9999,-9999,-9999,-9999,-9999,-9999,-9999,-9999
SRS16c.txt,25.7463,-80.6537,SRS,3,Marsh,1,-9999,-9999,3.17355221,2.198343921,1.299990893,1.220791842,0.533119397,0.172321891,36.90983788,25.56772738,15.1194781,14.19835754,6.200418086,2.004181009,-9999,-9999,-9999,-9999,-9999,-9999,-9999,-9999,-9999,-9999,-9999,-9999
SRS17c.txt,25.7463,-80.6537,SRS,3,Marsh,1,-9999,-9999,3.177733699,2.194260722,1.375336885,1.219935446,0.532021062,0.183441838,36.59832595,25.27155411,15.83991372,14.0501374,6.127348001,2.112720827,-9999,-9999,-9999,-9999,-9999,-9999,-9999,-9999,-9999,-9999,-9999,-9999
SRS18c.txt,25.7463,-80.6537,SRS,3,Marsh,1,-9999,-9999,3.090818712,2.170584977,1.395231025,1.157767587,0.529266902,0.179863456,36.26217949,25.46579058,16.36916383,13.58318942,6.209478199,2.110198477,-9999,-9999,-9999,-9999,-9999,-9999,-9999,-9999,-9999,-9999,-9999,-9999
SRS19c.txt,25.7463,-80.6537,SRS,3,Marsh,1,-9999,-9999,2.848592453,2.07961638,1.345330801,1.013886629,0.515989443,0.174059263,35.70794599,26.06860427,16.86411811,12.70936772,6.468079747,2.18188416,-9999,-9999,-9999,-9999,-9999,-9999,-9999,-9999,-9999,-9999,-9999,-9999
SRS1Apr211sc.txt,25.7463,-80.6537,SRS,3,Marsh,1,4,2021,4.895541292,3.791777755,2.821826079,1.534460544,0.925527255,0.403728163,34.06100749,26.38150979,19.63301573,10.67609667,6.439408613,2.808961701,1,1.5,0.65,12.61,0.61,5403.16,64.84,0.94,-0.02,-0.02,0.96,8.37
SRS1Apr4222sc.txt,25.7463,-80.6537,SRS,3,Marsh,1,4,2022,3.736277638,2.898280066,1.907015983,1.196191219,0.642238905,0.525784344,34.25958385,26.57561311,17.48627385,10.96840689,5.888972859,4.821149439,1,1.53,0.66,10.9,0.5,1714.17,20.57,2.43,-0.02,-0.02,0.93,8.09
SRS1Aug202sc.txt,25.7463,-80.6537,SRS,3,Marsh,1,8,2020,4.725197869,3.608824025,2.578200505,1.4241048,0.884297086,0.412969283,34.65849151,26.47008661,18.91064518,10.44555709,6.486162883,3.029056724,1,1.49,0.65,13.1,0.65,1701.67,20.42,3.19,-0.02,-0.02,0.98,7.43
SRS1Aug212sc.txt,25.7463,-80.6537,SRS,3,Marsh,1,8,2021,4.663677874,3.537870924,2.49853509,1.541749918,0.805066293,0.393252595,34.69958995,26.32314532,18.59007964,11.47122323,5.990008529,2.925953325,1,1.49,0.65,14.27,0.72,2140.83,25.69,2.8,-0.02,-0.02,0.99,7.56
SRS1d1Dec212sc.txt,25.7463,-80.6537,SRS,3,Marsh,1,12,2021,4.576065233,3.393472174,2.338336648,1.490466135,0.813704722,0.356402752,35.28614489,26.16714245,18.030968,11.49301885,6.27449594,2.74822987,1,1.49,0.64,12.36,0.56,1446.67,17.36,3.23,-0.02,-0.02,0.96,7.95
SRS1d1Nov212sc.txt,25.7463,-80.6537,SRS,3,Marsh,1,11,2021,4.787130055,3.591831458,2.234076942,1.580440027,0.795320756,0.441232383,35.64496488,26.74477291,16.63493434,11.76795462,5.921957436,3.285415813,1,1.48,0.64,12.96,0.62,1675.83,20.11,3.08,-0.02,-0.02,0.95,7.89
SRS1dAug2222sc.txt,25.7463,-80.6537,SRS,3,Marsh,1,8,2022,2.148916626,1.590507101,0.775999814,0.689400761,0.269311208,0.141383318,38.26746365,28.3234221,13.8188445,12.27670643,4.795838386,2.517724935,1,1.48,0.63,16.44,0.54,1736,20.83,2.59,-0.02,-0.02,0.92,6.89
SRS1Dec1222sc.txt,25.7463,-80.6537,SRS,3,Marsh,1,12,2022,3.88004269,3.018877655,2.120029258,1.252675201,0.611728726,0.517336133,34.03340328,26.479781,18.5956229,10.98771424,5.365716849,4.537761736,1,1.48,0.66,13.1,0.61,1746.67,20.96,2.91,-0.02,-0.02,0.96,7.6
SRS1Dec202sc.txt,25.7463,-80.6537,SRS,3,Marsh,1,12,2020,2.743905249,2.089311532,1.535006277,0.817293297,0.5538713,0.292660295,34.16196301,26.01218948,19.11101984,10.17540361,6.895766849,3.643657216,1,1.48,0.64,11.99,0.37,1080,12.96,2.89,-0.02,-0.02,0.97,7.76
SRS1dFeb1222Sc.txt,25.7463,-80.6537,SRS,3,Marsh,1,2,2022,3.561517425,2.760243418,1.742618397,1.156246345,0.650004202,0.225202641,35.27710519,27.34042426,17.26076982,11.45270936,6.438341824,2.230649554,1,1.5,0.66,13.72,0.53,1690,20.28,2.61,-0.02,-0.02,0.95,8.28
SRS1dJan5222sc.txt,25.7463,-80.6537,SRS,3,Marsh,1,1,2022,4.157938774,3.206618547,1.874740112,1.374592904,0.687427531,0.318619559,35.78279832,27.59583317,16.13382279,11.82960677,5.915931431,2.742007528,1,1.49,0.66,13.78,0.59,1676.67,20.12,2.95,-0.02,-0.02,0.93,8.09
SRS1dJul7222sc.txt,25.7463,-80.6537,SRS,3,Marsh,1,7,2022,4.105641772,3.033764522,1.915562061,1.357447415,0.697585541,0.382489465,35.72456008,26.39779819,16.66794517,11.81160326,6.069924738,3.328168564,1,1.47,0.63,12.36,0.58,1520.83,18.25,3.18,-0.02,-0.02,0.97,7.01
SRS1dJun222sc.txt,25.7463,-80.6537,SRS,3,Marsh,1,6,2022,5.081422654,4.042703552,2.355875655,1.446573123,0.941898802,0.833527069,34.56279661,27.49764193,16.02418391,9.839294237,6.406602826,5.669480485,1,1.55,0.66,9.14,0.62,1023.33,12.28,5.05,-0.02,-0.02,0.92,7.85
SRS1dNov3222sc.txt,25.7463,-80.6537,SRS,3,Marsh,1,11,2022,4.436127712,3.354538873,2.453182173,1.473823988,0.811880794,0.352329438,34.43695087,26.04074947,19.04366137,11.44106021,6.302500928,2.735077149,1,1.48,0.64,13.4,0.56,1683.33,20.2,2.77,-0.02,-0.02,0.96,7.68
SRS1dOct11222c.txt,25.7463,-80.6537,SRS,3,Marsh,1,10,2022,3.394713546,2.526429895,1.524766959,1.118695688,0.559261141,0.250091885,36.21429862,26.95157793,16.26598687,11.93407902,5.966114572,2.667942993,1,1.49,0.64,12.7,0.42,1318.33,15.82,2.65,-0.02,-0.02,0.96,7.37
SRS1dSep1222sc.txt,25.7463,-80.6537,SRS,3,Marsh,1,9,2022,4.407415841,3.317552287,2.122470417,1.373251236,0.783152291,0.347851162,35.68268542,26.85908907,17.18363934,11.11791889,6.340444799,2.816222487,1,1.5,0.64,12.11,0.6,1904.26,22.85,2.63,-0.02,-0.02,0.96,7.52
SRS1Feb20192sc.txt,25.7463,-80.6537,SRS,3,Marsh,1,2,2019,4.670211846,3.780743553,2.358320498,1.356868932,1.000099513,0.509363092,34.14994082,27.64589121,17.2447221,9.921818378,7.31301712,3.724610368,1,1.54,0.69,11.06,0.5,1607.5,19.29,2.59,-0.0191,-0.0197,0.97,7.77
SRS1Feb202sc.txt,25.7463,-80.6537,SRS,3,Marsh,1,2,2020,4.450551871,3.636560538,2.166950154,1.321713147,0.943862154,0.410862748,34.41902216,28.12389595,16.75843975,10.22167035,7.299502025,3.177469773,1,1.55,0.69,11.22,0.52,1726.67,20.72,2.5,-0.02,-0.02,0.93,9.32
SRS1Feb212sc.txt,25.7463,-80.6537,SRS,3,Marsh,1,2,2021,4.26131923,3.325738081,2.411758532,1.362911624,0.79025168,0.337776372,34.11851596,26.62772763,19.30989384,10.91223621,6.327198948,2.704427411,1,1.5,0.66,14.58,0.55,1237.5,14.85,3.7,-0.02,-0.02,0.95,8.16
SRS1Jan20192sc.txt,25.7463,-80.6537,SRS,3,Marsh,1,1,2019,5.891126754,4.860199331,2.869727666,1.662010666,1.192491195,0.412977793,34.88240579,28.77810177,16.99216621,9.841059767,7.060951747,2.44531472,1,1.55,0.69,13.44,0.57,1957.5,23.49,2.43,-0.02,-0.0219,0.91,8.95
SRS1Jan212sc.txt,25.7463,-80.6537,SRS,3,Marsh,1,1,2021,2.847914372,2.238357845,1.654323229,0.869993818,0.610665549,0.255989374,33.59481347,26.40431013,19.51487055,10.26269621,7.203585682,3.019723963,1,1.5,0.67,12.65,0.36,1130.83,13.57,2.65,-0.02,-0.02,1.03,8.28
SRS1Jul192sc.txt,25.7463,-80.6537,SRS,3,Marsh,1,7,2019,3.316179886,2.543072352,1.846000842,1.140138969,0.112844043,0.334710579,35.68491248,27.3656187,19.86453713,12.26886379,1.214297752,3.601770146,1,1.48,0.62,23.56,0.57,1565.83,18.79,3.03,-0.02,-0.02,0.98,7.56
SRS1Jul202sc.txt,25.7463,-80.6537,SRS,3,Marsh,1,7,2020,5.008287376,3.756317318,2.539976652,1.565914206,0.857032452,0.406537327,35.43416037,26.57634042,17.97060218,11.07900784,6.063594812,2.876294379,1,1.47,0.64,13.15,0.69,1800,21.6,3.18,-0.02,-0.02,0.97,7.3
SRS1Jun192sc.txt,25.7463,-80.6537,SRS,3,Marsh,1,6,2019,4.099581422,3.235712736,2.189416159,1.289109905,0.75856533,0.466286308,34.05343604,26.87765539,18.18652576,10.70807411,6.301071567,3.873237124,1,1.5,0.67,11.71,0.61,1915.83,22.99,2.66,-0.02,-0.02,0.93,8.25
SRS1Jun202sc.txt,25.7463,-80.6537,SRS,3,Marsh,1,6,2020,4.734178808,3.443184635,2.154922422,1.526690319,0.785568758,0.394155696,36.30867016,26.40742149,16.52712553,11.70891457,6.02490064,3.022967601,1,1.49,0.64,12.56,0.63,1571.67,18.86,3.35,-0.02,-0.02,0.97,7
SRS1Jun212sc.txt,25.7463,-80.6537,SRS,3,Marsh,1,6,2021,-9999,-9999,-9999,-9999,-9999,-9999,-9999,-9999,-9999,-9999,-9999,-9999,1,1.54,0.65,9.1,0.71,1955.4,23.46,3.03,-0.02,-0.02,0.95,5.77
SRS1Mar20192sc.txt,25.7463,-80.6537,SRS,3,Marsh,1,3,2019,5.486135884,4.262724823,2.979341328,1.767448534,1.050168549,0.339461234,34.53597143,26.83443243,18.75535881,11.12632887,6.610953826,2.136954627,1,1.5,0.66,14.91,0.65,1741.67,20.9,3.11,-0.0196,-0.0204,0.96,8.15
SRS1Mar202sc.txt,25.7463,-80.6537,SRS,3,Marsh,1,3,2020,4.982907243,4.201775317,2.338206153,1.485405901,1.132056332,0.438312264,34.17945234,28.82140328,16.03854976,10.18890333,7.76515868,3.006532615,1,1.57,0.71,10.69,0.59,2181.67,26.18,2.25,-0.02,-0.02,0.94,9.76
SRS1Mar212sc.txt,25.7463,-80.6537,SRS,3,Marsh,1,3,2021,4.114237243,3.190935179,2.272835208,1.32579069,0.727690858,0.377137144,34.26068172,26.57202492,18.92668776,11.0403193,6.059734379,3.140551918,1,1.48,0.66,13.41,0.62,1745.83,20.95,2.96,-0.02,-0.02,0.93,8.25
SRS1May202sc.txt,25.7463,-80.6537,SRS,3,Marsh,1,5,2020,3.297833157,2.505817026,1.404053962,0.983169381,0.587460597,0.434906669,35.79449655,27.19799778,15.23952314,10.67126544,6.376264442,4.720452648,1,1.52,0.65,10.45,0.43,1324.17,15.89,2.7,-0.02,-0.02,0.92,6.74
SRS1May212sc.txt,25.7463,-80.6537,SRS,3,Marsh,1,5,2021,4.820296971,3.742157128,2.595113898,1.485157966,0.900690217,0.353008991,34.68731643,26.92891936,18.67468695,10.68733828,6.481452648,2.540286344,1,1.52,0.66,13.7,0.75,2390.06,28.68,2.62,-0.02,-0.02,0.93,8
SRS1Nov202sc.txt,25.7463,-80.6537,SRS,3,Marsh,1,11,2020,3.582607074,2.767647158,2.177281915,1.027203732,0.917527443,0.605665673,32.34003199,24.98342569,19.65422535,9.272521621,8.28247872,5.467316626,1,1.47,0.65,9.15,0.52,1415,16.98,3.06,-0.02,-0.02,1,7.7
SRS1Oct202sc.txt,25.7463,-80.6537,SRS,3,Marsh,1,10,2020,3.772779047,2.906485667,2.173295214,1.09541463,0.798141693,0.485870169,33.58959766,25.87686237,19.34916169,9.752634922,7.105970959,4.325772401,1,1.49,0.65,10.45,0.49,1350,16.2,3.01,-0.02,-0.02,0.98,7.47
SRS1Sep192sc.txt,25.7463,-80.6537,SRS,3,Marsh,1,9,2019,3.89767684,2.956195615,2.008523263,1.272015989,0.220787001,0.281811745,36.64259669,27.79160205,18.88240377,11.95839747,2.075648996,2.649351017,1,1.48,0.62,24.4,0.6,1427.5,17.13,3.53,-0.02,-0.02,0.95,7.78
SRS21905061sc.txt,25.54973,-80.78521,SRS,3,Marsh,2,5,2019,4.460045457,3.512236255,2.12499532,1.271631267,0.971762605,0.623224877,34.40358926,27.09244438,16.39164149,9.809021056,7.495914976,4.807388825,1,1.52,0.66,9.37,0.6,1718.33,20.62,2.93,-0.02,-0.02,0.94,7.08
SRS21909181sc.txt,25.54973,-80.78521,SRS,3,Marsh,2,9,2019,2.984299373,2.126491974,1.281490404,0.956821926,0.566697148,0.232934197,36.62285453,26.09597646,15.72624954,11.74196882,6.954418652,2.85853199,1,1.46,0.63,12.1,0.37,1189.17,14.27,2.6,-0.02,-0.02,0.95,6.45
SRS21910072sc.txt,25.54973,-80.78521,SRS,3,Marsh,2,10,2019,4.569047551,3.112989644,1.963008256,1.477035544,0.701069255,0.320306328,37.62559302,25.63511982,16.16515235,12.16322169,5.773226512,2.63768661,1,1.47,0.61,15.26,0.6,1528.33,18.34,3.28,-0.02,-0.02,0.96,7.03
SRS21Dec212sc.txt,25.54973,-80.78521,SRS,3,Marsh,2,12,2021,3.768109555,2.736733878,1.856267155,1.22573558,0.674551783,0.351618938,35.5046034,25.786578,17.49047584,11.5493605,6.355890977,3.313091285,1,1.48,0.64,11.88,0.49,1774.17,21.29,2.3,-0.02,-0.02,0.97,7.89
SRS21Nov212sc.txt,25.54973,-80.78521,SRS,3,Marsh,2,11,2021,4.578270215,3.242390096,2.052490375,1.468959053,0.717084502,0.457486123,36.57735184,25.90455298,16.39804098,11.73601155,5.729031027,3.655011627,1,1.47,0.6,12.28,0.61,1551.67,18.62,3.28,-0.02,-0.02,0.95,7.5
srs220140507c.txt,25.02477,-80.68097,TS,1,Marine,9,5,2014,-9999,-9999,-9999,-9999,-9999,-9999,-9999,-9999,-9999,-9999,-9999,-9999,1,1.5,0.85,9.44,0.77,2507.83,30.09,2.56,-0.0193,-0.0199,0.97,8.08
SRS2Apr192sc.txt,25.54973,-80.78521,SRS,3,Marsh,2,4,2019,4.754856137,3.893916171,2.257622536,1.34354891,1.021585326,0.740115643,33.93503212,27.79057168,16.11247345,9.588802287,7.29097366,5.282146796,1,1.54,0.69,9.15,0.69,2349.17,28.19,2.46,-0.02,-0.02,0.94,8.13
SRS2APR2014c.txt,25.54973,-80.78521,SRS,3,Marsh,2,4,2014,4.413907213,3.915196845,2.464970562,1.690615734,0.996461517,0.474193028,31.62879345,28.05517795,17.66327224,12.11446758,7.140357508,3.397931267,1,1.55,0.72,10.76,0.62,2076.67,24.92,2.49,-0.019,-0.0205,0.93,8.01
SRS2Apr4222sc.txt,25.54973,-80.78521,SRS,3,Marsh,2,4,2022,3.117895004,2.185777044,1.308785231,1.072720937,0.466609026,0.419065431,36.37788588,25.50244564,15.270187,12.51591852,5.444137749,4.889425211,1,1.49,0.65,13.33,0.67,1235.83,14.83,4.52,-0.02,-0.02,0.96,8.05
SRS2April2012c.txt,25.54973,-80.78521,SRS,3,Marsh,2,4,2012,0.876938124,0.71237146,0.523272438,0.270867032,0.200872439,0.089043947,32.80277778,26.64699144,19.57354688,10.13206154,7.513841408,3.33078095,1,1.58,0.69,10.73,0.13,2557.33,30.69,0.42,-0.018,-0.0142,1.27,5.85
SRS2April2013c.txt,25.54973,-80.78521,SRS,3,Marsh,2,4,2013,-9999,-9999,-9999,-9999,-9999,-9999,-9999,-9999,-9999,-9999,-9999,-9999,1,1.61,0.68,10.23,0.93,2730.5,32.77,2.84,-0.0175,-0.0187,0.94,6.75
SRS2Aug20181sc.txt,25.54973,-80.78521,SRS,3,Marsh,2,8,2018,3.891374106,2.746694321,1.686226916,1.169229445,0.636256159,0.266174866,37.43161453,26.42079642,16.22002774,11.24696436,6.120227623,2.560369343,1,1.48,0.61,14.85,0.49,1224.17,14.69,3.34,-0.0182,-0.0192,0.95,6.74
SRS2Aug202sc.txt,25.54973,-80.78521,SRS,3,Marsh,2,8,2020,4.517953898,3.089218809,2.117118589,1.381144601,0.685028884,0.314373388,37.3235382,25.5205296,17.48985455,11.40985598,5.659132939,2.597088732,1,1.47,0.6,14.85,0.63,1460,17.52,3.62,-0.02,-0.02,0.95,6.52
SRS2Aug212sc.txt,25.54973,-80.78521,SRS,3,Marsh,2,8,2021,3.04659599,2.03816719,1.421905264,1.008976705,0.440285073,0.318678341,36.81861162,24.63158438,17.18395805,12.19364876,5.320917232,3.851279952,1,1.45,0.59,13.87,0.46,1264.17,15.17,3.03,-0.02,-0.02,0.98,6.37
SRS2Aug2222sc.txt,25.54973,-80.78521,SRS,3,Marsh,2,8,2022,1.542518132,0.98227109,0.410541235,0.527926486,0.143914374,0.040882552,42.28331565,26.92589323,11.2537054,14.47145532,3.944962953,1.120667455,1,1.45,0.56,23.03,0.36,1074.33,12.89,2.79,-0.02,-0.02,0.88,5.56
SRS2c.txt,25.54973,-80.78521,SRS,3,Marsh,2,-9999,-9999,2.918906653,2.068591823,1.389171171,1.088732218,0.53222184,0.157643251,35.79167511,25.3651025,17.03403676,13.35005003,6.526111804,1.933023797,-9999,-9999,-9999,-9999,-9999,-9999,-9999,-9999,-9999,-9999,-9999,-9999
SRS2Dec1222sc.txt,25.54973,-80.78521,SRS,3,Marsh,2,12,2022,2.938720094,2.223873508,1.481739358,0.940113984,0.502585963,0.394765355,34.6473708,26.21936339,17.46963689,11.08389936,5.925464708,4.654264848,1,1.5,0.65,11.11,0.44,1469.17,17.63,2.5,-0.02,-0.02,0.95,8.11
SRS2Dec2012c.txt,25.54973,-80.78521,SRS,3,Marsh,2,12,2012,3.152575707,2.464839558,1.818098774,1.128320943,0.741039057,0.367573374,32.59336104,25.48310115,18.79667779,11.66530967,7.661339732,3.800210618,4,1.53,0.67,10.62,0.47,1556.67,18.68,2.52,-0.0184,-0.0195,0.94,7.31
SRS2Dec20181sc.txt,25.54973,-80.78521,SRS,3,Marsh,2,12,2018,4.561093607,3.335311748,1.966035898,1.439480985,0.781061489,0.237387997,37.02074669,27.07151881,15.95760211,11.68374637,6.339593536,1.926792488,1,1.52,0.64,15.1,0.53,1425.83,17.11,3.1,-0.0195,-0.0208,0.94,7.91
SRS2Dec202sc.txt,25.54973,-80.78521,SRS,3,Marsh,2,12,2020,3.060421498,2.220258284,1.626317335,0.976100755,0.58645649,0.210953574,35.25624907,25.57751574,18.73527848,11.24474238,6.756015824,2.430198508,1,1.46,0.63,13.51,0.43,1136.67,13.64,3.18,-0.02,-0.02,0.96,7.23
SRS2Feb1222sc.txt,25.54973,-80.78521,SRS,3,Marsh,2,2,2022,4.366837348,3.251791895,2.116948338,1.463312408,0.725050399,0.408184016,35.41026027,26.3684649,17.16612863,11.8658583,5.879363324,3.309924575,1,1.51,0.62,14.04,0.1,1514.17,18.17,0.55,-0.0183,-0.0192,0.95,6.97
SRS2Feb2013c.txt,25.54973,-80.78521,SRS,3,Marsh,2,2,2013,3.495604832,2.952086391,2.407441789,1.501782792,0.809729874,0.405539495,30.20695555,25.51018971,20.80369224,12.97752127,6.997208065,3.50443316,1,1.53,0.7,11.19,0.51,1521.67,18.26,2.79,-0.0185,-0.02,0.92,7.48
SRS2FEB2014c.txt,25.54973,-80.78521,SRS,3,Marsh,2,2,2014,4.020851051,3.133626469,1.638052337,1.3326351,0.726380803,0.329426982,35.96154954,28.02642079,14.65035623,11.91877604,6.496579679,2.946317726,1,1.55,0.67,12.14,0.52,1515.42,18.19,2.86,-0.0182,-0.0202,0.9,7.44
SRS2Feb20191sc.txt,25.54973,-80.78521,SRS,3,Marsh,2,2,2019,4.255071919,3.176530101,1.92448706,1.316354321,0.84277516,0.304058541,36.00111819,26.87584083,16.28261224,11.13735053,7.130513592,2.57256462,-9999,-9999,-9999,-9999,-9999,1535.83,18.43,-9999,-9999,-9999,-9999,-9999
SRS2Feb202sc.txt,25.54973,-80.78521,SRS,3,Marsh,2,2,2020,3.8435756,2.745723799,1.555426945,1.214387635,0.624807417,0.328205943,37.27238303,26.62616266,15.08347302,11.77630566,6.058957538,3.182718094,1,1.51,0.63,13.27,0.52,1412.5,16.95,3.06,-0.02,-0.02,0.98,7.1
SRS2Feb212sc.txt,25.54973,-80.78521,SRS,3,Marsh,2,2,2021,3.694468052,2.742554001,1.919019168,1.22407297,0.62264197,0.350619204,35.00745424,25.9874581,18.18393739,11.59887645,5.899931997,3.322341827,1,1.48,0.65,14.05,0.5,1417.5,17.01,2.94,-0.02,-0.02,0.96,7.77
SRS2JAN2014c.txt,25.54973,-80.78521,SRS,3,Marsh,2,1,2014,3.668570672,2.847493201,1.487774302,1.222127764,0.661289895,0.277924473,36.08957796,28.01222521,14.63598537,12.02268654,6.505441865,2.734083057,-9999,-9999,-9999,-9999,-9999,1244.17,14.93,-9999,-9999,-9999,-9999,-9999
SRS2Jan20191sc.txt,25.54973,-80.78521,SRS,3,Marsh,2,1,2019,4.593400988,3.414604671,1.969935461,1.478868547,0.867772752,0.223086366,36.6076047,27.21306028,15.69961317,11.78600242,6.915808558,1.777910863,1,1.51,0.63,15.66,0.53,1650.83,19.81,2.69,-0.02,-0.02,0.91,7.94
SRS2Jan212sc.txt,25.54973,-80.78521,SRS,3,Marsh,2,1,2021,3.250377658,2.41118575,1.747209977,1.050196135,0.58655219,0.21741099,35.09015733,26.03047899,18.86238445,11.33762027,6.332251445,2.347107515,1,1.47,0.64,15.58,0.44,1219.17,14.63,3.01,-0.02,-0.02,0.98,7.63
SRS2Jan5222sc.txt,25.54973,-80.78521,SRS,3,Marsh,2,1,2022,3.949841596,2.954689304,1.556751828,1.334062749,0.614737314,0.319568884,36.8123935,27.53760693,14.50887573,12.43342086,5.729331504,2.978371469,1,1.5,0.65,13.65,0.54,1558.33,18.7,2.89,-0.02,-0.02,0.93,7.91
SRS2Jul192sc.txt,25.54973,-80.78521,SRS,3,Marsh,2,7,2019,3.579284367,2.239502066,1.351417968,1.159252346,0,0.229994767,41.81674914,26.16408379,15.78860475,13.5435354,0,2.687026925,1,1.46,0.53,42.83,0.54,1205.83,14.47,3.76,-0.02,-0.02,0.92,5.94
SRS2Jul20181sc.txt,25.54973,-80.78521,SRS,3,Marsh,2,7,2018,3.734392394,2.749913367,1.79650276,1.076158668,0.662004083,0.346572986,36.02697843,26.52936786,17.33148512,10.38207586,6.386582955,3.343509777,1,1.48,0.63,13.4,0.48,651.58,7.82,6.14,-0.0185,-0.0193,0.96,6.97
SRS2Jul202sc.txt,25.54973,-80.78521,SRS,3,Marsh,2,7,2020,6.437622304,4.271103427,2.407754972,2.045495799,0.834696352,0.38085038,39.30766705,26.07905583,14.70158178,12.48965286,5.096596966,2.32544552,1,1.48,0.59,15.72,0.79,1840.83,22.09,3.56,-0.02,-0.02,0.92,6.34
SRS2Jul7222sc.txt,25.54973,-80.78521,SRS,3,Marsh,2,7,2022,2.621764711,1.815163839,1.118961494,0.87470793,0.444722336,0.269316774,36.69556172,25.40596279,15.66155819,12.24286021,6.224561593,3.769495508,1,1.47,0.61,11.02,0.34,946.67,11.36,2.99,-0.02,-0.02,0.96,6.65
SRS2July2012c.txt,25.54973,-80.78521,SRS,3,Marsh,2,7,2012,0.787009577,0.48969308,0.349709152,0.257626838,0.036388098,0.039049925,40.16427392,24.99101353,17.84706894,13.14773692,1.857031471,1.992875205,5.05,1.43,0.54,28.03,0.13,304.08,3.65,3.56,-0.0167,-0.0184,0.91,5.78
SRS2July2013c.txt,25.54973,-80.78521,SRS,3,Marsh,2,7,2013,2.790782043,1.919971736,1.01462966,0.96773006,0.432654405,0.300425364,37.58025064,25.85405021,13.66285017,13.03130722,5.826059056,4.045482706,1,1.48,0.6,12.32,0.42,965,11.58,3.63,-0.0169,-0.018,0.94,5.94
SRS2Jun192sc.txt,25.54973,-80.78521,SRS,3,Marsh,2,6,2019,4.237096538,3.407669909,2.024965547,1.172822701,0.931480826,0.548781203,34.3841561,27.65333596,16.43265166,9.517488796,7.558992779,4.453374702,1,1.54,0.68,9.06,0.68,1956.67,23.48,2.87,-0.02,-0.02,0.95,6.59
SRS2Jun20181sc.txt,25.54973,-80.78521,SRS,3,Marsh,2,6,2018,4.442160791,3.171137706,1.459900087,1.527758173,0.667796264,0.446630834,37.91733029,27.06815026,12.46139354,13.04061559,5.700165463,3.812344854,1,1.52,0.62,14.25,0.52,1404.17,16.85,3.09,-0.0155,-0.0147,1.05,5.08
SRS2Jun202sc.txt,25.54973,-80.78521,SRS,3,Marsh,2,6,2020,6.619179467,4.692636543,2.358668421,2.099920345,0.925718942,0.438916296,38.62949524,27.38620125,13.76517603,12.25512367,5.402490691,2.561513107,1,1.5,0.62,15.32,0.84,1980.83,23.77,3.52,-0.02,-0.02,0.97,6.23
SRS2Jun212sc.txt,25.54973,-80.78521,SRS,3,Marsh,2,6,2012,4.960206372,3.57361491,2.528900486,1.533675776,0.803273315,0.386713774,35.97902209,25.92133475,18.34346389,11.12456831,5.82656974,2.805041233,1,1.49,0.62,14.39,0.76,2349.73,28.2,2.7,-0.02,-0.02,0.96,7.93
SRS2Jun2222sc.txt,25.54973,-80.78521,SRS,3,Marsh,2,6,2022,4.131131144,2.948445996,1.712588276,1.381712645,0.605419437,0.555391098,36.44679877,26.01258933,15.10926622,12.19012444,5.341297487,4.899923746,1,1.5,0.63,12.25,0.52,1527.5,18.33,2.84,-0.02,-0.02,0.94,7.69
SRS2Mar1222sc.txt,25.54973,-80.78521,SRS,3,Marsh,2,3,2022,3.537276184,2.543336374,1.494681423,1.182939895,0.557044293,0.378824859,36.4889477,26.23591236,15.41846026,12.20267509,5.746217998,3.9077866,1,1.5,0.63,12.57,0.51,1532.5,18.39,2.77,-0.02,-0.02,0.92,7.27
SRS2Mar2013c.txt,25.54973,-80.78521,SRS,3,Marsh,2,3,2013,4.638258564,3.637793375,1.836824045,1.527261012,0.88564365,0.428566565,35.80464912,28.08164175,14.17920961,11.78956367,6.836652095,3.30828376,1,1.54,0.67,11.22,0.61,1675.83,20.11,3.03,-0.0189,-0.0202,0.94,7.74
SRS2MAR2014c.txt,25.54973,-80.78521,SRS,3,Marsh,2,3,2014,4.397334365,3.81388057,2.204144023,1.731231135,0.985792657,0.440849091,32.39710643,28.09854436,16.23890352,12.75474518,7.262770343,3.247930165,1,1.56,0.71,10.72,0.59,1706.67,20.48,2.88,-0.0185,-0.0201,0.92,7.61
SRS2Mar20191sc.txt,25.54973,-80.78521,SRS,3,Marsh,2,3,2019,5.110173545,3.998785509,2.345727665,1.474636095,1.100352409,0.598443109,34.93390899,27.33629451,16.03574439,10.08083242,7.522173285,4.091046401,1,1.51,0.67,9.69,0.6,1718.33,20.62,2.9,-0.02,-0.02,0.94,7.2
SRS2Mar202sc.txt,25.54973,-80.78521,SRS,3,Marsh,2,3,2020,4.53140171,3.341540626,1.870885988,1.446023171,0.779980495,0.340013455,36.81119906,27.14526873,15.19828982,11.74688323,6.336233045,2.76212611,1,1.51,0.65,13.57,0.58,1730,20.76,2.79,-0.02,-0.02,0.95,7.97
SRS2Mar212sc.txt,25.54973,-80.78521,SRS,3,Marsh,2,3,2021,3.973702367,2.877564734,1.962262604,1.318101612,0.618407977,0.430217686,35.54213802,25.73791228,17.55114044,11.78954665,5.531250116,3.848012496,1,1.48,0.63,13.47,0.59,1592.5,19.11,3.09,-0.02,-0.02,0.94,7.49
SRS2May191sc.txt,25.54973,-80.78521,SRS,3,Marsh,2,5,2019,4.446412356,3.48084456,2.124118633,1.290133321,0.95380822,0.560013703,34.588082,27.07705166,16.52325146,10.0357847,7.419554079,4.356276099,1,1.51,0.67,9.69,0.6,1718.33,20.62,2.9,-0.02,-0.02,0.94,7.2
SRS2May2013c.txt,25.54973,-80.78521,SRS,3,Marsh,2,5,2013,3.822070874,3.097514653,1.941640003,1.225005382,0.857088394,0.44564976,33.55941044,27.19749817,17.04842635,10.7560691,7.525601209,3.912994737,1,1.55,0.67,9.6,0.53,1619.67,19.44,2.73,-0.0187,-0.0196,0.95,7.62
SRS2May20181sc.txt,25.54973,-80.78521,SRS,3,Marsh,2,5,2018,4.27189515,3.693878651,2.314460883,1.163508282,1.164035822,0.621274858,32.29176678,27.92247087,17.49528685,8.795098372,8.799086109,4.696291018,1,1.58,0.71,8.72,0.57,2796.75,33.56,1.7,-0.0191,-0.0149,1.28,6.67
SRS2May212sc.txt,25.54973,-80.78521,SRS,3,Marsh,2,5,2021,4.728052354,3.395984858,2.386776343,1.501727134,0.840149902,0.312114165,35.91433706,25.79593789,18.12997905,11.40713563,6.381787783,2.370822585,1,1.5,0.63,14.09,0.71,2225.4,26.7,2.66,-0.02,-0.02,0.95,7.67
SRS2May3222sc.txt,25.54973,-80.78521,SRS,3,Marsh,2,5,2022,3.337360732,2.323151252,1.379653443,1.125139051,0.478681968,0.402072973,36.89297823,25.68136184,15.25143025,12.43789145,5.2916076,4.444730622,1,1.49,0.61,11.62,0.47,1547.5,18.57,2.53,-0.02,-0.02,0.95,7.01
SRS2Nov2013c.txt,25.54973,-80.78521,SRS,3,Marsh,2,11,2013,3.841205863,3.000055788,1.936067659,1.306806796,0.800309789,0.366899683,34.13996874,26.66397336,17.20743217,11.61467121,7.113014027,3.260940481,-9999,-9999,-9999,-9999,-9999,1231.67,14.78,-9999,-9999,-9999,-9999,-9999
SRS2NOV2014c.txt,25.54973,-80.78521,SRS,3,Marsh,2,11,2014,3.34987046,2.564686831,1.390520609,1.131040167,0.658849515,0.253317264,35.83406492,27.43483829,14.87460676,12.09890569,7.047811719,2.70977263,1,1.52,0.66,11.82,0.48,1453.33,17.44,2.75,-0.0191,-0.0192,0.99,7.74
SRS2Nov20181sc.txt,25.54973,-80.78521,SRS,3,Marsh,2,11,2018,3.85034435,2.76656162,1.721035201,1.240355113,0.631756717,0.235968094,36.85943494,26.48435797,16.47550953,11.873948,6.047821569,2.25892799,1,1.5,0.63,16.97,0.48,1236.67,14.84,3.23,-0.0191,-0.0198,0.96,7.32
SRS2Nov202sc.txt,25.54973,-80.78521,SRS,3,Marsh,2,11,2020,3.214013074,2.315669688,1.683917954,0.979692459,0.582375423,0.259973498,35.57038936,25.62816968,18.63639503,10.84253281,6.445313089,2.877200036,1,1.47,0.62,12.47,0.46,1182.5,14.19,3.23,-0.02,-0.02,0.96,6.92
SRS2Nov3222sc.txt,25.54973,-80.78521,SRS,3,Marsh,2,11,2022,3.663984551,2.695081448,1.864533766,1.179181864,0.597281743,0.497848764,34.90203103,25.6725472,17.76099611,11.23253699,5.689528878,4.742359794,1,1.47,0.62,11.71,0.45,1408.33,16.9,2.66,-0.02,-0.02,0.96,7.56
SRS2Oct10222sc.txt,25.54973,-80.78521,SRS,3,Marsh,2,10,2022,2.997871929,2.067658138,1.322197074,1.01799756,0.478858486,0.236491885,36.9147176,25.46039927,16.28105962,12.53525612,5.896491311,2.912076081,1,1.47,0.62,13.38,0.42,1256.67,15.08,2.79,-0.02,-0.02,0.97,6.98
SRS2Oct2013c.txt,25.54973,-80.78521,SRS,3,Marsh,2,10,2013,3.460310748,2.695663831,1.982976805,1.155887042,0.769653984,0.425690678,32.98618069,25.69701414,18.90316678,11.01874993,7.336897528,4.057990928,-9999,-9999,-9999,-9999,-9999,1239.17,14.87,-9999,-9999,-9999,-9999,-9999
SRS2OCT2014c.txt,25.54973,-80.78521,SRS,3,Marsh,2,10,2014,3.576368974,2.736805747,1.438079596,1.191365992,0.671954952,0.285942786,36.12304888,27.64305599,14.52529644,12.03337024,6.787068607,2.888159842,1,1.51,0.66,12.06,0.51,1484.17,17.81,2.86,-0.019,-0.0198,0.96,7.65
SRS2Oct20181sc.txt,25.54973,-80.78521,SRS,3,Marsh,2,10,2018,4.868766681,3.562847714,1.991156469,1.451039975,0.882273193,0.387620132,37.04257659,27.10687695,15.14912725,11.03981006,6.712515603,2.949093553,1,1.52,0.63,12.49,0.59,991.67,11.9,4.96,-0.0191,-0.019,1,7.15
SRS2Oct202sc.txt,25.54973,-80.78521,SRS,3,Marsh,2,10,2020,4.100158156,2.894841992,2.080916258,1.246762701,0.820068791,0.624623837,34.84344889,24.6005825,17.68378109,10.59508214,6.969005565,5.308099816,1,1.47,0.62,10.56,0.54,1329.17,15.95,3.42,-0.02,-0.02,0.99,6.69
SRS2Sep1222sc.txt,25.54973,-80.78521,SRS,3,Marsh,2,9,2022,3.031692862,2.124071272,1.326051127,0.985670824,0.498377725,0.280037996,36.76605584,25.75911431,16.08133541,11.95346303,6.043944459,3.396086956,-9999,-9999,-9999,-9999,-9999,-9999,-9999,-9999,-9999,-9999,-9999,-9999
SRS2Sep192sc.txt,25.54973,-80.78521,SRS,3,Marsh,2,9,2019,3.42029382,2.243861122,1.397927482,1.112232121,0,0.135493649,41.15972042,27.00256215,16.82262032,13.38457032,0,1.63052679,1,1.46,0.55,64.8,0.56,1189.17,14.27,3.92,-0.02,-0.02,0.95,6.59
SRS2Sep2013c.txt,25.54973,-80.78521,SRS,3,Marsh,2,9,2013,2.848459221,2.161473749,1.35916375,0.975945008,0.516750562,0.331180693,34.76710136,26.38204415,16.58938401,11.91197639,6.307241132,4.04225296,1,1.5,0.64,10.92,0.42,1200.83,14.41,2.91,-0.0187,-0.0195,0.96,7.4
SRS2SEP2014c.txt,25.54973,-80.78521,SRS,3,Marsh,2,9,2014,2.683295654,2.005822064,1.089688227,0.848659998,0.739960316,0.289176147,35.04551381,26.19728645,14.23200748,11.08402856,9.66434297,3.776820732,1,1.51,0.68,9.1,0.38,1015.83,12.19,3.12,-0.0186,-0.0195,0.96,7.19
SRS2Sep20181sc.txt,25.54973,-80.78521,SRS,3,Marsh,2,9,2018,1.461197953,1.037899673,0.72238107,0.496948462,0.257247954,0.191261279,35.06648088,24.90797977,17.33602345,11.92599106,6.173551258,4.589973574,1,1.46,0.62,11.85,0.19,1075.83,12.91,1.47,-0.0175,-0.0157,1.12,5.54
SRS2Sep20182sc.txt,25.54973,-80.78521,SRS,3,Marsh,2,9,2018,0.754892917,0.541119456,0.404060543,0.270035283,0.063155416,0.08434764,35.64832382,25.55329525,19.08095938,12.75188173,2.982389498,3.983150325,2,1.51,0.59,14.2,0.11,1075.83,12.91,0.85,-0.02,-0.01,1.23,4.74
SRS31906062sc.txt,25.46821,-80.85328,SRS,3,Marsh,3,6,2019,5.165428972,3.746452948,2.003781988,1.72874224,0.874732181,0.257205396,37.49491937,27.19482776,14.54509286,12.54862883,6.349523489,1.867007682,1,1.54,0.65,15.25,0.58,1654.17,19.85,2.93,-0.02,-0.02,0.95,7.13
SRS31909102sc.txt,25.46821,-80.85328,SRS,3,Marsh,3,9,2019,3.158526387,2.344274826,1.599172417,0.999712106,0.648083235,0.415157661,34.46319337,25.5787626,17.44882944,10.90802082,7.071341228,4.529852531,1,1.49,0.63,10.18,0.41,934.17,11.21,3.63,-0.02,-0.02,0.98,6.95
SRS31910072sc.txt,25.46821,-80.85328,SRS,3,Marsh,3,10,2019,3.099375264,2.245381105,1.45365322,0.996566976,0.575858494,0.278936141,35.8318757,25.95884969,16.80568406,11.52131025,6.65749973,3.224780568,1,1.51,0.64,12.19,0.39,1092.5,13.11,3.01,-0.02,-0.02,0.96,7.22
SRS31Dec212sc.txt,25.46821,-80.85328,SRS,3,Marsh,3,12,2021,3.543441319,2.694303709,1.803057897,1.095025449,0.738813582,0.320821347,34.75507894,26.42649607,17.684904,10.74032063,7.24649346,3.146706902,1,1.52,0.66,10.29,0.44,1265.83,15.19,2.9,-0.02,-0.02,0.97,8.41
SRS31Nov212sc.txt,25.46821,-80.85328,SRS,3,Marsh,3,11,2021,3.403994416,2.576541174,1.532233523,1.092226207,0.607659872,0.479205714,35.12219634,26.58458679,15.80948734,11.26952004,6.269795636,4.94441386,1,1.51,0.64,10.16,0.43,1396.67,16.76,2.57,-0.02,-0.02,0.95,8.08
SRS3Apr192sc.txt,25.46821,-80.85328,SRS,3,Marsh,3,4,2019,3.956031276,3.128476108,1.820178404,1.15699855,0.744567219,0.365972051,35.40952468,28.002269,16.29199762,10.3560275,6.66444967,3.275731529,1,1.55,0.69,11.92,0.52,1735.83,20.83,2.51,-0.02,-0.02,0.94,8.82
SRS3Apr211sc.txt,25.46821,-80.85328,SRS,3,Marsh,3,4,2021,5.442329966,4.055175224,2.535844546,1.628301083,0.943536067,0.572733306,35.85688881,26.71759485,16.70745737,10.72809095,6.216504336,3.773463684,1,1.52,0.64,11.46,0.65,5731.49,68.78,0.95,-0.02,-0.02,0.94,8.03
SRS3Apr4222sc.txt,25.46821,-80.85328,SRS,3,Marsh,3,4,2022,3.585758882,2.701709515,1.627336758,1.185998401,0.638969744,0.333118339,35.59810837,26.82158819,16.15560671,11.77416023,6.343458931,3.307077564,1,1.52,0.64,11.82,0.5,1504.17,18.05,2.77,-0.02,-0.02,0.95,7.64
SRS3Aug202sc.txt,25.46821,-80.85328,SRS,3,Marsh,3,8,2020,2.699954357,1.956545683,1.364531641,0.842556837,0.51623728,0.244307961,35.4132606,25.66253092,17.89753019,11.05118121,6.771094214,3.204402876,1,1.48,0.63,11.52,0.38,1116.67,13.4,2.81,-0.02,-0.02,0.99,6.54
SRS3Aug212sc.txt,25.46821,-80.85328,SRS,3,Marsh,3,8,2021,3.512269715,2.4931982,1.607101267,1.09623879,0.552620129,0.316680019,36.66976475,26.0301739,16.77890087,11.44525387,5.769616738,3.306289877,1,1.5,0.62,13.09,0.52,1530,18.36,2.83,-0.02,-0.02,0.98,6.9
SRS3c.txt,25.46821,-80.85328,SRS,3,Marsh,3,-9999,-9999,3.118142652,2.16954184,1.341308834,1.188708642,0.521722151,0.181651882,36.59329704,25.46089062,15.74107347,13.95021758,6.122726177,2.131795115,-9999,-9999,-9999,-9999,-9999,-9999,-9999,-9999,-9999,-9999,-9999,-9999
SRS3Dec1222sc.txt,25.46821,-80.85328,SRS,3,Marsh,3,12,2022,3.118142652,2.16954184,1.341308834,1.188708642,0.521722151,0.181651882,36.59329704,25.46089062,15.74107347,13.95021758,6.122726177,2.131795115,1,1.51,0.64,11.82,0.4,1257.5,15.09,2.65,-0.02,-0.02,0.95,7.83
SRS3Dec202sc.txt,25.46821,-80.85328,SRS,3,Marsh,3,12,2020,2.740009647,2.015602036,1.205834982,0.88790336,0.430119481,0.365376593,35.84126628,26.3655018,15.77317537,11.61440464,5.626267362,4.779384543,1,1.47,0.66,11.03,0.34,976.67,11.72,2.89,-0.02,-0.02,0.98,7.75
SRS3Feb1222sc.txt,25.46821,-80.85328,SRS,3,Marsh,3,2,2022,2.352437036,1.787174237,1.325606442,0.721414281,0.486389259,0.280351811,33.83159531,25.70226307,19.06422148,10.37502625,6.99501169,4.031882193,1,1.54,0.69,12.17,0.5,1690,20.28,2.47,-0.02,-0.02,0.96,8.92
SRS3Feb20192sc.txt,25.46821,-80.85328,SRS,3,Marsh,3,2,2019,3.806856987,3.046594284,1.98637557,1.196610282,0.813098265,0.322286839,34.0755242,27.27034339,17.78022895,10.71096781,7.278116752,2.884818903,1,1.53,0.66,16.17,0.43,852.5,10.23,4.2,-0.0194,-0.0204,0.95,7.85
SRS3Feb202sc.txt,25.46821,-80.85328,SRS,3,Marsh,3,2,2020,4.210532646,3.187573439,1.828922533,1.288635838,0.696384992,0.189857202,36.92832063,27.95649479,16.04049735,11.30193289,6.107618779,1.665135556,1,1.53,0.67,11.96,0.49,1477.5,17.73,2.78,-0.02,-0.02,1.04,7.65
SRS3Feb212sc.txt,25.46821,-80.85328,SRS,3,Marsh,3,2,2021,3.837272609,2.937591807,1.58882303,1.200326871,0.667123594,0.372104073,36.18961649,27.70465686,14.9843136,11.3203761,6.291694508,3.509342456,1,1.48,0.67,11.52,0.43,1273.33,15.28,2.81,-0.02,-0.02,0.99,7.9
SRS3Jan20192sc.txt,25.46821,-80.85328,SRS,3,Marsh,3,1,2019,3.249314949,2.450480294,1.73929741,1.019131587,0.769937063,0.288170457,34.14461613,25.75026129,18.27697325,10.70929022,8.090691694,3.028167413,1,1.55,0.66,15.06,0.42,1271.67,15.26,2.75,-0.0193,-0.0204,0.94,8.07
SRS3Jan212sc.txt,25.46821,-80.85328,SRS,3,Marsh,3,1,2021,4.313369694,3.268437391,1.83758501,1.321876997,0.832585701,0.185898762,36.67908238,27.7934174,15.62605034,11.24068622,7.079958755,1.580804914,1,1.5,0.65,13.52,0.39,1106.67,13.28,2.94,-0.02,-0.02,0.97,8.15
SRS3Jan5222sc.txt,25.46821,-80.85328,SRS,3,Marsh,3,1,2022,2.821213249,2.132609059,1.619407295,0.893110644,0.564146819,0.207956195,34.2444945,25.88606842,19.6567148,10.8407695,6.847735679,2.524217113,1,1.53,0.67,12.17,0.49,1500.83,18.01,2.72,-0.02,-0.02,0.93,8.48
SRS3Jul20192sc.txt,25.46821,-80.85328,SRS,3,Marsh,3,7,2019,3.596712575,2.772728901,1.45328363,1.177535808,0.627173246,0.294651175,36.249563,27.94502171,14.64695758,11.86782585,6.320982177,2.96964968,1,1.49,0.56,49.99,0.38,930,11.16,3.37,-0.02,-0.02,0.93,6.46
SRS3Jul202sc.txt,25.46821,-80.85328,SRS,3,Marsh,3,7,2020,2.562044507,1.693188112,1.082691437,0.832573527,0,0.129801552,40.66544226,26.87472573,17.18476241,13.21482534,0,2.060244265,1,1.47,0.62,12.08,0.47,1116.67,13.4,3.48,-0.02,-0.02,0.95,6.39
SRS3Jul7222sc.txt,25.46821,-80.85328,SRS,3,Marsh,3,7,2022,3.815985916,2.677891716,1.665681382,1.219780782,0.598604751,0.265780146,37.25193746,26.14177749,16.26050516,11.90759044,5.843623962,2.594565493,1,1.5,0.64,10.19,0.36,1017.5,12.21,2.95,-0.02,-0.02,0.98,6.97
SRS3Jun192sc.txt,25.46821,-80.85328,SRS,3,Marsh,3,6,2019,2.682987573,1.96437144,1.177806426,0.893071634,0.474647278,0.352806717,35.55655206,26.03302232,15.60899347,11.83551813,6.290308919,4.675605103,1,1.52,0.64,14.99,0.58,1654.17,19.85,2.9,-0.02,-0.02,0.94,7.17
SRS3Jun202sc.txt,25.46821,-80.85328,SRS,3,Marsh,3,6,2020,4.065343104,2.922909848,1.583564888,1.346902763,0.579144283,0.26125757,37.78508071,27.16680528,14.71834617,12.51870465,5.382820816,2.428242371,1,1.53,0.63,13.36,0.74,1978.33,23.74,3.1,-0.02,-0.02,0.95,7.25
SRS3Jun212sc.txt,25.46821,-80.85328,SRS,3,Marsh,3,6,2021,6.349859275,4.595777446,2.283508442,2.000564661,1.03007304,0.445046341,38.01211732,27.51166976,13.66975031,11.97596597,6.166318899,2.664177738,1,1.54,0.65,13.7,0.74,2196.07,26.35,2.81,-0.02,-0.02,0.94,8.53
SRS3Jun2222sc.txt,25.46821,-80.85328,SRS,3,Marsh,3,6,2022,5.136614803,3.874504502,2.497273001,1.570433867,0.911262055,0.369800058,35.77057635,26.98143903,17.3906158,10.93625407,6.345885407,2.575229349,1,1.53,0.63,12.54,0.48,804.92,9.66,4.97,-0.02,-0.02,0.93,7.65
SRS3Mar1222sc.txt,25.46821,-80.85328,SRS,3,Marsh,3,3,2022,4.008395511,2.934856927,1.533886337,1.353328988,0.577444318,0.437203261,36.96037695,27.06155568,14.14356868,12.47869612,5.324464516,4.031338047,1,1.53,0.66,12.19,0.52,1704.17,20.45,2.54,-0.02,-0.02,0.92,8.18
SRS3Mar20192sc.txt,25.46821,-80.85328,SRS,3,Marsh,3,3,2019,3.839046357,2.955363552,1.738426815,1.254587464,0.677470767,0.41542983,35.28429925,27.1624571,15.97771068,11.53079057,6.226567504,3.818174896,1,1.54,0.67,13.66,0.54,1628.33,19.54,2.76,-0.0192,-0.0199,0.97,7.45
SRS3Mar202sc.txt,25.46821,-80.85328,SRS,3,Marsh,3,3,2020,5.388754312,4.129328348,2.291393057,1.663558488,1.004148454,0.351290823,36.34058703,27.84729226,15.4526564,11.21867662,6.771758775,2.369028905,1,1.54,0.66,12.17,0.51,1556.67,18.68,2.75,-0.02,-0.02,0.95,8.33
SRS3Mar212sc.txt,25.46821,-80.85328,SRS,3,Marsh,3,3,2021,4.34360165,3.255148561,1.802507204,1.401578281,0.86585766,0.339541778,36.17185707,27.10763509,15.01059218,11.6718091,7.210532193,2.827574362,1,1.49,0.64,12.55,0.48,1395.83,16.75,2.87,-0.02,-0.02,0.93,8.15
SRS3May192sc.txt,25.46821,-80.85328,SRS,3,Marsh,3,5,2019,3.371371029,2.507318117,1.710300683,1.090604713,0.583070211,0.351909973,35.06521219,26.07830495,17.78862541,11.34324444,6.064440994,3.660172009,1,1.53,0.67,13,0.62,1865,22.38,2.79,-0.02,-0.02,0.95,7.78
SRS3May202sc.txt,25.46821,-80.85328,SRS,3,Marsh,3,5,2020,4.888784209,3.756232242,2.034969815,1.516692022,0.813791856,0.413805474,36.41748984,27.98089334,15.15887987,11.29812934,6.062091384,3.082516226,1,1.51,0.63,14.34,0.83,2159.17,25.91,3.18,-0.02,-0.02,0.91,6.46
SRS3May212sc.txt,25.46821,-80.85328,SRS,3,Marsh,3,5,2021,6.039893225,4.209637375,1.846513552,2.087515666,0.846189255,0.368568245,39.22437173,27.33829475,11.99165801,13.55677782,5.495335868,2.393561827,1,1.5,0.64,13.76,0.65,2034.73,24.42,2.66,-0.02,-0.02,0.96,7.88
SRS3May2222sc.txt,25.46821,-80.85328,SRS,3,Marsh,3,5,2022,4.577434737,3.392800398,2.23766478,1.406490097,0.747098898,0.429205268,35.78722682,26.52553764,17.49447488,10.99619831,5.840956617,3.355605738,1,1.53,0.63,11.98,0.49,1659.17,19.91,2.46,-0.02,-0.02,0.96,7.37
SRS3Nov202sc.txt,25.46821,-80.85328,SRS,3,Marsh,3,11,2020,3.671805314,2.679108175,1.520157359,1.231462428,0.600479798,0.364883848,36.47043015,26.61040529,15.09905565,12.23157565,5.964302204,3.624231063,1,1.49,0.66,8.92,0.3,916.67,11,2.75,-0.02,-0.02,1.01,7.22
SRS3Nov3222sc.txt,25.46821,-80.85328,SRS,3,Marsh,3,11,2022,2.05088033,1.548393052,1.170685366,0.632087569,0.514232953,0.319451422,32.8891742,24.83098018,18.77382818,10.13654374,8.246554862,5.122918838,1,1.49,0.64,12.18,0.37,1056.67,12.68,2.92,-0.02,-0.02,0.96,7.61
SRS3Oct11222sc.txt,25.46821,-80.85328,SRS,3,Marsh,3,10,2022,3.157264939,2.344440643,1.507504511,1.02263138,0.541757598,0.351388129,35.37556825,26.26828017,16.89083107,11.45807111,6.070121852,3.937127544,1,1.49,0.63,10.51,0.34,978.33,11.74,2.9,-0.02,-0.02,0.97,7.37
SRS3Oct202sc.txt,25.46821,-80.85328,SRS,3,Marsh,3,10,2020,2.403480448,1.777245037,1.163198822,0.764168066,0.418036491,0.356642786,34.92024101,25.82164755,16.90015129,11.10262122,6.073664981,5.181673955,1,1.51,0.65,10.27,0.4,1118.33,13.42,2.99,-0.02,-0.02,1.01,7.38
SRS3Sep1222sc.txt,25.46821,-80.85328,SRS,3,Marsh,3,9,2022,3.101607821,2.34678177,1.631475881,0.916127471,0.641592678,0.388062963,34.36437606,26.00125352,18.07599604,10.15026745,7.108549281,4.299557641,1,1.51,0.64,12.14,0.4,1076.67,12.92,3.1,-0.02,-0.02,0.99,7.2
SRS41905141sc.txt,25.40976,-80.96431,SRS,2,Mangrove,4,5,2019,3.107454242,2.243313499,1.327551942,1.024974368,0.542713084,0.250436737,36.57358642,26.40296967,15.62479506,12.06356899,6.387532151,2.947547714,1,1.52,0.66,14.54,0.57,1291.67,15.5,3.66,-0.02,-0.02,1.06,5.72
SRS41906032sc.txt,25.40976,-80.96431,SRS,2,Mangrove,4,6,2019,3.004897908,2.075925847,1.110718598,1.171519376,0.526914486,0.204847207,37.12122861,25.64510353,13.72134437,14.47245129,6.509277084,2.53059512,1,1.49,0.65,15,0.61,1320.83,15.85,3.83,-0.02,-0.02,1.06,5.63
SRS41909122sc.txt,25.40976,-80.96431,SRS,2,Mangrove,4,9,2019,3.405945757,2.347056601,1.28499927,1.337003433,0.595807492,0.17603118,37.23629545,25.65974307,14.04855388,14.61710151,6.513804209,1.924501889,1,1.48,0.61,13.05,0.58,1180,14.16,4.08,-0.02,-0.02,1.06,5.43
SRS41910012sc.txt,25.40976,-80.96431,SRS,2,Mangrove,4,10,2014,3.678617318,2.521890019,1.491672176,1.32168883,0.595642254,0.318032147,37.05466109,25.40296309,15.02559308,13.31335321,5.999896143,3.203533392,1,1.48,0.64,13.09,0.48,1168.33,14.02,3.41,-0.02,-0.02,1.06,5.92
srs420140122c.txt,25.40976,-80.96431,SRS,3,Mangrove,4,1,2014,2.861223055,2.004554741,1.158898169,1.027522263,0.509599694,0.226625936,36.73686881,25.73761748,14.87975218,13.19294227,6.543040067,2.909779187,1,1.5,0.65,15.23,0.57,1159.17,13.91,4.1,-0.0174,-0.0163,1.07,5.5
srs420140501c.txt,-9999,-9999,SRS,2,Mangrove,NA,5,2014,1.564701394,1.133569693,0.609608209,0.637116314,0.330001246,0.137514136,35.46056648,25.68990072,13.81544907,14.43886067,7.478763151,3.116459905,-9999,-9999,-9999,-9999,-9999,-9999,-9999,-9999,-9999,-9999,-9999,-9999
SRS48Nov212sc.txt,25.40976,-80.96431,SRS,2,Mangrove,4,11,2021,2.955174782,2.042855656,1.142429569,1.226365497,0.518374837,0.158891385,36.73720891,25.39572802,14.20209525,15.24554342,6.444168651,1.975255753,1,1.49,0.61,11.68,0.46,1220.83,14.65,3.14,-0.02,-0.02,0.99,6.39
SRS4Apr192sc.txt,25.40976,-80.96431,SRS,2,Mangrove,4,4,2019,2.978369994,2.070228136,1.12526548,1.013546907,0.440623401,0.400855068,37.0956679,25.78473983,14.01520785,12.62375041,5.487974764,4.992659243,1,1.5,0.63,15.8,0.53,1245,14.94,3.53,-0.02,-0.02,1.04,5.78
SRS4APR2014c.txt,25.40976,-80.96431,SRS,2,Mangrove,4,4,2014,2.587550766,1.755748647,0.902143071,0.998765614,0.3479889,0.164599924,38.29552369,25.98492551,13.35163808,14.78164322,5.1502051,2.436064396,1,1.54,0.67,13.6,0.57,1511.67,18.14,3.14,-0.0184,-0.0173,1.07,6.18
SRS4Apr211sc.txt,25.40976,-80.96431,SRS,2,Mangrove,4,4,2021,3.402314926,2.484892959,1.085122773,1.290162775,0.575158959,0.212843734,37.59257922,27.45587562,11.98964961,14.25516079,6.35499923,2.351735539,1,1.51,0.67,12.75,0.55,5832.33,69.99,0.79,-0.02,-0.02,1.07,6.58
SRS4Apr7222sc.txt,25.40976,-80.96431,SRS,2,Mangrove,4,4,2022,3.649478516,2.692731948,1.615958695,1.280294073,0.611336311,0.399397146,35.60745907,26.27261463,15.76668635,12.49165287,5.964724156,3.896862929,1,1.51,0.66,12.76,0.54,1445,17.34,3.11,-0.02,-0.02,1.04,6.59
SRS4April2012c.txt,25.40976,-80.96431,SRS,2,Mangrove,4,4,2012,3.246614935,2.392874053,1.311516829,1.16303603,0.575139316,0.241008911,36.35549645,26.79533171,14.68632603,13.0236425,6.440392767,2.698810539,1,1.52,0.65,13.55,0.17,1156.67,13.88,1.22,-0.0174,-0.0155,1.12,5.27
SRS4April2013c.txt,25.40976,-80.96431,SRS,2,Mangrove,4,4,2013,0.824492278,0.56673948,0.400896389,0.347061329,0.166392404,0.046436648,35.05466766,24.09587649,17.04478025,14.75589263,7.074451259,1.974331715,1,1.54,0.67,14.16,0.61,1452.5,17.43,3.5,-0.0187,-0.0176,1.06,6.35
SRS4Aug10222sc.txt,25.40976,-80.96431,SRS,2,Mangrove,4,8,2022,3.503773822,2.609956404,1.173376262,1.356459727,0.593273899,0.177765497,37.21636324,27.72241889,12.46336077,14.40803558,6.301633057,1.888188465,1,1.5,0.64,12.59,0.47,1231.67,14.78,3.18,-0.02,-0.02,1.04,5.96
SRS4Aug2012c.txt,25.40976,-80.96431,SRS,2,Mangrove,4,8,2012,3.163857151,2.221598806,1.104799033,1.14371848,0.450932065,0.365855338,37.43872533,26.28874298,13.07336759,13.53391129,5.335993661,4.32925915,1,1.5,0.62,16.39,0.56,1012.5,12.15,4.61,-0.0168,-0.0168,1,5.7
SRS4Aug2013c.txt,25.40976,-80.96431,SRS,2,Mangrove,4,8,2013,3.129603311,2.247255088,1.56522443,1.13091101,0.441855087,0.193991964,35.93593396,25.80429608,17.97282152,12.98578105,5.073638304,2.227529086,1,1.51,0.64,11.5,0.44,1138.33,13.66,3.22,-0.0178,-0.0174,1.02,6.07
SRS4Aug20182sc.txt,25.40976,-80.96431,SRS,2,Mangrove,4,8,2018,2.469326007,1.781153846,1.032856312,0.888253436,0.479800026,0.223456991,35.91827053,25.90827032,15.02369972,12.92033824,6.979065179,3.250356019,1,1.54,0.65,11.79,0.43,1109.17,13.31,3.23,-0.0187,-0.0149,1.26,5.91
SRS4Aug202sc.txt,25.40976,-80.96431,SRS,2,Mangrove,4,8,2020,3.148077546,2.381458446,1.233957049,0.960183044,0.586248892,0.308663793,36.52660117,27.63165188,14.31739096,11.14083837,6.802144851,3.581372784,1,1.49,0.61,14.47,0.53,1120,13.44,3.94,-0.02,-0.02,1.06,5.45
SRS4Aug212sc.txt,25.40976,-80.96431,SRS,2,Mangrove,4,8,2021,3.270671132,2.231479095,1.372159942,1.094939354,0.512175933,0.261953145,37.407406,25.52193148,15.69370383,12.52306921,5.857872066,2.996017413,1,1.49,0.62,14.54,0.6,1488.33,17.86,3.36,-0.02,-0.02,1.03,5.65
SRS4Dec2012c.txt,25.40976,-80.96431,SRS,2,Mangrove,4,12,2012,2.94402207,1.978875114,1.192318831,1.065791735,0.445735704,0.258458676,37.33603808,25.09606072,15.12096724,13.51635275,5.652812652,3.277768553,1,1.53,0.66,12.29,0.43,1365,16.38,2.63,-0.0184,-0.0183,1,6.8
SRS4Dec20182sc.txt,25.40976,-80.96431,SRS,2,Mangrove,4,12,2018,2.835988244,2.139331231,1.452470909,1.023311634,0.570767382,0.214761012,34.43141312,25.97337897,17.63428534,12.42391102,6.929622353,2.607389203,1,1.53,0.66,14.23,0.42,1113.33,13.36,3.14,-0.0188,-0.0179,1.05,6.65
SRS4Dec202sc.txt,25.40976,-80.96431,SRS,2,Mangrove,4,12,2020,2.745816614,2.02921495,1.210855748,0.945629968,0.514768455,0.206932378,35.87793493,26.5145318,15.82152409,12.35597828,6.726169924,2.703860975,1,1.49,0.65,10.79,0.32,928.33,11.14,2.85,-0.02,-0.02,1.07,6.82
SRS4Dec6212sc.txt,25.40976,-80.96431,SRS,2,Mangrove,4,12,2021,2.0034014,1.489629166,1.083569317,0.612605153,0.421522234,0.241148027,34.23520322,25.45558629,18.51661668,10.46852712,7.203199184,4.120867494,-9999,-9999,-9999,-9999,-9999,1230,14.76,-9999,-9999,-9999,-9999,-9999
SRS4Dec6222sc.txt,25.40976,-80.96431,SRS,2,Mangrove,4,12,2022,2.902780329,2.226264699,1.23212299,0.90853351,0.582265034,0.221024766,35.95668832,27.57670123,15.26228556,11.25398843,7.212506622,2.737829843,1,1.52,0.64,11.24,0.41,1215,14.58,2.81,-0.02,-0.02,1.03,6.93
SRS4Feb2012c.txt,25.40976,-80.96431,SRS,2,Mangrove,4,2,2012,2.404695154,1.762723343,1.044123824,0.808746523,0.389958624,0.336043506,35.64469963,26.12877728,15.47700549,11.9880172,5.780341012,4.981159385,1,1.56,0.65,13.62,0.1,1163.33,13.96,0.72,-0.0185,-0.0175,1.05,6.28
SRS4Feb2013c.txt,25.40976,-80.96431,SRS,2,Mangrove,4,2,2013,0.620664417,0.452865093,0.351558836,0.229615043,0.120260317,0.04091307,34.17987528,24.93919736,19.36028042,12.64485818,6.622713518,2.253075247,1,1.54,0.67,13.04,0.53,1434.17,17.21,3.08,-0.0192,-0.0194,0.99,7.26
SRS4FEB2014c.txt,25.40976,-80.96431,SRS,2,Mangrove,4,2,2014,3.332260543,2.655725872,1.850136724,1.292850437,0.678703223,0.210464673,33.25562371,26.50387601,18.46417767,12.9025168,6.77338963,2.10041618,1,1.55,0.67,11.98,0.52,499.67,6,8.67,-0.0184,-0.0178,1.04,6.57
SRS4Feb20192sc.txt,25.40976,-80.96431,SRS,2,Mangrove,4,2,2019,3.342813303,2.542189757,1.222773448,1.193155391,0.628589311,0.230793325,36.49234195,27.75221034,13.34859675,13.02526662,6.862093088,2.519491267,1,1.54,0.65,16.17,0.49,1044.17,12.53,3.91,-0.0186,-0.017,1.1,6.1
SRS4Feb202sc.txt,25.40976,-80.96431,SRS,2,Mangrove,4,2,2020,3.37465655,2.381863566,1.269036364,1.208827869,0.594095447,0.142069496,37.61928551,26.55203699,14.14669629,13.47551671,6.622732089,1.583732407,1,1.53,0.65,14.41,0.5,1364.17,16.37,3.08,-0.02,-0.02,1.04,6.54
SRS4Feb212sc.txt,25.40976,-80.96431,SRS,2,Mangrove,4,2,2021,3.366260901,2.381691739,1.168315481,1.184114915,0.548786853,0.241273383,37.86381396,26.78934746,13.14125118,13.31896374,6.17277267,2.713850995,1,1.51,0.66,12.92,0.42,1237.5,14.85,2.83,-0.02,-0.02,1.04,7.22
SRS4Feb7222sc.txt,25.40976,-80.96431,SRS,2,Mangrove,4,2,2022,2.91656595,2.145864204,1.376140494,0.986963192,0.525757477,0.318091372,35.2694519,25.94950899,16.64139327,11.93514956,6.357880594,3.846615686,1,1.53,0.68,11.95,0.48,1550.83,18.61,2.58,-0.02,-0.02,1.02,7.42
SRS4Jan20192sc.txt,25.40976,-80.96431,SRS,2,Mangrove,4,1,2019,3.194741861,2.450598668,1.496965682,1.07103902,0.603350911,0.299865277,35.04327689,26.88073447,16.42028845,11.74827845,6.61818512,3.289236621,1,1.54,0.69,11.88,0.42,1349.17,16.19,2.59,-0.0192,-0.0151,1.27,6.32
SRS4Jan212sc.txt,25.40976,-80.96431,SRS,2,Mangrove,4,1,2021,3.137204374,2.389682597,1.308524182,0.982778246,0.694748252,0.214646355,35.94585136,27.38080315,14.99297149,11.2605991,7.960373131,2.459401763,1,1.51,0.66,12.85,0.37,1133.33,13.6,2.72,-0.02,-0.02,1.02,7.68
SRS4Jul11222sc.txt,25.40976,-80.96431,SRS,2,Mangrove,4,7,2022,2.589202538,1.944833063,1.379848796,0.832478466,0.509768948,0.266318183,34.41967099,25.85371873,18.34307702,11.0665869,6.776634587,3.54031178,1,1.48,0.62,13.01,0.43,1035.83,12.43,3.46,-0.02,-0.02,1.05,5.66
SRS4Jul192sc.txt,25.40976,-80.96431,SRS,2,Mangrove,4,7,2019,2.798693064,1.70531445,0.972756244,1.012396685,0,0.141734538,42.20686759,25.71771164,14.67005957,15.26787391,0,2.137487299,1,1.48,0.54,116.34,0.55,1093.33,13.12,4.18,-0.02,-0.02,1.02,5.24
SRS4Jul20182sc.txt,25.40976,-80.96431,SRS,2,Mangrove,4,7,2018,2.491248257,1.79237154,0.910578616,0.89360383,0.415556811,0.216402105,37.07346434,26.67314355,13.55075864,13.29814868,6.184100907,3.220383877,1,1.52,0.64,12.21,0.35,503.25,6.04,5.8,-0.0168,-0.0134,1.26,5.14
SRS4Jul202sc.txt,25.40976,-80.96431,SRS,2,Mangrove,4,7,2020,3.967866429,2.665598102,1.473258099,1.428907951,0.610413264,0.317243345,37.92179606,25.47572339,14.08026055,13.65639617,5.833857492,3.031966336,1,1.48,0.62,14.12,0.68,1478.33,17.74,3.84,-0.02,-0.02,1.04,5.52
SRS4July2012c.txt,25.40976,-80.96431,SRS,2,Mangrove,4,7,2012,0.48133824,0.308167818,0.228423083,0.172981328,0.019757977,0.024110199,38.98174318,24.95733299,18.49911188,14.00909618,1.600122996,1.95259277,6,1.46,0.55,29.82,0.09,1110.83,13.33,0.68,-0.0165,-0.0169,0.98,5.41
SRS4July2013c.txt,25.40976,-80.96431,SRS,2,Mangrove,4,7,2013,2.729742058,1.94131817,0.931959037,1.028052007,0.448893559,0.197615689,37.50892279,26.67532381,12.80589112,14.12628832,6.168170282,2.715403676,1,1.51,0.63,13.39,0.46,1001.67,12.02,3.83,-0.017,-0.0168,1.01,5.62
SRS4Jun192sc.txt,25.40976,-80.96431,SRS,2,Mangrove,4,6,2019,-9999,-9999,-9999,-9999,-9999,-9999,-9999,-9999,-9999,-9999,-9999,-9999,1,1.48,0.65,16.03,0.6,1320.83,15.85,3.79,-0.02,-0.02,1.07,5.7
SRS4Jun20182sc.txt,25.40976,-80.96431,SRS,2,Mangrove,4,6,2018,2.742644965,1.893236543,0.974475798,1.048745905,0.365451755,0.208686873,37.91723029,26.17410817,13.47218605,14.49897471,5.052392321,2.885108465,1,1.54,0.62,13.32,0.17,1254.17,15.05,1.13,-0.017,-0.0162,1.05,5.45
SRS4Jun202sc.txt,25.40976,-80.96431,SRS,2,Mangrove,4,6,2020,1.036744475,0.741201658,0.462368843,0.378999295,0.186760465,0.110133193,35.5511164,25.41662584,15.85513978,12.99630561,6.404223204,3.77658917,1,1.48,0.62,15.24,0.65,1322.5,15.87,4.08,-0.02,-0.02,1.06,5.35
SRS4Jun212sc.txt,25.40976,-80.96431,SRS,2,Mangrove,4,6,2021,3.409275189,2.227909301,1.069781441,1.347370873,0.49648797,0.25055107,38.73570734,25.31319354,12.15470695,15.30863921,5.641026793,2.846726177,1,1.5,0.66,16.25,0.57,1614.4,19.37,2.94,-0.02,-0.02,1.08,6.24
SRS4Jun6222sc.txt,25.40976,-80.96431,SRS,2,Mangrove,4,6,2022,2.633860956,1.90337565,1.201832745,0.951363191,0.444658601,0.195600015,35.92923094,25.96447741,16.39453524,12.97781029,6.065711835,2.66823429,1,1.51,0.6,14,0.54,1276.67,15.32,3.52,-0.02,-0.02,0.98,5.46
SRS4June2013c.txt,25.40976,-80.96431,SRS,2,Mangrove,4,6,2013,3.127028254,2.075617075,1.036130756,1.224148759,0.405252448,0.327217085,38.15592161,25.32662834,12.64284192,14.93703295,4.944880368,3.992694804,1,1.5,0.62,12.57,0.48,1047.5,12.57,3.82,-0.0167,-0.017,0.98,5.68
SRS4Mar2012c.txt,25.40976,-80.96431,SRS,2,Mangrove,4,3,2012,2.749674072,1.899841739,0.949516516,1.033231043,0.472207124,0.237567617,37.4511005,25.87621735,12.9326013,14.07280958,6.431553696,3.235717569,1,1.53,0.64,13.57,0.11,1625.83,19.51,0.56,-0.0186,-0.0172,1.08,5.96
SRS4Mar2013c.txt,25.40976,-80.96431,SRS,2,Mangrove,4,3,2013,0.626014816,0.445808437,0.335355469,0.241227381,0.125742904,0.033929773,34.62320461,24.65647191,18.54761379,13.34164108,6.95450362,1.876564988,1,1.55,0.67,13.77,0.58,1514.17,18.17,3.19,-0.0188,-0.0185,1.02,6.73
SRS4MAR2014c.txt,25.40976,-80.96431,SRS,2,Mangrove,4,3,2014,3.766486998,2.845313662,1.339102209,1.386842276,0.652163846,0.226446672,36.86722665,27.85057369,13.10743531,13.57472588,6.383527229,2.216511243,1,1.55,0.68,13.46,0.56,1464.17,17.57,3.19,-0.0183,-0.0172,1.06,6.25
SRS4Mar20192sc.txt,25.40976,-80.96431,SRS,2,Mangrove,4,3,2019,3.584844237,2.643273706,1.083355387,1.350330353,0.628357583,0.193384011,37.80067614,27.87221054,11.42352734,14.23866617,6.625766675,2.03915314,1,1.51,0.66,15.67,0.54,1308.33,15.7,3.44,-0.0182,-0.0159,1.14,5.71
SRS4Mar202sc.txt,25.40976,-80.96431,SRS,2,Mangrove,4,3,2020,3.225592011,2.283525726,1.263594665,1.176671011,0.605772677,0.161383081,37.00542093,26.19761905,14.49651794,13.49929127,6.949692588,1.851458216,1,1.52,0.66,15.42,0.52,1382.5,16.59,3.16,-0.02,-0.02,1.06,6.45
SRS4Mar212sc.txt,25.40976,-80.96431,SRS,2,Mangrove,4,3,2021,3.303051346,2.342631766,1.173635192,1.206227998,0.560869012,0.182736163,37.66671558,26.71446345,13.38368022,13.75535593,6.395932535,2.083852282,1,1.51,0.65,13.96,0.54,1504.17,18.05,2.99,-0.02,-0.02,1.03,6.61
SRS4Mar7222sc.txt,25.40976,-80.96431,SRS,2,Mangrove,4,3,2022,3.296083764,2.324388694,1.336119169,1.151398579,0.546284931,0.252004555,37.00853643,26.09831236,15.00198978,12.92794094,6.133705094,2.829515398,1,1.53,0.67,12.6,0.54,1549.17,18.59,2.9,-0.02,-0.02,1.01,7.25
SRS4May192sc.txt,25.40976,-80.96431,SRS,2,Mangrove,4,5,2019,3.408450424,2.565409001,1.368434313,1.168862311,0.575326026,0.342701656,36.14788429,27.20711648,14.51275478,12.39621949,6.101546453,3.634478505,1,1.51,0.65,15.71,0.56,1291.67,15.5,3.64,-0.02,-0.02,1.05,5.76
SRS4May2012c.txt,25.40976,-80.96431,SRS,2,Mangrove,4,5,2012,2.703170986,1.863606882,0.968679888,1.056100101,0.393339393,0.167817303,37.7922391,26.05454011,13.54282882,14.76502513,5.499162449,2.346204392,4.27107,1.5,0.62,14.46,0.19,1417.5,17.01,1.12,-0.0166,-0.0186,0.89,6.09
SRS4May2013c.txt,25.40976,-80.96431,SRS,2,Mangrove,4,5,2013,1.326869868,0.983305028,0.682115432,0.445471665,0.199087599,0.10113489,35.49693356,26.30575469,18.24821464,11.91742949,5.3260681,2.705599511,1,1.53,0.67,9.84,0.53,1492.5,17.91,2.96,-0.0187,-0.0196,0.96,7.56
SRS4May20182sc.txt,25.40976,-80.96431,SRS,2,Mangrove,4,5,2018,3.77894883,3.055955793,1.901606527,1.214588828,0.833502581,0.457294253,33.61486849,27.18363141,16.91535298,10.80412717,7.414252194,4.067767749,1,1.52,0.65,13.88,0.59,1388.33,16.66,3.54,-0.0187,-0.0174,1.08,6.24
SRS4May202sc.txt,25.40976,-80.96431,SRS,2,Mangrove,4,5,2020,3.482245176,2.489025017,1.332000274,1.296113813,0.593627983,0.29732301,36.69254116,26.22694505,14.03533422,13.6571973,6.25507915,3.132903124,1,1.5,0.66,13.93,0.58,1328.33,15.94,3.65,-0.02,-0.02,1.07,5.93
SRS4May212sc.txt,25.40976,-80.96431,SRS,2,Mangrove,4,5,2021,2.914028597,2.004995226,1.037608405,1.09453067,0.494384077,0.17209604,37.75801228,25.97937249,13.44462814,14.18218836,6.405894599,2.229904122,1,1.52,0.67,12.36,0.64,1812.06,21.74,2.94,-0.02,-0.02,1.06,6.65
SRS4May9222sc.txt,25.40976,-80.96431,SRS,2,Mangrove,4,5,2022,3.538899535,2.617571626,1.60517933,1.185348854,0.677008855,0.351503714,35.47586896,26.23997293,16.09119756,11.88258672,6.786707899,3.523665928,1,1.51,0.66,12.38,0.56,1512.5,18.15,3.09,-0.02,-0.02,1.06,6.31
SRS4Nov2013c.txt,25.40976,-80.96431,SRS,2,Mangrove,4,11,2013,3.238307739,2.352953613,1.241103645,1.204681835,0.529041366,0.297886085,36.53336118,26.54513131,14.00166117,13.5907641,5.968444279,3.360637961,1,1.51,0.63,13.64,0.45,1270,15.24,2.96,-0.02,-0.02,0.99,6.9
SRS4NOV2014c.txt,25.40976,-80.96431,SRS,2,Mangrove,4,11,2014,3.337039277,2.431687097,1.492961088,1.212897617,0.654516089,0.270365788,35.50243107,25.8704787,15.88346547,12.90389788,6.963331981,2.8763949,1,1.52,0.64,13.81,0.47,1285,15.42,3.05,-0.018,-0.0172,1.05,6.16
SRS4Nov20182sc.txt,25.40976,-80.96431,SRS,2,Mangrove,4,11,2018,2.816999175,1.976354606,0.832588027,1.077232848,0.4458232,0.161686447,38.53263332,27.03378403,11.38864698,14.73504809,6.098241717,2.211645864,1,1.5,0.63,15.74,0.4,1083.33,13,3.08,-0.0185,-0.0177,1.05,6.34
SRS4Nov202sc.txt,25.40976,-80.96431,SRS,2,Mangrove,4,11,2020,2.679331091,1.88331671,1.108659701,0.951808616,0.422912913,0.209248646,36.92940794,25.95788602,15.28073425,13.11884477,5.829038284,2.884088729,1,1.48,0.63,10.34,0.3,850.83,10.21,2.91,-0.02,-0.02,1.02,6.78
SRS4Nov7222sc.txt,25.40976,-80.96431,SRS,2,Mangrove,4,11,2022,1.868109531,1.360787889,0.974546892,0.600281844,0.391558732,0.218576284,34.50604793,25.13525643,18.00095831,11.08786918,7.23252258,4.037345571,1,1.49,0.65,10.81,0.35,1056.67,12.68,2.76,-0.02,-0.02,1.03,6.71
SRS4Oct2013c.txt,25.40976,-80.96431,SRS,2,Mangrove,4,10,2013,2.509236346,1.837010956,1.13642576,0.825028203,0.452314861,0.38004376,35.14307143,25.72822897,15.91619368,11.55491993,6.334888898,5.322697093,-9999,-9999,-9999,-9999,-9999,991.67,11.9,-9999,-9999,-9999,-9999,-9999
SRS4OCT2014c.txt,25.40976,-80.96431,SRS,2,Mangrove,4,10,2014,3.222817427,2.355143953,1.686707242,1.14025781,0.659746899,0.288733851,34.45607963,25.17952984,18.03307831,12.19082831,7.053546224,3.086937682,1,1.48,0.62,12.69,0.42,991.67,11.9,3.53,-0.0169,-0.0166,1.01,5.67
SRS4Oct20182sc.txt,25.40976,-80.96431,SRS,2,Mangrove,4,10,2018,2.364993136,1.621923794,0.752986616,0.850778453,0.394565081,0.181277651,38.35212278,26.30207231,12.21087482,13.7967249,6.398499942,2.939705243,1,1.53,0.66,11.8,0.29,821.58,9.86,2.94,-0.0179,-0.0138,1.29,5.51
SRS4Oct202sc.txt,25.40976,-80.96431,SRS,2,Mangrove,4,10,2020,1.947511312,1.476955871,0.881551043,0.665578379,0.384807472,0.18977809,35.11444907,26.63013631,15.89473653,12.00065845,6.938240766,3.421778876,1,1.46,0.61,12.26,0.43,1024.17,12.29,3.51,-0.02,-0.02,1.02,6.04
SRS4Oct4222sc.txt,25.40976,-80.96431,SRS,2,Mangrove,4,10,2022,2.900940435,2.006031261,1.302505938,0.920245829,0.49605891,0.250275686,36.83239018,25.46999077,16.53753601,11.68409148,6.298314545,3.177677003,1,1.44,0.59,12.55,0.38,978.33,11.74,3.24,-0.02,-0.02,0.98,5.46
SRS4Sep2013c.txt,25.40976,-80.96431,SRS,2,Mangrove,4,9,2013,2.162130147,1.385807801,0.803567552,0.761656325,0.344316419,0.16872378,38.42965713,24.63131959,14.28259327,13.53766398,6.119873009,2.998893025,1,1.51,0.63,13.28,0.48,1181.67,14.18,3.39,-0.0177,-0.0175,1.01,6.18
SRS4SEP2014c.txt,25.40976,-80.96431,SRS,2,Mangrove,4,9,2014,2.924070258,2.084133587,1.103973621,1.083411112,0.459687418,0.209638273,37.17866665,26.49912657,14.03668983,13.77524375,5.844786121,2.665487074,1,1.5,0.6,13.48,0.49,1019.17,12.23,4.01,-0.0167,-0.0165,1.01,5.51
SRS4Sep20182sc.txt,25.40976,-80.96431,SRS,2,Mangrove,4,9,2018,2.792182206,1.882207664,0.843086133,1.047611608,0.411368007,0.219175525,38.80385404,26.1576452,11.71663911,14.55899541,5.716913486,3.045952754,1,1.52,0.65,13.35,0.34,983.33,11.8,2.88,-0.0181,-0.0166,1.09,6.02
SRS4Sep20c.txt,25.40976,-80.96431,SRS,2,Mangrove,4,9,2020,2.269544793,1.653982464,0.989405281,0.777880485,0.396656495,0.218991903,35.98761083,26.22679113,15.68875498,12.33465859,6.289683994,3.472500475,1,1.49,0.61,14.04,0.53,913.33,10.96,4.84,-0.02,-0.02,1.04,5.76
SRS4Sep7222sc.txt,25.40976,-80.96431,SRS,2,Mangrove,4,9,2022,2.813039824,1.799309898,1.105657775,1.010087094,0.391617782,0.242295839,38.21022394,24.44047665,15.01842627,13.72026579,5.319442344,3.291165014,1,1.47,0.6,11.33,0.43,1131.26,13.58,3.17,-0.02,-0.02,1.02,5.54
SRS51905141sc.txt,25.37702,-81.03235,SRS,2,Mangrove,5,5,2019,2.50008548,1.664726052,0.935070306,0.902435408,0.374871521,0.32101579,37.32471081,24.8533176,13.96001417,13.47279559,5.596597083,4.792564744,1,1.51,0.66,12.2,0.39,873.33,10.48,3.67,-0.02,-0.02,1.09,5.63
SRS51906032sc.txt,25.37702,-81.03235,SRS,2,Mangrove,5,6,2019,1.954029098,1.349193107,0.637492295,0.791494935,0.361462927,0.1465816,37.2888244,25.74671222,12.16529389,15.10413313,6.897813159,2.797223204,1,1.52,0.67,12.99,0.33,763,9.16,3.55,-0.02,-0.02,1.12,5.67
SRS51909122sc.txt,25.37702,-81.03235,SRS,2,Mangrove,5,9,2019,1.704554003,1.17849344,0.646836491,0.728426464,0.366464831,0.126372164,35.87668119,24.80439655,13.6143217,15.33159054,7.713185907,2.659824112,1,1.49,0.62,12.26,0.58,1141.67,13.7,4.2,-0.02,-0.02,1.05,5.53
SRS51909181sc.txt,25.37702,-81.03235,SRS,2,Mangrove,5,9,2019,3.629382672,2.451647359,1.492177675,1.272319612,0.619270812,0.306099904,37.14482189,25.09132068,15.27165333,13.02152174,6.337910901,3.132771453,1,1.49,0.65,12.81,0.37,1141.67,13.7,2.7,-0.02,-0.02,1.08,5.29
SRS51910012sc.txt,25.37702,-81.03235,SRS,2,Mangrove,5,10,2019,1.967258674,1.294763436,0.645777522,0.803834461,0.375382927,0.169159043,37.42756427,24.63318239,12.28607097,15.29314184,7.141749486,3.218291037,1,1.5,0.66,9.99,0.41,923.33,11.08,3.71,-0.02,-0.01,1.25,5.02
SRS56Dec212sc.txt,25.37702,-81.03235,SRS,2,Mangrove,5,12,2021,2.161811505,1.505919889,0.818807037,0.850970157,0.477825449,0.194350098,35.97213192,25.0582203,13.62479322,14.15998142,7.950924514,3.233948627,-9999,-9999,-9999,-9999,-9999,1040.83,12.49,-9999,-9999,-9999,-9999,-9999
SRS58Nov212sc.txt,25.37702,-81.03235,SRS,2,Mangrove,5,11,2021,2.502170709,1.794476761,0.864494885,0.938183619,0.436763839,0.175131579,37.28338797,26.73845276,12.88133462,13.97932752,6.507963512,2.60953362,1,1.49,0.61,11.79,0.5,1188.33,14.26,3.51,-0.02,-0.02,1.03,5.9
SRS5Apr192sc.txt,25.37702,-81.03235,SRS,2,Mangrove,5,4,2019,3.076878287,2.078848052,1.05068635,1.128483889,0.435321852,0.377024579,37.7658833,25.51596963,12.8962196,13.85111365,5.343179913,4.6276339,1,1.52,0.63,14.76,0.32,767.25,9.21,3.48,-0.02,-0.02,1.06,5.92
SRS5Apr211sc.txt,25.37702,-81.03235,SRS,2,Mangrove,5,4,2021,1.44746204,0.964177654,0.483294668,0.601280588,0.17272173,0.139286548,38.00885488,25.31830715,12.69081772,15.78900583,4.535493853,3.657520576,1,1.49,0.68,12.2,0.29,1272.5,15.27,1.9,-0.02,-0.02,1.14,5.97
SRS5Aug10222sc.txt,25.37702,-81.03235,SRS,2,Mangrove,5,8,2022,1.608310523,1.138944053,0.656959049,0.645878962,0.307541739,0.138788203,35.7686697,25.33000503,14.61070539,14.36428535,6.83969838,3.086636154,1,1.48,0.62,13.79,0.5,1059.17,12.71,3.93,-0.02,-0.02,1.06,5.38
SRS5Aug202sc.txt,25.37702,-81.03235,SRS,2,Mangrove,5,8,2020,2.504472675,1.68859459,0.866456775,0.995099236,0.426996757,0.134663216,37.85316591,25.52180018,13.09582347,15.04015469,6.453725468,2.035330278,1,1.49,0.61,14.74,0.51,1059.17,12.71,3.99,-0.02,-0.02,1.07,5.32
SRS5Aug212sc.txt,25.37702,-81.03235,SRS,2,Mangrove,5,8,2021,2.948469489,1.915473324,1.028642383,1.109516732,0.45541286,0.199226435,38.50815122,25.01682202,13.43446713,14.49071739,5.94786799,2.601974253,1,1.5,0.62,13.63,0.53,1215,14.58,3.64,-0.02,-0.02,1.09,5.42
SRS5c.txt,25.37702,-81.03235,SRS,2,Mangrove,5,-9999,-9999,2.399356205,1.581100419,0.874008637,0.926897927,0.349729058,0.248936011,37.60729747,24.78202847,13.69913427,14.52811633,5.481622401,3.901801067,1,1.52,0.66,13.55,0.5,1388.33,16.66,3,-0.02,-0.02,1.13,6.21
SRS5Dec202sc.txt,25.37702,-81.03235,SRS,2,Mangrove,5,12,2020,3.311969952,2.144395447,1.202285438,1.399407074,0.513458762,0.184124851,37.82669657,24.4915857,13.73155165,15.98291879,5.864319142,2.102928156,1,1.48,0.64,11.65,0.36,1002.5,12.03,2.98,-0.02,-0.02,1.03,6.68
SRS5Dec6222sc.txt,25.37702,-81.03235,SRS,2,Mangrove,5,12,2022,2.287692957,1.613299608,1.069407038,0.76695243,0.42316498,0.24049457,35.73955347,25.20382267,16.70684429,11.98173789,6.610907886,3.757133805,1,1.52,0.64,13.17,0.44,1139.17,13.67,3.18,-0.02,-0.02,1.04,6.29
SRS5Feb20192sc.txt,25.37702,-81.03235,SRS,2,Mangrove,5,2,2019,2.398774803,1.676169147,0.941590253,0.87649648,0.370074505,0.27968414,36.66287698,25.61857127,14.39126657,13.39637326,5.656219185,4.274692737,1,1.52,0.64,18.07,0.48,1171.67,14.06,3.41,-0.0186,-0.0171,1.08,5.93
SRS5Feb202sc.txt,25.37702,-81.03235,SRS,2,Mangrove,5,2,2020,3.399671974,2.342150172,1.185140526,1.251948152,0.489834062,0.138894554,38.59912747,26.59225764,13.45582473,14.21434381,5.561468146,1.576978196,1,1.52,0.64,16.45,0.43,1100,13.2,3.24,-0.02,-0.02,1.08,6.29
SRS5Feb212sc.txt,25.37702,-81.03235,SRS,2,Mangrove,5,2,2021,2.201535385,1.523798944,0.856957133,0.867548779,0.34510843,0.133854459,37.13288057,25.70162831,14.45413373,14.63278101,5.820878555,2.257697819,1,1.52,0.66,12.91,0.33,948.33,11.38,2.9,-0.02,-0.02,1.07,6.56
SRS5Feb7222sc.txt,25.37702,-81.03235,SRS,2,Mangrove,5,2,2022,2.066911406,1.483945294,0.863041251,0.766828654,0.347478216,0.248461861,35.78034739,25.68860859,14.94012549,13.27458717,6.015202803,4.301128563,1,1.55,0.67,13.32,0.51,1404.17,16.85,3.03,-0.02,-0.02,1.1,6.49
SRS5Jan20192sc.txt,25.37702,-81.03235,SRS,2,Mangrove,5,1,2019,3.211913,2.353509027,1.336420508,1.163102524,0.58840366,0.221432759,36.19146012,26.51906452,15.05863003,13.10570325,6.630063641,2.495078441,1,1.51,0.66,17.16,0.38,980.83,11.77,3.23,-0.0189,-0.0171,1.11,6.18
SRS5Jan212sc.txt,25.37702,-81.03235,SRS,2,Mangrove,5,1,2021,2.489353934,1.764868741,1.002310974,0.906107722,0.43990653,0.127930338,36.98628606,26.22204067,14.89212116,13.46275391,6.536036738,1.900761476,1,1.51,0.65,13.83,0.4,1166.67,14,2.86,-0.02,-0.02,1.03,7.3
SRS5Jul11222sc.txt,25.37702,-81.03235,SRS,2,Mangrove,5,7,2022,2.783409899,2.033887344,1.365052151,0.931423978,0.505190382,0.219691751,35.50876674,25.94689028,17.4143659,11.88244562,6.444860116,2.802671341,1,1.51,0.63,12.99,0.45,1106.67,13.28,3.39,-0.02,-0.02,1.07,5.6
SRS5Jul192sc.txt,25.37702,-81.03235,SRS,2,Mangrove,5,7,2019,2.73387264,1.83073776,0.892172134,1.060913961,0.446863312,0.202674797,38.14403729,25.54315382,12.44792703,14.80227759,6.234807939,2.827796326,1,1.48,0.55,68.17,0.59,1147.5,13.77,4.26,-0.02,-0.02,1.01,5.28
SRS5Jul202sc.txt,25.37702,-81.03235,SRS,2,Mangrove,5,7,2020,2.976650724,1.781597578,0.947768822,1.095893068,0,0.09420608,43.16416091,25.8347961,13.74351569,15.89145288,0,1.366074418,1,1.5,0.64,13.69,0.46,1018.33,12.22,3.79,-0.02,-0.02,1.09,5.51
SRS5Jun192sc.txt,25.37702,-81.03235,SRS,2,Mangrove,5,6,2019,2.590107031,1.707379464,0.84221607,1.018345197,0.432994409,0.136171403,38.50192955,25.38018818,12.51953815,15.13769685,6.436459966,2.024187304,1,1.49,0.64,14.44,0.32,763,9.16,3.54,-0.02,-0.02,1.12,5.78
SRS5Jun202sc.txt,25.37702,-81.03235,SRS,2,Mangrove,5,6,2020,1.360583563,0.934086653,0.503200766,0.573264956,0.195879405,0.126914124,36.83296001,25.28707333,13.62237072,15.51910943,5.302738087,3.435748426,1,1.49,0.61,14.68,0.48,960.83,11.53,4.13,-0.02,-0.02,1.11,5.16
SRS5Jun212sc.txt,25.37702,-81.03235,SRS,2,Mangrove,5,6,2021,2.406245673,1.544559946,0.713189946,1.007571325,0.376247566,0.159027075,38.76763506,24.88479751,11.49038431,16.23323747,6.061820076,2.562125579,1,1.49,0.66,13.84,0.39,960.83,11.53,3.38,-0.02,-0.02,1.14,5.9
SRS5Jun6222sc.txt,25.37702,-81.03235,SRS,2,Mangrove,5,6,2022,1.629341794,1.13016706,0.717709047,0.627502283,0.328576567,0.063666142,36.2320489,25.13178532,15.95986145,13.95391284,7.306632819,1.415758669,1,1.5,0.62,14,0.49,1216.67,14.6,3.36,-0.02,-0.02,1.03,5.54
SRS5Mar20192sc.txt,25.37702,-81.03235,SRS,2,Mangrove,5,3,2019,2.732103455,1.843558341,0.872807607,1.102654192,0.370331395,0.284833733,37.91276703,25.58263223,12.11174906,15.3012769,5.139003022,3.952571764,1,1.49,0.67,14.33,0.35,828.25,9.94,3.52,-0.0187,-0.0163,1.14,5.86
SRS5Mar202sc.txt,25.37702,-81.03235,SRS,2,Mangrove,5,3,2020,2.03298102,1.431700098,0.783056769,0.789663808,0.389449586,0.177118907,36.27751313,25.54796064,13.97325008,14.09114934,6.949529936,3.160596875,1,1.5,0.65,13.29,0.39,1003.33,12.04,3.2,-0.02,-0.02,1.09,6.62
SRS5Mar212sc.txt,25.37702,-81.03235,SRS,2,Mangrove,5,3,2021,2.021227671,1.434579053,0.763182292,0.783805765,0.388136857,0.171747821,36.33550496,25.7893532,13.71968846,14.09043557,6.977516139,3.087501658,1,1.52,0.65,12.95,0.53,1500,18,2.94,-0.02,-0.02,1.05,6.76
SRS5Mar7222sc.txt,25.37702,-81.03235,SRS,2,Mangrove,5,3,2022,3.247997905,2.31451528,1.374469304,1.15817768,0.520950142,0.325431953,36.32480627,25.88496718,15.37172519,12.95277309,5.826177703,3.639550576,1,1.55,0.66,13.46,0.51,1404.17,16.85,3.03,-0.02,-0.02,1.04,6.55
SRS5May192sc.txt,25.37702,-81.03235,SRS,2,Mangrove,5,5,2019,3.061506046,2.219695692,1.053226243,1.126757964,0.485493484,0.259917309,37.3054281,27.04770032,12.83389786,13.72990535,5.915893026,3.167175347,1,1.52,0.65,13.63,0.38,873.33,10.48,3.66,-0.02,-0.02,1.09,5.69
SRS5May202sc.txt,25.37702,-81.03235,SRS,2,Mangrove,5,5,2020,1.721488851,1.169249192,0.579709097,0.703420537,0.22503801,0.194285119,37.47914955,25.4561424,12.6210541,15.31442012,4.899383011,4.229850829,1,1.5,0.65,12.27,0.44,1005.83,12.07,3.67,-0.02,-0.02,1.09,5.86
SRS5May212sc.txt,25.37702,-81.03235,SRS,2,Mangrove,5,5,2021,2.064177726,1.40371519,0.721488593,0.81572615,0.412590985,0.163396644,36.98517262,25.15124931,12.92736561,14.61587929,7.392652576,2.927680597,1,1.51,0.66,13.6,0.41,1043.06,12.52,3.27,-0.02,-0.02,1.1,6.14
SRS5May9222sc.txt,25.37702,-81.03235,SRS,2,Mangrove,5,5,2022,1.991873326,1.431059593,0.882627633,0.742937947,0.341816077,0.189810005,35.69585763,25.6456567,15.81734637,13.31400287,6.125599381,3.401537046,1,1.52,0.66,11.37,0.36,880.83,10.57,3.41,-0.02,-0.02,1.12,5.83
SRS5Nov202sc.txt,25.37702,-81.03235,SRS,2,Mangrove,5,11,2020,1.748932387,1.245189361,0.61151158,0.71542974,0.282412382,0.239346021,36.11391412,25.71206411,12.62717577,14.77299431,5.831567063,4.942284619,1,1.48,0.63,10.37,0.34,938.33,11.26,3,-0.02,-0.02,1.08,5.95
SRS5Nov7222sc.txt,25.37702,-81.03235,SRS,2,Mangrove,5,11,2022,2.086518732,1.453891721,0.914053793,0.740214297,0.404734347,0.294348907,35.40215577,24.66831493,15.50883502,12.55928425,6.867164988,4.994245046,1,1.5,0.65,11.05,0.4,1072.5,12.87,3.11,-0.02,-0.02,1.05,6.12
SRS5Oct202sc.txt,25.37702,-81.03235,SRS,2,Mangrove,5,10,2020,2.721925663,1.893007724,1.074842677,1.006979739,0.434274785,0.350223759,36.38327929,25.30334669,14.36714523,13.46003882,5.804839197,4.681350778,1,1.47,0.61,12.55,0.51,1154.17,13.85,3.65,-0.02,-0.02,1.02,5.77
SRS5Oct4222sc.txt,25.37702,-81.03235,SRS,2,Mangrove,5,10,2022,3.219914569,2.177757857,1.355131994,1.055405182,0.525677442,0.288195162,37.34497644,25.25791108,15.71699228,12.2407228,6.096873458,3.342523946,1,1.46,0.6,10.91,0.34,820.5,9.85,3.45,-0.02,-0.02,1.04,5.33
SRS5Sep20c.txt,25.37702,-81.03235,SRS,2,Mangrove,5,9,2020,1.722128539,1.128102565,0.585961189,0.676828115,0.248392244,0.263952511,37.23227202,24.38948115,12.66843088,14.63296608,5.370219108,5.70663076,1,1.48,0.6,14.32,0.45,1058.33,12.7,3.57,-0.02,-0.02,1.02,5.81
SRS5Sep7222sc.txt,25.37702,-81.03235,SRS,2,Mangrove,5,9,2022,3.131783965,2.139263993,1.302683633,1.014589961,0.463024231,0.262876168,37.66779362,25.73017663,15.66813637,12.20306562,5.569062668,3.161765095,1,1.48,0.61,12.76,0.48,1258.59,15.1,3.18,-0.02,-0.02,1.04,5.38
SRS61906032sc.txt,25.36463,-81.07795,SRS,2,Mangrove,6,6,2019,2.724268,1.786819039,0.866697058,1.083117276,0.41429098,0.185435712,38.58393298,25.30680022,12.27507029,15.34023979,5.867622207,2.626334512,1,1.57,0.68,8.91,0.26,641.92,7.7,3.41,-0.02,-0.02,1.16,5.97
SRS61909122sc.txt,25.36463,-81.07795,SRS,2,Mangrove,6,9,2019,1.310309157,0.970494456,0.529941546,0.548665551,0.308095992,0.167390363,34.16803983,25.30692324,13.81892492,14.30717805,8.034009435,4.364924528,1,1.52,0.63,13.14,0.52,1015.83,12.19,4.26,-0.02,-0.02,1.08,5.41
SRS61909181sc.txt,25.36463,-81.07795,SRS,2,Mangrove,6,9,2019,3.086805814,2.082854335,1.197949902,1.165312024,0.542432879,0.259253608,37.03600224,24.9904278,14.37319933,13.98160472,6.508198617,3.110567292,1,1.49,0.67,10.92,0.28,1015.83,12.19,2.32,-0.02,-0.01,1.24,4.97
srs620140122c.txt,25.36463,-81.07795,TS,3,Mangrove,6,1,2014,1.418471889,0.980427538,0.504063964,0.592560119,0.333976859,0.126982319,35.85184117,24.78028125,12.74020395,14.97694203,8.441256684,3.20947491,-9999,-9999,-9999,-9999,-9999,764.25,9.17,-9999,-9999,-9999,-9999,-9999
SRS66Dec212sc.txt,25.36463,-81.07795,SRS,2,Mangrove,6,12,2021,3.42862255,2.636922939,1.517371013,1.164249611,0.676495339,0.207896644,35.59779753,27.37794771,15.75415938,12.08786366,7.023737304,2.158494415,-9999,-9999,-9999,-9999,-9999,728.58,8.74,-9999,-9999,-9999,-9999,-9999
SRS68Nov212sc.txt,25.36463,-81.07795,SRS,2,Mangrove,6,11,2021,1.644021525,1.196420142,0.570251632,0.647817535,0.296003011,0.190981859,36.16814606,26.32100479,12.5454223,14.25185671,6.512007284,4.201562858,1,1.5,0.63,11.14,0.4,-9999,-9999,0,-0.02,-0.02,1.05,6.01
SRS6Apr192sc.txt,25.36463,-81.07795,SRS,2,Mangrove,6,4,2019,2.232964503,1.534663328,0.751154237,0.877294726,0.356865519,0.349500748,36.59132057,25.14834326,12.30907408,14.37612309,5.847912303,5.7272267,1,1.53,0.65,9.98,0.24,605.83,7.27,3.27,-0.02,-0.02,1.1,6.27
SRS6APR2014c.txt,25.36463,-81.07795,SRS,2,Mangrove,6,4,2014,1.023720293,0.726282339,0.386576863,0.426475887,0.128855667,0.175358002,35.70367045,25.33010769,13.4824063,14.87394031,4.494020779,6.115854458,1,1.53,0.72,9.76,0.17,488.63,5.86,2.9,-0.02,-0.0172,1.16,6.66
SRS6Apr211sc.txt,25.36463,-81.07795,SRS,2,Mangrove,6,4,2021,0.727897683,0.569948928,0.276283016,0.311748979,0.182355993,0.062265107,34.16558478,26.75188952,12.9679913,14.63266941,8.559306179,2.922558808,1,1.56,0.72,10.28,0.2,3682.44,44.19,0.45,-0.02,-0.02,1.2,5.99
SRS6Apr7222sc.txt,25.36463,-81.07795,SRS,2,Mangrove,6,4,2022,1.040700149,0.780545285,0.449496575,0.434920479,0.221020277,0.157070148,33.74784487,25.31153783,14.57628375,14.10360983,7.167249881,5.093473837,1,1.53,0.66,11.52,0.29,743.08,8.92,3.25,-0.02,-0.02,1.13,5.97
SRS6April2012c.txt,25.36463,-81.07795,SRS,2,Mangrove,6,4,2012,1.407468908,1.031113669,0.520407716,0.58024474,0.237402873,0.209945404,35.30514224,25.86459605,13.05397819,14.55493827,5.955046067,5.266299185,1,1.54,0.67,10.84,0.27,598,7.18,3.76,-0.0178,-0.0162,1.1,5.44
SRS6April2013c.txt,25.36463,-81.07795,SRS,2,Mangrove,6,4,2013,1.194753363,0.826573541,0.497152941,0.546318554,0.28927878,0.095826159,34.63150256,23.95932465,14.41063394,15.83576409,8.385127098,2.777647665,1,1.53,0.7,11.87,0.26,612.67,7.35,3.54,-0.0193,-0.0175,1.1,6.37
SRS6Aug2013c.txt,25.36463,-81.07795,SRS,2,Mangrove,6,8,2013,1.21529555,0.911966763,0.411476717,0.532883588,0.240792478,0.108164505,35.52893638,26.66117645,12.02944427,15.57875126,7.039522715,3.162168915,1,1.53,0.67,11.64,0.3,713,8.56,3.51,-0.0181,-0.0165,1.09,5.7
SRS6Aug202sc.txt,25.36463,-81.07795,SRS,2,Mangrove,6,8,2020,1.398434232,0.993802173,0.444407013,0.600505438,0.284088315,0.109895798,36.50184537,25.94016394,11.59988486,15.67435645,7.415255936,2.868493448,1,1.5,0.63,13,0.32,721.25,8.66,3.71,-0.02,-0.02,1.1,5.7
SRS6Aug212sc.txt,25.36463,-81.07795,SRS,2,Mangrove,6,8,2021,1.777862943,1.201518289,0.6147576,0.714569739,0.30995174,0.145276888,37.31919355,25.2211194,12.90440185,14.99956252,6.506209605,3.049513072,1,1.5,0.65,12.12,0.28,700.17,8.4,3.33,-0.02,-0.02,1.14,5.64
SRS6Aug8222sc.txt,25.36463,-81.07795,SRS,2,Mangrove,6,8,2022,1.172808936,0.813230002,0.470505691,0.464783319,0.203002736,0.166502777,35.63865964,24.71197682,14.29746284,14.1235746,6.168733184,5.059592927,1,1.52,0.68,11.55,0.24,643.67,7.72,3.11,-0.02,-0.02,1.1,6.07
SRS6c.txt,25.36463,-81.07795,SRS,2,Mangrove,6,-9999,-9999,1.301776509,0.938253962,0.452087725,0.533248862,0.23659997,0.17919141,35.75171286,25.76800702,12.41604101,14.64503319,6.497931183,4.921274741,1,1.5,0.65,13.71,0.36,971.67,11.66,3.08,-0.02,-0.02,1.01,6.92
SRS6Dec2012c.txt,25.36463,-81.07795,SRS,2,Mangrove,6,12,2012,3.216462574,2.063185851,1.084173555,1.385184572,0.488254659,0.182981353,38.19916766,24.50268903,12.87579956,16.45064928,5.798581871,2.173112607,1,1.53,0.67,13,0.29,760.17,9.12,3.18,-0.0179,-0.0166,1.08,5.81
SRS6Dec20182sc.txt,25.36463,-81.07795,SRS,2,Mangrove,6,12,2018,1.503920903,1.06650324,0.628694505,0.648874054,0.301557882,0.106112127,35.33928804,25.0608028,14.77312813,15.24730924,7.086038122,2.493433664,1,1.52,0.67,18.31,0.24,609.25,7.31,3.28,-0.0192,-0.0171,1.12,6.28
SRS6Dec202sc.txt,25.36463,-81.07795,SRS,2,Mangrove,6,12,2020,1.417100899,1.029492488,0.557357706,0.54136849,0.244153715,0.062317465,36.79070298,26.7276327,14.47009302,14.05498178,6.338706581,1.61788293,1,1.5,0.64,11.82,0.32,860,10.32,3.08,-0.02,-0.02,1.06,6.37
SRS6Dec6222sc.txt,25.36463,-81.07795,SRS,2,Mangrove,6,12,2022,1.881834345,1.330841357,0.837448494,0.661259468,0.365226881,0.187789113,35.74641873,25.28002135,15.90776818,12.56096631,6.937673901,3.567151526,1,1.54,0.67,11.44,0.32,829.25,9.95,3.25,-0.02,-0.02,1.08,6.14
SRS6Feb2012c.txt,25.36463,-81.07795,SRS,2,Mangrove,6,2,2012,1.591698254,1.124476679,0.582077624,0.619897565,0.292122532,0.150862042,36.49734219,25.78403919,13.34693066,14.21413482,6.698314835,3.459238315,1,1.54,0.67,12.87,0.3,688.75,8.27,3.63,-0.0184,-0.0172,1.07,5.96
SRS6Feb2013c.txt,25.36463,-81.07795,SRS,2,Mangrove,6,2,2013,1.566061445,1.114688415,0.707427873,0.658321812,0.329523977,0.10096638,34.9802318,24.89816683,15.80141767,14.70456326,7.360391328,2.255229121,1,1.55,0.68,13.16,0.27,704.75,8.46,3.19,-0.0191,-0.0193,0.99,6.59
SRS6FEB2014c.txt,25.36463,-81.07795,SRS,2,Mangrove,6,2,2014,1.441585607,1.065135636,0.591037081,0.600508449,0.289607678,0.083959371,35.40384186,26.15862245,14.51525546,14.74786239,7.112463086,2.061954764,1,1.53,0.67,12.74,0.31,596.92,7.16,4.33,-0.0183,-0.017,1.07,6.02
SRS6Feb20192sc.txt,25.36463,-81.07795,SRS,2,Mangrove,6,2,2019,1.58545654,1.15291852,0.501795913,0.645414754,0.274227418,0.117172723,37.06948279,26.95633224,11.732466,15.09041118,6.411698006,2.739609779,1,1.49,0.67,17.09,0.32,840.83,10.09,3.17,-0.0191,-0.0167,1.14,6.06
SRS6Feb212sc.txt,25.36463,-81.07795,SRS,2,Mangrove,6,2,2021,1.984692085,1.39828732,0.761255679,0.757388468,0.390102852,0.078548507,36.95699229,26.03753706,14.17535771,14.1033463,7.264113265,1.462653374,1,1.52,0.69,11.09,0.22,616.83,7.4,2.97,-0.02,-0.02,1.11,6.35
SRS6Feb7222sc.txt,25.36463,-81.07795,SRS,2,Mangrove,6,2,2022,1.211338939,0.88582251,0.501016808,0.473625749,0.217793546,0.194253145,34.77011629,25.42653481,14.38112169,13.59489227,6.25151778,5.57581715,1,1.56,0.68,12.61,0.33,879.17,10.55,3.1,-0.02,-0.02,1.1,6.53
SRS6Jan20192sc.txt,25.36463,-81.07795,SRS,2,Mangrove,6,1,2019,1.79408432,1.311547303,0.731267757,0.690502584,0.378009377,0.124419338,35.66888101,26.07537682,14.53861579,13.72814769,7.515349944,2.473628745,1,1.51,0.66,19.94,0.31,686.75,8.24,3.76,-0.0192,-0.0174,1.1,6.24
SRS6Jan212sc.txt,25.36463,-81.07795,SRS,2,Mangrove,6,1,2021,1.969292484,1.399581724,0.764002405,0.755863085,0.376335687,0.039072025,37.12740865,26.38655406,14.40386826,14.25041626,7.095121199,0.736631583,1,1.52,0.65,15.49,0.37,1060.83,12.73,2.91,-0.02,-0.02,1.05,6.95
SRS6Jul11222sc.txt,25.36463,-81.07795,SRS,2,Mangrove,6,7,2022,2.473178319,1.783935264,1.153156559,0.860409841,0.449422566,0.172961516,35.87923013,25.88014919,16.72923025,12.48225511,6.519924407,2.509210921,1,1.48,0.64,-9999,0.17,684.58,8.21,2.07,-0.02,-0.02,0.98,5.27
SRS6Jul192sc.txt,25.36463,-81.07795,SRS,2,Mangrove,6,7,2019,0.516450094,0.359953145,0.143039087,0.213486722,0.037350042,0,40.65642726,28.3365402,11.26044566,16.80628483,2.940302047,0,1,1.49,0.55,-72.04,0.4,936.67,11.24,3.53,-0.02,-0.02,1.08,5.78
SRS6Jul202sc.txt,25.36463,-81.07795,SRS,2,Mangrove,6,7,2020,1.846725739,1.091638967,0.621203216,0.709968078,0,0.068310916,42.57240458,25.16545623,14.32054261,16.3668311,0,1.574765479,1,1.51,0.71,8.9,0.21,516.25,6.2,3.33,-0.02,-0.02,1.15,6.5
SRS6Jul7222sc.txt,25.36463,-81.07795,SRS,2,Mangrove,6,7,2022,0.951243546,0.722038529,0.404653331,0.371733753,0.226034093,0.106540685,34.1897967,25.9516615,14.5441356,13.36093318,8.124165182,3.829307838,1,1.49,0.65,12.79,0.33,684.58,8.21,4.02,-0.02,-0.02,1.12,6.11
SRS6July2012c.txt,25.36463,-81.07795,SRS,2,Mangrove,6,7,2012,1.291905048,0.990341922,0.525149462,0.497411988,0.279890599,0.195991719,34.17113797,26.19473504,13.89030466,13.15664313,7.403160394,5.184018802,4,1.48,0.57,36.6,0.12,1410.83,16.93,0.71,-0.0167,-0.0164,1.02,5.34
SRS6July2013c.txt,25.36463,-81.07795,SRS,2,Mangrove,6,7,2013,0.572918049,0.36553744,0.234428072,0.242744735,0.029701582,0.014007722,39.25877393,25.04817526,16.06400546,16.6338985,2.035278333,0.959868522,1,1.56,0.63,12.26,0.32,671.29,8.06,3.97,-0.0169,-0.0156,1.08,5.14
SRS6Jun192sc.txt,25.36463,-81.07795,SRS,2,Mangrove,6,6,2019,1.575891221,1.045723572,0.309203519,0.740127823,0.269366003,0.14126096,38.60989828,25.62060134,7.575596748,18.13339625,6.599563359,3.460944028,1,1.5,0.67,9.64,0.25,641.92,7.7,3.25,-0.02,-0.02,1.1,6.47
SRS6Jun202sc.txt,25.36463,-81.07795,SRS,2,Mangrove,6,6,2020,1.0186661,0.733267474,0.432574047,0.445526529,0.152960809,0.192134039,34.23939265,24.64657749,14.53967366,14.97503232,5.141316875,6.458007014,1,1.49,0.67,11.17,0.3,650.5,7.81,3.81,-0.02,-0.01,1.25,5.24
SRS6Jun212sc.txt,25.36463,-81.07795,SRS,2,Mangrove,6,6,2021,1.415899492,0.975017312,0.49303819,0.588542621,0.272315229,0.132814853,36.51458065,25.1446861,12.71494398,15.1779043,7.022727554,3.425157418,1,1.49,0.68,10.73,0.22,586.07,7.03,3.13,-0.02,-0.02,1.15,6.52
SRS6Jun6222sc.txt,25.36463,-81.07795,SRS,2,Mangrove,6,6,2022,0.851028021,0.647933936,0.41106054,0.340908308,0.139137703,0.168118541,33.26684113,25.32785616,16.06843175,13.32616815,5.438918272,6.571784548,1,1.53,0.65,11.75,0.34,809.92,9.72,3.5,-0.02,-0.02,1.08,5.63
SRS6June2013c.txt,25.36463,-81.07795,SRS,2,Mangrove,6,6,2013,1.902748638,1.300585305,0.569765483,0.784134997,0.319216167,0.197307392,37.5017619,25.63357002,11.22965432,15.45471817,6.29151348,3.888782104,1,1.51,0.64,13.28,0.44,981.67,11.78,3.74,-0.0177,-0.0163,1.08,5.69
SRS6Mar2012c.txt,25.36463,-81.07795,SRS,2,Mangrove,6,3,2012,2.290453345,1.587732087,0.692800702,0.961067714,0.401767616,0.217981019,37.23223154,25.80921757,11.26175139,15.62253855,6.53089265,3.543368295,1,1.55,0.66,14.02,0.42,1057.5,12.69,3.31,-0.0183,-0.017,1.08,5.91
SRS6Mar2013c.txt,25.36463,-81.07795,SRS,2,Mangrove,6,3,2013,2.298072323,1.641216967,1.034971663,0.963707704,0.453505481,0.12822777,35.24811955,25.17319028,15.87452429,14.7814688,6.955923562,1.966773509,1,1.55,0.68,11.71,0.26,647.92,7.78,3.34,-0.0191,-0.0178,1.08,6.3
SRS6MAR2014c.txt,25.36463,-81.07795,SRS,2,Mangrove,6,3,2014,1.288403821,0.938578189,0.449276314,0.558974672,0.25746787,0.11181466,35.74416068,26.03895537,12.46426353,15.5076228,7.142925813,3.102071801,1,1.52,0.68,11.48,0.27,718.5,8.62,3.13,-0.019,-0.0171,1.11,6.2
SRS6Mar20192sc.txt,25.36463,-81.07795,SRS,2,Mangrove,6,3,2019,1.370080965,0.98746568,0.42155449,0.581998799,0.27216958,0.113304817,36.56889852,26.3564951,11.25173167,15.53415861,7.264491657,3.024224447,1,1.51,0.69,18.7,0.25,650.83,7.81,3.2,-0.0193,-0.0164,1.18,6.18
SRS6Mar202sc.txt,25.36463,-81.07795,SRS,2,Mangrove,6,3,2020,1.330986494,0.982433278,0.570868941,0.518576796,0.275058993,0.020943258,35.98361932,26.56037852,15.43361316,14.01987932,7.43630242,0.566207264,1,1.53,0.7,10.37,0.3,762.17,9.15,3.24,-0.02,-0.02,1.15,6.85
SRS6Mar212sc.txt,25.36463,-81.07795,SRS,2,Mangrove,6,3,2021,1.405528126,1.058975245,0.619337054,0.552328958,0.34051332,0.192141868,33.71521402,25.40225014,14.85639522,13.24903335,8.168089438,4.609017831,1,1.52,0.68,12.15,0.33,935,11.22,2.94,-0.02,-0.02,1.05,7.02
SRS6Mar7222sc.txt,25.36463,-81.07795,SRS,2,Mangrove,6,3,2022,1.715949035,1.264349045,0.766621946,0.642822681,0.33141662,0.14771843,35.24321458,25.96797677,15.74535209,13.2026868,6.806837965,3.03393179,1,1.53,0.67,11.6,0.34,911.67,10.94,3.11,-0.02,-0.02,1.06,6.67
SRS6May192sc.txt,25.36463,-81.07795,SRS,2,Mangrove,6,5,2019,1.764794691,1.293625927,0.643232406,0.687389,0.307795017,0.228636264,35.82995139,26.26399226,13.05930143,13.95579587,6.249044462,4.641914586,1,1.49,0.71,10.62,0.22,592.25,7.11,3.13,-0.02,-0.02,1.08,7.02
SRS6May2012c.txt,25.36463,-81.07795,SRS,2,Mangrove,6,5,2012,0.940851206,0.719385654,0.400430453,0.387496404,0.159402317,0.15804291,34.01967613,26.01183567,14.4789253,14.01125076,5.763733061,5.714579069,1,1.52,0.67,12.86,0.29,655.08,7.86,3.69,-0.0175,-0.0167,1.04,5.73
SRS6May2013c.txt,25.36463,-81.07795,SRS,2,Mangrove,6,5,2013,1.453570307,1.041728091,0.519241595,0.656305395,0.267915469,0.123031534,35.78642547,25.64700484,12.78355822,16.15802415,6.595991213,3.028996111,1,1.52,0.68,12.2,0.25,601.17,7.21,3.47,-0.0184,-0.0169,1.09,5.98
SRS6May202sc.txt,25.36463,-81.07795,SRS,2,Mangrove,6,5,2020,1.193097294,0.865360562,0.373754413,0.555610974,0.245906296,0.074783025,36.06144064,26.15557731,11.29675059,16.79337659,7.432533239,2.260321621,1,1.51,0.68,10.84,0.3,738.75,8.87,3.4,-0.02,-0.02,1.13,6.26
SRS6May212sc.txt,25.36463,-81.07795,SRS,2,Mangrove,6,5,2021,1.334752769,0.970691629,0.510067058,0.541234041,0.285232473,0.119124579,35.48833757,25.80869882,13.56163655,14.39030269,7.583746222,3.167278143,1,1.49,0.69,12.04,0.25,714.06,8.57,2.92,-0.02,-0.02,1.12,6.24
SRS6May9222sc.txt,25.36463,-81.07795,SRS,2,Mangrove,6,5,2022,1.13820637,0.840785986,0.527170603,0.459208721,0.1971998,0.174718411,34.10570874,25.1936755,15.79636832,13.75992905,5.908980222,5.235338164,1,1.51,0.69,9.21,0.24,624.17,7.49,3.2,-0.02,-0.02,1.15,6.37
SRS6NOV2014c.txt,25.36463,-81.07795,SRS,2,Mangrove,6,11,2014,1.060127043,0.800390825,0.411250145,0.441027068,0.198427221,0.1921679,34.16028839,25.79085363,13.25164153,14.21113812,6.393885667,6.192192662,1,1.51,0.66,13.66,0.37,889.58,10.67,3.47,-0.0182,-0.0169,1.08,5.92
SRS6Nov20182sc.txt,25.36463,-81.07795,SRS,2,Mangrove,6,11,2018,1.904773622,1.327270438,0.529961498,0.767031948,0.332621388,0.110025348,38.31244161,26.69659564,10.65959687,15.42801012,6.69031603,2.213039735,1,1.5,0.65,17.4,0.33,714.5,8.57,3.85,-0.0189,-0.0173,1.1,6.21
SRS6Nov202sc.txt,25.36463,-81.07795,SRS,2,Mangrove,6,11,2020,2.07519887,1.476065122,0.826050916,0.778677223,0.342059076,0.107060138,37.02332999,26.3342694,14.73745774,13.89227038,6.10262768,1.910044806,1,1.5,0.67,9.49,0.28,778.83,9.35,2.96,-0.02,-0.02,1.1,5.86
SRS6Nov7222sc.txt,25.36463,-81.07795,SRS,2,Mangrove,6,11,2022,1.540455616,1.091861644,0.598928144,0.589014096,0.360815473,0.193766905,35.21168671,24.95773961,13.69028095,13.46366594,8.2475089,4.429117905,1,1.48,0.66,12.24,0.28,741.42,8.9,3.15,-0.02,-0.02,1.09,5.81
SRS6Oct2013c.txt,25.36463,-81.07795,SRS,2,Mangrove,6,10,2013,1.639363904,1.150083591,0.614896182,0.662408658,0.293333584,0.21420535,35.8386427,25.14233405,13.44243612,14.4811211,6.412656452,4.682809587,-9999,-9999,-9999,-9999,-9999,789.08,9.47,-9999,-9999,-9999,-9999,-9999
SRS6OCT2014c.txt,25.36463,-81.07795,SRS,2,Mangrove,6,10,2014,1.679777993,1.206534982,0.711435091,0.680541283,0.353726148,0.115809033,35.37995102,25.41237518,14.98444364,14.33374967,7.450278451,2.439202039,1,1.53,0.64,12.19,0.32,708.58,8.5,3.76,-0.0171,-0.0158,1.08,5.28
SRS6Oct202sc.txt,25.36463,-81.07795,SRS,2,Mangrove,6,10,2020,1.570879094,1.063718098,0.388117046,0.669482067,0.270085172,0.120680525,38.47400718,26.05260831,9.505771698,16.3969703,6.614932297,2.955710216,1,1.49,0.6,13.65,0.46,1086.67,13.04,3.54,-0.02,-0.02,1.04,5.6
SRS6Sep2013c.txt,25.36463,-81.07795,SRS,2,Mangrove,6,9,2013,2.833762986,1.893796795,1.110155672,1.001685007,0.481006876,0.207769364,37.64208916,25.1561151,14.74667394,13.30581158,6.389420644,2.759889579,1,1.53,0.64,15.27,0.44,960,11.52,3.82,-0.0174,-0.0166,1.05,5.58
SRS6SEP2014c.txt,25.36463,-81.07795,SRS,2,Mangrove,6,9,2014,2.425230868,1.660777466,0.753031131,0.998730694,0.346311072,0.159932425,38.22865144,26.17865529,11.86994814,15.74288373,5.458863907,2.52099749,1,1.49,0.63,13.34,0.39,799.83,9.6,4.06,-0.0171,-0.0162,1.06,5.36
SRS6Sep20c.txt,25.36463,-81.07795,SRS,2,Mangrove,6,9,2020,1.958827708,1.304855578,0.4958371,0.835560404,0.305691807,0.15498523,38.74449241,25.80929749,9.807374424,16.52690719,6.046409219,3.065519267,1,1.51,0.64,15.75,0.36,887.5,10.65,3.38,-0.02,-0.02,1.11,5.67
SRS6Sep7222sc.txt,25.36463,-81.07795,SRS,2,Mangrove,6,9,2022,2.290539529,1.576287378,0.863119466,0.858669515,0.327145846,0.182424612,37.56099599,25.84846196,14.15370763,14.08073592,5.364641671,2.991456833,1,1.5,0.65,9.98,0.27,756.5,9.08,2.97,-0.02,-0.02,1.1,5.89
T11Aug201sc.txt,-9999,-9999,SRS,3,Marsh,NA,8,2020,1.438053134,1.024198251,0.502819653,0.57801316,0.268935461,0.189524351,35.9374564,25.59507652,12.56564095,14.44475329,6.720792282,4.736280552,-9999,-9999,-9999,-9999,-9999,-9999,-9999,-9999,-9999,-9999,-9999,-9999
T11Mar212sc.txt,-9999,-9999,SRS,3,Marsh,NA,3,2021,3.552114143,2.651393297,1.8886846,1.198128934,0.682043046,0.193832867,34.94044216,26.08048345,18.57808403,11.78541934,6.708930126,1.906640894,-9999,-9999,-9999,-9999,-9999,-9999,-9999,-9999,-9999,-9999,-9999,-9999
T14Mar212sc.txt,-9999,-9999,SRS,3,Marsh,NA,3,2021,2.983833873,2.258645448,1.567140987,1.025511877,0.523029229,0.426277659,33.96726699,25.71189155,17.83996649,11.67418737,5.954042417,4.852645174,-9999,-9999,-9999,-9999,-9999,-9999,-9999,-9999,-9999,-9999,-9999,-9999
T14Sep202sc.txt,-9999,-9999,SRS,3,Marsh,NA,9,2020,3.036019769,2.238714141,1.427002919,1.008814441,0.58422802,0.262244243,35.47985766,26.16229969,16.67639354,11.78931479,6.827467721,3.064666613,-9999,-9999,-9999,-9999,-9999,-9999,-9999,-9999,-9999,-9999,-9999,-9999
T15Mar212sc.txt,-9999,-9999,SRS,3,Marsh,NA,3,2021,2.986900011,2.247730773,1.538550586,1.002765309,0.585937806,0.247762276,34.69248035,26.10711955,17.87007794,11.6469971,6.805596358,2.877728697,-9999,-9999,-9999,-9999,-9999,-9999,-9999,-9999,-9999,-9999,-9999,-9999
T15Sep202sc.txt,-9999,-9999,SRS,3,Marsh,NA,9,2020,3.076055997,2.26600602,1.47057712,1.043963667,0.606227864,0.270184838,35.22329709,25.94757811,16.83928214,11.95421749,6.941793055,3.093832115,-9999,-9999,-9999,-9999,-9999,-9999,-9999,-9999,-9999,-9999,-9999,-9999
T16Mar212sc.txt,-9999,-9999,SRS,3,Marsh,NA,3,2021,2.960867839,2.258101426,1.558559241,0.999726165,0.560444388,0.352350627,34.07193222,25.98490811,17.93498654,11.50426294,6.449265634,4.054644564,-9999,-9999,-9999,-9999,-9999,-9999,-9999,-9999,-9999,-9999,-9999,-9999
T16Sep202sc.txt,-9999,-9999,SRS,3,Marsh,NA,9,2020,3.018306448,2.223220828,1.436199265,0.998009787,0.590395258,0.26157961,35.39409789,26.0705455,16.8415561,11.70313773,6.923255773,3.067406995,-9999,-9999,-9999,-9999,-9999,-9999,-9999,-9999,-9999,-9999,-9999,-9999
T21Mar212sc.txt,-9999,-9999,SRS,3,Marsh,NA,3,2021,3.62236166,2.718227304,1.904353475,1.210517555,0.677696604,0.219366911,34.99013218,26.25666391,18.39506545,11.69297084,6.546197197,2.11897042,-9999,-9999,-9999,-9999,-9999,-9999,-9999,-9999,-9999,-9999,-9999,-9999
T21Sep202sc.txt,-9999,-9999,SRS,3,Marsh,NA,9,2020,3.220265109,2.295595512,1.483545632,1.136688114,0.599527624,0.239145681,35.88132001,25.578328,16.53018425,12.66537648,6.680146445,2.66464481,-9999,-9999,-9999,-9999,-9999,-9999,-9999,-9999,-9999,-9999,-9999,-9999
T22Mar212sc.txt,-9999,-9999,SRS,3,Marsh,NA,3,2021,3.593357694,2.694442762,1.865421258,1.210173393,0.674939511,0.206016486,35.0764793,26.30174166,18.20926713,11.81308002,6.588406669,2.011025231,-9999,-9999,-9999,-9999,-9999,-9999,-9999,-9999,-9999,-9999,-9999,-9999
T22Sep201sc.txt,-9999,-9999,SRS,3,Marsh,NA,9,2020,2.924971808,2.107622082,1.370563615,1.04198462,0.540898482,0.333656072,35.15719287,25.33291973,16.47372096,12.52431021,6.501420704,4.010435529,-9999,-9999,-9999,-9999,-9999,-9999,-9999,-9999,-9999,-9999,-9999,-9999
T23Mar212sc.txt,-9999,-9999,SRS,3,Marsh,NA,3,2021,3.572876751,2.739398837,1.84858924,1.201987868,0.58527644,0.523450116,34.11975086,26.16032187,17.65339492,11.47857299,5.589189808,4.998769555,-9999,-9999,-9999,-9999,-9999,-9999,-9999,-9999,-9999,-9999,-9999,-9999
T23Sep202sc.txt,-9999,-9999,SRS,3,Marsh,NA,9,2020,3.215525689,2.303022052,1.453745823,1.114359601,0.60120226,0.356261687,35.55378208,25.46431038,16.0739385,12.32137518,6.64744002,3.939153844,-9999,-9999,-9999,-9999,-9999,-9999,-9999,-9999,-9999,-9999,-9999,-9999
T24Mar212sc.txt,-9999,-9999,SRS,3,Marsh,NA,3,2021,3.563878901,2.685553371,1.856481886,1.212764875,0.613679507,0.370732515,34.59038537,26.06551138,18.01868853,11.77088379,5.956265973,3.598264962,-9999,-9999,-9999,-9999,-9999,-9999,-9999,-9999,-9999,-9999,-9999,-9999
T24Sep202sc.txt,-9999,-9999,SRS,3,Marsh,NA,9,2020,3.26000512,2.361059705,1.486866039,1.121041023,0.621621455,0.449217985,35.05452966,25.38825383,15.98813123,12.05444911,6.684237268,4.83039891,-9999,-9999,-9999,-9999,-9999,-9999,-9999,-9999,-9999,-9999,-9999,-9999
T25Mar212sc.txt,-9999,-9999,SRS,3,Marsh,NA,3,2021,3.805810715,2.915245641,2.009964921,1.251245452,0.642407759,0.556470118,34.03775596,26.07287307,17.97637891,11.19067409,5.745456133,4.97686183,-9999,-9999,-9999,-9999,-9999,-9999,-9999,-9999,-9999,-9999,-9999,-9999
T25Sep202sc.txt,-9999,-9999,SRS,3,Marsh,NA,9,2020,3.070504011,2.236313459,1.46753465,1.052283905,0.581259993,0.220169421,35.58739827,25.91906002,17.00884932,12.19605847,6.736851927,2.551781997,-9999,-9999,-9999,-9999,-9999,-9999,-9999,-9999,-9999,-9999,-9999,-9999
T26Mar212sc.txt,-9999,-9999,SRS,3,Marsh,NA,3,2021,4.201064465,3.225333892,2.229979341,1.372645843,0.67805858,0.573031584,34.21030591,26.26469078,18.15927275,11.17779424,5.521598546,4.666337773,-9999,-9999,-9999,-9999,-9999,-9999,-9999,-9999,-9999,-9999,-9999,-9999
T26Sep202sc.txt,-9999,-9999,SRS,3,Marsh,NA,9,2020,3.072857657,2.235848218,1.450701581,1.016073023,0.615526554,0.256069824,35.53637499,25.85669418,16.77678602,11.75047984,7.118319453,2.961345531,-9999,-9999,-9999,-9999,-9999,-9999,-9999,-9999,-9999,-9999,-9999,-9999
T31Mar212sc.txt,-9999,-9999,SRS,3,Marsh,NA,3,2021,3.908939135,2.969235741,2.073421206,1.259191271,0.715877751,0.220045949,35.06809423,26.63777438,18.60119273,11.29652743,6.422322669,1.974088569,-9999,-9999,-9999,-9999,-9999,-9999,-9999,-9999,-9999,-9999,-9999,-9999
T31Sep202sc.txt,-9999,-9999,SRS,3,Marsh,NA,9,2020,3.77862028,2.79832122,1.858902561,1.199583424,0.668004605,0.276853188,35.71378447,26.44844772,17.56949375,11.3379119,6.313672905,2.616689255,-9999,-9999,-9999,-9999,-9999,-9999,-9999,-9999,-9999,-9999,-9999,-9999
T34Mar212sc.txt,-9999,-9999,SRS,3,Marsh,NA,3,2021,3.169473059,2.398351994,1.679661926,1.040938167,0.616997024,0.189415874,34.84914238,26.37047502,18.46829946,11.44537332,6.784035306,2.082674511,-9999,-9999,-9999,-9999,-9999,-9999,-9999,-9999,-9999,-9999,-9999,-9999
T34Sep202sc.txt,-9999,-9999,SRS,3,Marsh,NA,9,2020,2.478252606,1.807043855,1.238764548,0.833021484,0.4587013,0.176538011,35.44248499,25.8432593,17.71606889,11.91337452,6.560071359,2.52474094,-9999,-9999,-9999,-9999,-9999,-9999,-9999,-9999,-9999,-9999,-9999,-9999
T35Mar212sc.txt,-9999,-9999,SRS,3,Marsh,NA,3,2021,3.436638646,2.631885647,1.865107601,1.129999059,0.67671563,0.235099859,34.45097587,26.38363769,18.69698376,11.32780438,6.78381297,2.356785335,-9999,-9999,-9999,-9999,-9999,-9999,-9999,-9999,-9999,-9999,-9999,-9999
T35Sep202sc.txt,-9999,-9999,SRS,3,Marsh,NA,9,2020,2.49699885,1.825405394,1.276119606,0.830627664,0.473744001,0.162010045,35.3436975,25.83764749,18.0627978,11.75709508,6.70559566,2.29316646,-9999,-9999,-9999,-9999,-9999,-9999,-9999,-9999,-9999,-9999,-9999,-9999
T36Mar212sc.txt,-9999,-9999,SRS,3,Marsh,NA,3,2021,3.241137499,2.456431509,1.744168924,1.066748581,0.633388594,0.229977287,34.58374463,26.21073621,18.61071697,11.38247314,6.758414101,2.453914948,-9999,-9999,-9999,-9999,-9999,-9999,-9999,-9999,-9999,-9999,-9999,-9999
T36Sep202sc.txt,-9999,-9999,SRS,3,Marsh,NA,9,2020,2.452486637,1.797743671,1.266680987,0.819172518,0.460734213,0.190146988,35.10088618,25.72996526,18.1292018,11.72429684,6.594196652,2.721453266,-9999,-9999,-9999,-9999,-9999,-9999,-9999,-9999,-9999,-9999,-9999,-9999
T41Mar212sc.txt,-9999,-9999,SRS,3,Marsh,NA,3,2021,4.722599856,3.630270839,2.601240669,1.508754425,0.840233724,0.444177403,34.35298412,26.40719949,18.92186129,10.97493296,6.112001154,3.23102099,-9999,-9999,-9999,-9999,-9999,-9999,-9999,-9999,-9999,-9999,-9999,-9999
T41Sep202sc.txt,-9999,-9999,SRS,3,Marsh,NA,9,2020,4.08187705,3.03153792,2.052750149,1.252495221,0.780310568,0.253273408,35.64259491,26.47112511,17.92443553,10.93667919,6.813603923,2.211561337,-9999,-9999,-9999,-9999,-9999,-9999,-9999,-9999,-9999,-9999,-9999,-9999
T42Mar212sc.txt,-9999,-9999,SRS,3,Marsh,NA,3,2021,4.807504248,3.688397372,2.602216377,1.523540799,0.861460016,0.328822061,34.8068696,26.70441038,18.84033823,11.03060615,6.237067068,2.380708575,-9999,-9999,-9999,-9999,-9999,-9999,-9999,-9999,-9999,-9999,-9999,-9999
T42Sep202sc.txt,-9999,-9999,SRS,3,Marsh,NA,9,2020,4.142866808,3.09402679,2.056599586,1.255538399,0.762413085,0.240881228,35.86175499,26.78271733,17.80247203,10.86827372,6.599650078,2.085131863,-9999,-9999,-9999,-9999,-9999,-9999,-9999,-9999,-9999,-9999,-9999,-9999
T43Mar212sc.txt,-9999,-9999,SRS,3,Marsh,NA,3,2021,4.725153637,3.627753122,2.577322094,1.51888313,0.900451917,0.28742686,34.64953317,26.60229948,18.89949285,11.13796406,6.603010393,2.107700045,-9999,-9999,-9999,-9999,-9999,-9999,-9999,-9999,-9999,-9999,-9999,-9999
T43Sep202sc.txt,-9999,-9999,SRS,3,Marsh,NA,9,2020,4.128288048,3.069943258,2.081036737,1.266841102,0.767407684,0.261007468,35.66702131,26.52327802,17.97945802,10.94508137,6.630144481,2.255016805,-9999,-9999,-9999,-9999,-9999,-9999,-9999,-9999,-9999,-9999,-9999,-9999
T44Mar212sc.txt,-9999,-9999,SRS,3,Marsh,NA,3,2021,4.348544309,3.37744936,2.326071936,1.420594862,0.708887154,0.647527313,33.89600834,26.32652298,18.13125223,11.07324472,5.525629535,5.047342199,-9999,-9999,-9999,-9999,-9999,-9999,-9999,-9999,-9999,-9999,-9999,-9999
T44Sep202sc.txt,-9999,-9999,SRS,3,Marsh,NA,9,2020,2.559798244,1.86063919,1.243512656,0.867555912,0.480705019,0.202413897,35.48068366,25.78982568,17.23599869,12.0249621,6.662924603,2.805605273,-9999,-9999,-9999,-9999,-9999,-9999,-9999,-9999,-9999,-9999,-9999,-9999
T45Mar212sc.txt,-9999,-9999,SRS,3,Marsh,NA,3,2021,4.313167679,3.307095694,2.293256139,1.397326408,0.794900622,0.282913194,34.81545035,26.69453972,18.51093006,11.27907649,6.416356881,2.283646496,-9999,-9999,-9999,-9999,-9999,-9999,-9999,-9999,-9999,-9999,-9999,-9999
T45Sep202sc.txt,-9999,-9999,SRS,3,Marsh,NA,9,2020,2.569666894,1.903976216,1.225739971,0.827415346,0.492887009,0.204623849,35.56972428,26.35513156,16.96688116,11.45321045,6.822617766,2.832434783,-9999,-9999,-9999,-9999,-9999,-9999,-9999,-9999,-9999,-9999,-9999,-9999
T46Mar212sc.txt,-9999,-9999,SRS,3,Marsh,NA,3,2021,4.113885229,3.140693353,2.216425582,1.342190175,0.726866147,0.409995882,34.42565543,26.28182878,18.54740692,11.23166397,6.08253321,3.430911696,-9999,-9999,-9999,-9999,-9999,-9999,-9999,-9999,-9999,-9999,-9999,-9999
T46Sep202sc.txt,-9999,-9999,SRS,3,Marsh,NA,9,2020,4.002780168,2.97503902,1.998903962,1.248425769,0.737602792,0.304491378,35.52581707,26.40432088,17.74084349,11.08013521,6.546435415,2.702447935,-9999,-9999,-9999,-9999,-9999,-9999,-9999,-9999,-9999,-9999,-9999,-9999
T53Mar212sc.txt,-9999,-9999,SRS,3,Marsh,NA,3,2021,4.331434815,3.323732083,2.356919098,1.385051548,0.831422591,0.315861843,34.52877161,26.49569736,18.78858271,11.04117472,6.627827036,2.517946568,-9999,-9999,-9999,-9999,-9999,-9999,-9999,-9999,-9999,-9999,-9999,-9999
T53Sep202sc.txt,-9999,-9999,SRS,3,Marsh,NA,9,2020,3.051648461,2.271454897,1.625687752,0.942478087,0.626892716,0.242156248,34.83490445,25.92890869,18.55740536,10.75849153,7.156049641,2.764240338,-9999,-9999,-9999,-9999,-9999,-9999,-9999,-9999,-9999,-9999,-9999,-9999
T54Mar212sc.txt,-9999,-9999,SRS,3,Marsh,NA,3,2021,4.35823469,3.366104913,2.350410593,1.389563845,0.761458183,0.507034943,34.22838839,26.4364713,18.45948472,10.91325602,5.9802852,3.982114364,-9999,-9999,-9999,-9999,-9999,-9999,-9999,-9999,-9999,-9999,-9999,-9999
T54Sep202sc.txt,-9999,-9999,SRS,3,Marsh,NA,9,2020,4.226988893,3.158556717,2.212358613,1.279628401,0.755573711,0.307960291,35.39875478,26.4512109,18.52731152,10.71619849,6.327522781,2.579001531,-9999,-9999,-9999,-9999,-9999,-9999,-9999,-9999,-9999,-9999,-9999,-9999
T55Mar212sc.txt,-9999,-9999,SRS,3,Marsh,NA,3,2021,4.305102578,3.327198428,2.325301846,1.389142048,0.746134285,0.511269926,34.15623332,26.39764413,18.4487015,11.02130763,5.919751332,4.056362089,-9999,-9999,-9999,-9999,-9999,-9999,-9999,-9999,-9999,-9999,-9999,-9999
T55Sep202sc.txt,-9999,-9999,SRS,3,Marsh,NA,9,2020,4.26582557,3.175514849,2.171438295,1.26775796,0.833164211,0.417688644,35.16353638,26.17601917,17.899337,10.45022878,6.867838259,3.443040408,-9999,-9999,-9999,-9999,-9999,-9999,-9999,-9999,-9999,-9999,-9999,-9999
T56Mar212sc.txt,-9999,-9999,SRS,3,Marsh,NA,3,2021,4.340278565,3.32173938,2.3654591,1.389878243,0.808263046,0.297853511,34.65715114,26.52410946,18.88820552,11.09818635,6.45398541,2.378362123,-9999,-9999,-9999,-9999,-9999,-9999,-9999,-9999,-9999,-9999,-9999,-9999
T56Sep202sc.txt,-9999,-9999,SRS,3,Marsh,NA,9,2020,4.147764755,3.095970756,2.130527204,1.268244172,0.756226152,0.405563714,35.13775401,26.22749005,18.04874317,10.74391976,6.40636344,3.43572957,-9999,-9999,-9999,-9999,-9999,-9999,-9999,-9999,-9999,-9999,-9999,-9999
T63Mar212sc.txt,-9999,-9999,SRS,3,Marsh,NA,3,2021,4.524674984,3.467356942,2.369048537,1.46355707,0.751751474,0.795458114,33.83732213,25.93027658,17.71668877,10.94506284,5.621897012,5.948752677,-9999,-9999,-9999,-9999,-9999,-9999,-9999,-9999,-9999,-9999,-9999,-9999
T64Mar212sc.txt,-9999,-9999,SRS,3,Marsh,NA,3,2021,4.390848236,3.37234364,2.381869037,1.439830602,0.805684246,0.351509627,34.4594162,26.46618302,18.69292949,11.29980343,6.323017164,2.758650693,-9999,-9999,-9999,-9999,-9999,-9999,-9999,-9999,-9999,-9999,-9999,-9999
T64Sep202sc.txt,-9999,-9999,SRS,3,Marsh,NA,9,2020,4.139990709,3.120478743,2.071085477,1.276949851,0.71240196,0.359861078,35.442796,26.71467143,17.73073063,10.93207117,6.098930918,3.080799852,-9999,-9999,-9999,-9999,-9999,-9999,-9999,-9999,-9999,-9999,-9999,-9999
T65Mar212sc.txt,-9999,-9999,SRS,3,Marsh,NA,3,2021,4.502471465,3.419260437,2.376657956,1.463249592,0.81564978,0.299785272,34.96501837,26.55308422,18.45650544,11.36321446,6.334123324,2.32805419,-9999,-9999,-9999,-9999,-9999,-9999,-9999,-9999,-9999,-9999,-9999,-9999
T65Sep202sc.txt,-9999,-9999,SRS,3,Marsh,NA,9,2020,3.855697636,2.867247643,1.952525165,1.184160316,0.735327825,0.257955292,35.52684265,26.41915043,17.99079203,10.91098971,6.775395377,2.376829806,-9999,-9999,-9999,-9999,-9999,-9999,-9999,-9999,-9999,-9999,-9999,-9999
T71Aug202sc.txt,-9999,-9999,SRS,3,Marsh,NA,8,2020,4.083628955,3.073706527,2.108018978,1.242760291,0.762774624,0.320849687,35.22878606,26.51635368,18.18552822,10.7210858,6.580329493,2.767916745,-9999,-9999,-9999,-9999,-9999,-9999,-9999,-9999,-9999,-9999,-9999,-9999
T71Mar212sc.txt,-9999,-9999,SRS,3,Marsh,NA,3,2021,4.756084338,3.618824407,2.540726086,1.531094268,0.895015708,0.281035322,34.91272922,26.56450719,18.65056957,11.23922029,6.569993055,2.06298068,-9999,-9999,-9999,-9999,-9999,-9999,-9999,-9999,-9999,-9999,-9999,-9999
T72Aug202sc.txt,-9999,-9999,SRS,3,Marsh,NA,8,2020,4.089344512,3.094076184,2.066541261,1.248696029,0.741492238,0.321162146,35.37093697,26.76232667,17.87462526,10.8006426,6.413564604,2.777903893,-9999,-9999,-9999,-9999,-9999,-9999,-9999,-9999,-9999,-9999,-9999,-9999
T72Mar212sc.txt,-9999,-9999,SRS,3,Marsh,NA,3,2021,4.830398524,3.683276223,2.599211083,1.55733587,0.892749488,0.270029011,34.91938447,26.6267344,18.78993021,11.25812078,6.453766178,1.952063958,-9999,-9999,-9999,-9999,-9999,-9999,-9999,-9999,-9999,-9999,-9999,-9999
T73Mar212sc.txt,-9999,-9999,SRS,3,Marsh,NA,3,2021,4.479357841,3.40203973,2.41375378,1.440431038,0.820699926,0.286831532,34.8775063,26.48921259,18.79414766,11.21559036,6.390194275,2.23334882,-9999,-9999,-9999,-9999,-9999,-9999,-9999,-9999,-9999,-9999,-9999,-9999
T73Sep202sc.txt,-9999,-9999,SRS,3,Marsh,NA,9,2020,3.478448064,2.59209408,1.826349492,1.082819334,0.623751221,0.213536943,35.43290589,26.40413882,18.60394879,11.03004411,6.353787068,2.175175323,-9999,-9999,-9999,-9999,-9999,-9999,-9999,-9999,-9999,-9999,-9999,-9999
T74Mar212sc.txt,-9999,-9999,SRS,3,Marsh,NA,3,2021,4.507509485,3.408739446,2.459264435,1.44707857,0.868155447,0.270867916,34.77583142,26.2987241,18.97344103,11.16433821,6.697895494,2.089769749,-9999,-9999,-9999,-9999,-9999,-9999,-9999,-9999,-9999,-9999,-9999,-9999
T74Sep202sc.txt,-9999,-9999,SRS,3,Marsh,NA,9,2020,3.502979206,2.602421276,1.853983081,1.113958054,0.608763855,0.237770677,35.31273126,26.23441298,18.68957891,11.22955606,6.136809029,2.396911753,-9999,-9999,-9999,-9999,-9999,-9999,-9999,-9999,-9999,-9999,-9999,-9999
T75Mar212sc.txt,-9999,-9999,SRS,3,Marsh,NA,3,2021,4.499553626,3.42198095,2.47121146,1.441351413,0.839980839,0.32214178,34.6220178,26.33058637,19.01484776,11.09054329,6.463270358,2.478734422,-9999,-9999,-9999,-9999,-9999,-9999,-9999,-9999,-9999,-9999,-9999,-9999
T75Sep202sc.txt,-9999,-9999,SRS,3,Marsh,NA,9,2020,3.657973841,2.698396166,1.858151499,1.140310833,0.62785692,0.273999261,35.66427735,26.30864885,18.11648561,11.11772899,6.121438886,2.671420314,-9999,-9999,-9999,-9999,-9999,-9999,-9999,-9999,-9999,-9999,-9999,-9999
T76Mar212sc.txt,-9999,-9999,SRS,3,Marsh,NA,3,2021,4.456568121,3.413692823,2.324971569,1.465060264,0.843653583,0.287981482,34.83890916,26.68630456,18.17530241,11.45300601,6.595202795,2.251275066,-9999,-9999,-9999,-9999,-9999,-9999,-9999,-9999,-9999,-9999,-9999,-9999
T76Sep202sc.txt,-9999,-9999,SRS,3,Marsh,NA,9,2020,4.941222783,3.713287155,2.46339977,1.549637825,0.859907595,0.474642111,35.28916203,26.51950698,17.59307715,11.06718371,6.141277126,3.389792992,-9999,-9999,-9999,-9999,-9999,-9999,-9999,-9999,-9999,-9999,-9999,-9999
T77Mar212sc.txt,-9999,-9999,SRS,3,Marsh,NA,3,2021,4.342522859,3.35088523,2.193781805,1.433503214,0.795097232,0.284645605,35.01911448,27.02231797,17.69116678,11.56010338,6.411849029,2.295448368,-9999,-9999,-9999,-9999,-9999,-9999,-9999,-9999,-9999,-9999,-9999,-9999
T77Sep202sc.txt,-9999,-9999,SRS,3,Marsh,NA,9,2020,3.674719177,2.70767738,1.831587128,1.127536182,0.652657402,0.298672148,35.70167043,26.30639262,17.79475298,10.95455822,6.340881668,2.901744071,-9999,-9999,-9999,-9999,-9999,-9999,-9999,-9999,-9999,-9999,-9999,-9999
T81Aug202sc.txt,-9999,-9999,SRS,3,Marsh,NA,8,2020,4.090223077,3.094805537,2.056604978,1.248161356,0.75550906,0.351749061,35.26950384,26.68613758,17.73385847,10.76274592,6.514664161,3.033090033,-9999,-9999,-9999,-9999,-9999,-9999,-9999,-9999,-9999,-9999,-9999,-9999
T81Mar212sc.txt,-9999,-9999,SRS,3,Marsh,NA,3,2021,4.732093507,3.616183622,2.533542832,1.52124378,0.840272179,0.370598264,34.75919189,26.56237039,18.6099242,11.17416728,6.172148092,2.722198149,-9999,-9999,-9999,-9999,-9999,-9999,-9999,-9999,-9999,-9999,-9999,-9999
T83Mar212sc.txt,-9999,-9999,SRS,3,Marsh,NA,3,2021,4.412933952,3.351198031,2.312263071,1.413491515,0.81840732,0.282756736,35.04817893,26.61571406,18.36433781,11.22616021,6.499912873,2.245696126,-9999,-9999,-9999,-9999,-9999,-9999,-9999,-9999,-9999,-9999,-9999,-9999
T83Sep202sc.txt,-9999,-9999,SRS,3,Marsh,NA,9,2020,4.888629775,3.599122773,2.332091263,1.522925866,0.809685243,0.396225877,36.0819614,26.56437794,17.21268142,11.24039963,5.976118673,2.924460931,-9999,-9999,-9999,-9999,-9999,-9999,-9999,-9999,-9999,-9999,-9999,-9999
T84Mar212sc.txt,-9999,-9999,SRS,3,Marsh,NA,3,2021,4.510525259,3.422108772,2.402295799,1.463699488,0.855349737,0.399068194,34.55534308,26.21693392,18.40409947,11.21346962,6.552873978,3.057279935,-9999,-9999,-9999,-9999,-9999,-9999,-9999,-9999,-9999,-9999,-9999,-9999
T84Sep202sc.txt,-9999,-9999,SRS,3,Marsh,NA,9,2020,4.84142849,3.592624696,2.330240825,1.50532491,0.829816493,0.361704762,35.96596148,26.68885881,17.31087259,11.18274448,6.164533482,2.687029164,1,1.49,0.69,5.4,1.49,819.25,9.83,15.16,1.03,-9999,1.03,-9999
T85Sep202sc.txt,-9999,-9999,SRS,3,Marsh,NA,9,2020,4.720053399,3.488172121,2.224941748,1.463374123,0.833394132,0.359691729,36.05949435,26.64836862,16.99774719,11.17964702,6.366828605,2.747914224,1,1.42,0.52,11.74,1.42,1245.83,14.95,9.5,1.09,-9999,1.09,-9999
TS1Apr5222sc.txt,25.42389,-80.5903,TS,3,Marsh,1,4,2022,2.832374208,1.997884141,0.319394788,1.123668931,0.281832509,0.472672258,40.30227657,28.4281925,4.544716247,15.98885342,4.01023695,6.725724313,-9999,-9999,-9999,-9999,-9999,-9999,-9999,-9999,-9999,-9999,-9999,-9999
TS1Aug201sc.txt,25.42389,-80.5903,TS,3,Marsh,1,8,2020,2.374546764,1.838956026,1.019683864,0.761595314,0.472299123,0.210157457,35.56180817,27.54066689,15.27104141,11.40584253,7.073270181,3.147370809,1,1.55,0.69,12.04,0.24,690.33,8.28,2.88,-0.02,-0.02,1.11,6.47
TS1Aug202sc.txt,25.42389,-80.5903,TS,3,Marsh,1,8,2020,1.82005534,1.389231046,0.759325058,0.591673818,0.37095918,0.177256392,35.62797382,27.19449583,14.86395094,11.58214194,7.261605555,3.469831912,1,1.52,0.68,10.64,0.24,690.33,8.28,2.88,-0.02,-0.02,1.01,7.08
TS1Aug212sc.txt,25.42389,-80.5903,TS,3,Marsh,1,8,2021,1.63833085,1.21274735,0.57368663,0.490060074,0.295909961,0.129524154,37.74730594,27.94181972,13.21779709,11.2910329,6.817794964,2.984249395,1,1.58,0.67,11.83,0.23,659.17,7.91,2.91,-0.02,-0.02,1.01,6.41
TS1Dec192sc.txt,25.42389,-80.5903,TS,3,Marsh,1,12,2019,-9999,-9999,-9999,-9999,-9999,-9999,-9999,-9999,-9999,-9999,-9999,-9999,1,1.6,0.71,10.49,0.19,647,7.76,2.49,-0.02,-0.02,0.98,8.41
TS1Dec202sc.txt,25.42389,-80.5903,TS,3,Marsh,1,12,2020,1.933675894,1.524151774,0.647719268,0.611551,0.378390431,0.166921006,36.74506785,28.9630028,12.30841658,11.62112174,7.190440814,3.171950221,1,1.55,0.7,9.73,0.23,657.08,7.88,2.85,-0.02,-0.02,1.05,7.66
TS1Dec7212sc.txt,25.42389,-80.5903,TS,3,Marsh,1,12,2021,1.833831611,1.476887151,0.881332874,0.58544353,0.396312801,0.28265336,33.60844146,27.06675742,16.15209604,10.72936277,7.263183543,5.180158764,-9999,-9999,-9999,-9999,-9999,618.42,7.42,-9999,-9999,-9999,-9999,-9999
TS1Dec7222sc.txt,25.42389,-80.5903,TS,3,Marsh,1,12,2022,1.787073272,1.419272004,0.561571707,0.600659492,0.268244749,0.344974433,35.87207093,28.48916539,11.27247574,12.05708812,5.384499237,6.924700584,1,1.62,0.7,10.01,0.19,699.58,8.39,2.26,-0.02,-0.02,1,8.38
TS1Feb1222sc.txt,25.42389,-80.5903,TS,3,Marsh,1,2,2022,1.701255405,1.343446472,0.609756268,0.54598549,0.296616053,0.269863951,35.68874884,28.18267239,12.79139995,11.45362358,6.222378948,5.661176289,1,1.58,0.69,11.94,0.19,700.83,8.41,2.26,-0.02,-0.02,0.98,7.81
TS1Feb202sc.txt,25.42389,-80.5903,TS,3,Marsh,1,2,2020,1.555428458,1.225096813,0.564463819,0.522316925,0.276615858,0.197666665,35.82625219,28.21770885,13.00132,12.03054873,6.371305236,4.552864994,1,1.62,0.71,10.97,0.19,647.58,7.77,2.49,-0.02,-0.02,1.05,8.01
TS1Feb212sc.txt,25.42389,-80.5903,TS,3,Marsh,1,2,2021,1.75449404,1.395246491,0.661179216,0.540771435,0.330201109,0.185885286,36.04301988,28.66290559,13.58277378,11.10920593,6.783405845,3.81868898,1,1.57,0.71,9.85,0.2,706.92,8.48,2.36,-0.02,-0.02,1.02,8.05
TS1Jan202sc.txt,25.42389,-80.5903,TS,3,Marsh,1,1,2020,1.74512636,1.436069107,0.819821347,0.591653486,0.270072114,0.392387095,33.20805618,27.32699745,15.60040234,11.25859001,5.139209486,7.46674453,1,1.61,0.7,11.15,0.2,732.67,8.79,2.31,-0.02,-0.02,1.01,7.81
TS1Jan212sc.txt,25.42389,-80.5903,TS,3,Marsh,1,1,2021,1.871144209,1.463786718,0.642325984,0.595214184,0.340269377,0.213917248,36.49832525,28.55245656,12.52913728,11.6101799,6.637255615,4.172645399,1,1.56,0.7,11.75,0.23,738.08,8.86,2.6,-0.02,-0.02,1.04,7.97
TS1Jan4222sc.txt,25.42389,-80.5903,TS,3,Marsh,1,1,2022,1.984258142,1.561234532,1.001009941,0.666050391,0.432587782,0.212535921,33.87449053,26.65279444,17.08885606,11.37055566,7.384971957,3.628331355,1,1.6,0.7,11.07,0.2,635.5,7.63,2.62,-0.02,-0.02,1.01,7.57
TS1Jul191sc.txt,25.42389,-80.5903,TS,3,Marsh,1,7,2019,1.790528195,1.428706399,0.527892603,0.603867223,0.314683902,0.202673085,36.77894313,29.34682153,10.84335453,12.40393661,6.463869914,4.163074278,-9999,-9999,-9999,-9999,-9999,696.5,8.36,-9999,-9999,-9999,-9999,-9999
TS1Jul202sc.txt,25.42389,-80.5903,TS,3,Marsh,1,7,2020,2.40014178,1.869450988,0.983604471,0.763573815,0.476266991,0.136174253,36.20553502,28.20019791,14.83742603,11.51831892,7.184367762,2.054154357,1,1.56,0.69,11.18,0.22,652.08,7.82,2.79,-0.02,-0.02,1.25,6.22
TS1Jul212sc.txt,25.42389,-80.5903,TS,3,Marsh,1,7,2021,1.730150334,1.347988065,0.798572653,0.564700015,0.355391579,0.131278448,35.10799236,27.3532038,16.20453556,11.45882148,7.211561087,2.663885714,1,1.54,0.62,12.19,0.3,-9999,-9999,-9999,-0.02,-0.01,1.07,4.95
TS1Jul7222sc.txt,25.42389,-80.5903,TS,3,Marsh,1,7,2022,2.20484101,1.525122338,0.663852102,0.815943325,0.27363763,0.30705795,38.07716761,26.33856075,11.46459434,14.09117964,4.725667679,5.302829981,1,1.61,0.7,10.4,0.18,577.75,6.93,2.63,-0.02,-0.02,0.99,7.12
TS1Jun15222sc.txt,25.42389,-80.5903,TS,3,Marsh,1,6,2022,1.79967017,1.418423569,0.602920343,0.575383701,0.353138122,0.191538657,36.4226475,28.70678334,12.20221098,11.6449103,7.146990355,3.876457523,1,1.51,0.69,9.17,0.2,695.42,8.35,2.4,-0.02,-0.02,0.92,7.07
TS1Jun202sc.txt,25.42389,-80.5903,TS,3,Marsh,1,6,2020,1.52819049,1.212912077,0.51022366,0.545010451,0.267834031,0.226529162,35.61634548,28.26839709,11.89138544,12.70213409,6.242199162,5.279538736,1,1.5,0.66,10.78,0.35,967.5,11.61,3,-0.02,-0.02,1.08,6.09
TS1Mar202sc.txt,25.42389,-80.5903,TS,3,Marsh,1,3,2020,2.394978027,1.799460145,0.97596304,0.803047372,0.482986014,0.218753233,35.87881102,26.95744586,14.62075772,12.03033371,7.235541917,3.277109777,1,1.63,0.73,10.13,0.2,662.67,7.95,2.53,-0.02,-0.02,1.08,7.71
TS1Mar212sc.txt,25.42389,-80.5903,TS,3,Marsh,1,3,2021,1.743919235,1.413154067,0.677101736,0.573107839,0.340635722,0.261004581,34.81625037,28.21273189,13.51791017,11.44173744,6.800577874,5.210792255,1,1.63,0.73,10.13,0.2,662.67,7.95,2.53,-0.02,-0.02,1.08,7.71
TS1Nov16222sc.txt,25.42389,-80.5903,TS,3,Marsh,1,11,2022,1.740175024,1.388181829,0.789798738,0.552359739,0.344309626,0.137161624,35.14094791,28.03282696,15.9491292,11.15430606,6.952959586,2.769830275,1,1.6,0.71,12.38,0.21,665.83,7.99,2.63,-0.02,-0.02,1.05,7.46
TS1Nov192sc.txt,25.42389,-80.5903,TS,3,Marsh,1,11,2019,1.679540194,1.31823893,0.588569509,0.532373709,0.309629374,0.198607369,36.29900683,28.49039522,12.72043901,11.50590916,6.691854592,4.292395184,1,1.6,0.71,10.58,0.22,684.58,8.21,2.71,-0.02,-0.02,1.1,6.99
TS1Nov202sc.txt,25.42389,-80.5903,TS,3,Marsh,1,11,2020,2.035870714,1.597798473,0.716618626,0.657296503,0.40626985,0.223919952,36.11125013,28.34094519,12.71102054,11.65879458,7.20621014,3.971779422,1,1.53,0.69,9.89,0.19,620.08,7.44,2.61,-0.02,-0.02,1.01,7.73
TS1Oct192sc.txt,25.42389,-80.5903,TS,3,Marsh,1,10,2019,1.641498912,1.282740088,0.738390576,0.509375769,0.346039378,0.183249431,34.91589462,27.28482937,15.70611308,10.83479893,7.360513223,3.897850775,1,1.59,0.7,10.91,0.2,617.25,7.41,2.75,-0.02,-0.02,1.07,7.3
TS1Oct202sc.txt,25.42389,-80.5903,TS,3,Marsh,1,10,2020,1.887071894,1.473340802,0.656341167,0.611428262,0.385474995,0.200098516,36.19409935,28.25872375,12.5886446,11.72721363,7.393422737,3.837895938,1,1.53,0.68,10.26,0.19,595.83,7.15,2.65,-0.02,-0.02,1.03,7.29
TS1Oct4222sc.txt,25.42389,-80.5903,TS,3,Marsh,1,10,2022,1.715530815,1.333373276,0.749040281,0.552112052,0.349921567,0.183766651,35.1273652,27.30227262,15.33741699,11.30509665,7.16502587,3.762822673,1,1.55,0.76,8.19,0.24,655.5,7.87,3.05,-0.02,-0.02,1.05,7.62
TS1Sep20c.txt,25.42389,-80.5903,TS,3,Marsh,1,9,2020,1.619579897,1.235784863,0.57109937,0.550741672,0.576672079,0.197314912,34.08785893,26.00999196,12.02012621,11.59165069,12.13741693,4.152955278,1,1.54,0.7,10.93,0.22,717.92,8.62,2.55,-0.02,-0.02,1.02,7.72
TS1Sep212sc.txt,25.42389,-80.5903,TS,3,Marsh,1,9,2021,1.933816036,1.563823256,0.955365288,0.618515342,0.393857074,0.220247656,34.01237603,27.50486273,16.80317197,10.87858203,6.927243667,3.873763567,1,1.57,0.67,12.1,0.22,622.58,7.47,2.95,-0.02,-0.02,0.98,6.57
TS1Sep7222sc.txt,25.42389,-80.5903,TS,3,Marsh,1,9,2022,1.505850655,1.133180076,0.602242199,0.447790722,0.261333096,0.173869571,36.51196452,27.47591906,14.60240809,10.85746379,6.336474797,4.215769732,1,1.57,0.69,8.78,0.2,713.92,8.57,2.33,-0.02,-0.02,1.02,6.6
TS2Apr211sc.txt,25.40357,-80.6069,TS,3,Marsh,2,4,2021,1.69506264,1.306250668,0.568762457,0.550746817,0.336327504,0.20883692,36.32806173,27.99516301,12.18954223,11.80343657,7.20806774,4.475728717,1,1.65,0.73,9.47,0.15,579.33,6.95,2.16,-0.02,-0.02,1.15,7.68
TS2Apr5222sc.txt,25.40357,-80.6069,TS,3,Marsh,2,4,2022,1.758089671,1.421288772,0.632107931,0.541195103,0.379353908,0.168746061,35.87365997,29.00126822,12.89810488,11.04303689,7.74068202,3.443248032,1,1.67,0.74,7.49,0.13,498.92,5.99,2.17,-0.02,-0.02,1.1,6.62
TS2April2013c.txt,25.40357,-80.6069,TS,3,Marsh,2,4,2013,1.076387723,0.883595516,0.323935129,0.354251251,0.242769744,0.260038509,34.26919154,28.13122384,10.31319361,11.27837462,7.729113477,8.27890291,1,1.63,0.7,9.95,0.17,451.08,5.41,3.14,-0.018,-0.0167,1.08,5.77
TS2April2018c.txt,25.40357,-80.6069,TS,3,Marsh,2,4,2018,1.668460902,1.274361991,0.33558998,0.654830965,0.276074766,0.175891829,38.04745354,29.06045242,7.652767974,14.93271475,6.29558763,4.01102369,1,1.63,0.73,9.34,0.14,493.83,5.93,2.36,-0.0213,-0.0205,1.04,8.19
TS2Aug2012c.txt,25.40357,-80.6069,TS,3,Marsh,2,8,2012,1.607480887,1.300363096,0.598375375,0.509069579,0.376128818,0.170424773,35.23753565,28.50521665,13.11696691,11.1592975,8.245107449,3.735875839,1,1.52,0.63,20.9,0.42,729.17,8.75,4.8,-0.0169,-0.016,1.06,5.33
TS2Aug2013c.txt,25.40357,-80.6069,TS,3,Marsh,2,8,2013,2.134067781,1.451462151,0.820923182,0.916569776,0.246816977,0.065585367,37.8687977,25.75603598,14.56719143,16.26442972,4.379740064,1.163805107,1,1.55,0.74,7.12,0.23,842.5,10.11,2.27,-0.0202,-0.0196,1.03,8.15
TS2Aug20182sc.txt,25.40357,-80.6069,TS,3,Marsh,2,8,2018,1.367551288,1.175205787,0.691694133,0.450945262,0.424375646,0.299567182,31.0148799,26.65265038,15.68702444,10.22704834,9.624472459,6.793924476,1,1.51,0.66,7.58,0.43,549,6.59,6.53,-0.0186,-0.0158,1.18,5.92
TS2Aug201sc.txt,25.40357,-80.6069,TS,3,Marsh,2,8,2020,1.787709419,1.223836463,0.601622496,0.689170421,0.437465942,0.284519911,35.58108885,24.35822818,11.9741963,13.71667774,8.706960079,5.662848858,1,1.49,0.72,7.74,0.19,616.25,7.4,2.61,-0.02,-0.02,1.2,6.71
TS2Aug202sc.txt,25.40357,-80.6069,TS,3,Marsh,2,8,2020,1.537898118,1.273574672,0.793902951,0.483352193,0.391228028,0.346427854,31.86439737,26.38776195,16.44922951,10.01478977,8.106028102,7.1777933,1,1.5,0.72,7.52,0.18,616.25,7.4,2.49,-0.02,-0.02,1.07,7.83
TS2Aug212sc.txt,25.40357,-80.6069,TS,3,Marsh,2,8,2021,1.125459667,0.908536954,0.569963739,0.357218596,0.319525201,0.205366408,32.2844775,26.06192093,16.34974761,10.24702711,9.165769743,5.891057108,1,1.58,0.72,9.97,0.17,683.83,8.21,2.07,-0.02,-0.02,1.01,7.33
TS2Aug2222sc.txt,25.40357,-80.6069,TS,3,Marsh,2,8,2022,1.326342229,1.062418901,0.485457572,0.423623492,0.245801651,0.213989504,35.29727639,28.27361806,12.91923738,11.2736782,6.541395295,5.694794677,1,1.6,0.75,6.13,0.16,710.75,8.53,1.88,-0.02,-0.02,1.08,8.64
TS2Dec1222sc.txt,25.40357,-80.6069,TS,3,Marsh,2,12,2022,1.113940898,0.939243485,0.534251806,0.365439883,0.352469223,0.309626549,30.81464936,25.9820415,14.77886492,10.10906582,9.750261926,8.565116463,1,1.65,0.76,7.15,0.15,655.58,7.87,1.9,-0.02,-0.02,0.96,8.92
TS2Dec192sc.txt,25.40357,-80.6069,TS,3,Marsh,2,12,2019,1.729187177,1.406838173,0.575879406,0.551180783,0.344381309,0.286258519,35.33478173,28.74779576,11.76770993,11.26301011,7.037201372,5.84950109,1,1.62,0.73,8.43,0.17,621.92,7.46,2.28,-0.02,-0.02,0.94,8.59
TS2Dec2012c.txt,25.40357,-80.6069,TS,3,Marsh,2,12,2012,1.408750914,1.155164756,0.660270556,0.498239112,0.364134745,0.158535855,33.18537284,27.21174674,15.55372518,11.73681629,8.577774226,3.734564719,3,1.63,0.73,9.4,0.16,609.08,7.31,2.19,-0.0189,-0.0186,1.02,7.74
TS2Dec2017c.txt,25.40357,-80.6069,TS,3,Marsh,2,12,2017,1.421130098,1.195640286,0.851652742,0.459994071,0.411841008,0.29723783,30.64434097,25.78202281,18.36449531,9.919018098,8.880676238,6.409446562,1,1.57,0.73,7.03,0.19,731.08,8.77,2.17,-0.0219,-0.0219,1,9.29
TS2Dec202sc.txt,25.40357,-80.6069,TS,3,Marsh,2,12,2020,0.996834075,0.830088866,0.545185811,0.320407208,0.305536373,0.209642769,31.07633499,25.87804762,16.99618552,9.988705219,9.525106458,6.535620189,1,1.49,0.75,7.1,0.14,519.17,6.23,2.32,-0.02,-0.02,1.09,8.37
TS2Feb2012c.txt,25.40357,-80.6069,TS,3,Marsh,2,2,2012,1.412197869,1.11650272,0.50959316,0.511552006,0.317552901,0.120505802,35.41202864,27.99722841,12.77846963,12.82758931,7.962901427,3.021782575,1,1.66,0.72,10.06,0.14,450.33,5.4,2.59,-0.0187,-0.0158,1.19,6.04
TS2Feb2013c.txt,25.40357,-80.6069,TS,3,Marsh,2,2,2013,1.533093047,1.221794545,0.436904451,0.559491841,0.284702636,0.116502221,36.91986043,29.42318742,10.52150838,13.47365101,6.856192851,2.805599924,1,1.63,0.72,11.85,0.13,445.67,5.35,2.43,-0.0208,-0.0247,0.84,8.83
TS2FEB2014c.txt,25.40357,-80.6069,TS,3,Marsh,2,2,2014,1.463370086,1.18156301,0.465850144,0.481352786,0.366166486,0.267228553,34.63162532,27.96247364,11.02465315,11.39153347,8.665573168,6.324141242,1,1.6,0.73,6.65,0.17,589.25,7.07,2.4,-0.0193,-0.0199,0.97,7.3
TS2Feb202sc.txt,25.40357,-80.6069,TS,3,Marsh,2,2,2020,1.746135974,1.385104559,0.604800607,0.553475487,0.31763579,0.197401972,36.3433491,28.82899113,12.5880687,11.51980895,6.611139441,4.108642679,1,1.61,0.7,11.17,0.19,652.25,7.83,2.39,-0.02,-0.02,0.98,7.97
TS2Feb212sc.txt,25.40357,-80.6069,TS,3,Marsh,2,2,2021,1.064380602,0.90211583,0.523197748,0.357223412,0.226833377,0.328709367,31.2826748,26.5136325,15.37704181,10.4989736,6.666745664,9.660931633,1,1.59,0.76,7.28,0.13,555.08,6.66,1.95,-0.02,-0.02,1.1,9.17
TS2Feb3222sc.txt,25.40357,-80.6069,TS,3,Marsh,2,2,2022,0.789224973,0.663553392,0.358020188,0.28603498,0.198457802,0.179514271,31.89038245,26.81234398,14.46659838,11.55787668,8.019126908,7.253671592,1,1.59,0.75,8.3,0.11,563.75,6.77,1.62,-0.02,-0.02,1.05,9.48
TS2Jan2018c.txt,25.40357,-80.6069,TS,3,Marsh,2,1,2018,1.386745749,1.15179502,0.77877189,0.462379859,0.369725872,0.19968775,31.88576466,26.4834884,17.90648159,10.63160669,8.501192205,4.591466457,1,1.56,0.73,8.64,0.17,665.42,7.99,2.13,-0.0219,-0.0222,0.98,9.54
TS2Jan202sc.txt,25.40357,-80.6069,TS,3,Marsh,2,1,2020,1.143886078,0.96114405,0.463700826,0.363451851,0.304177741,0.23407763,32.9608545,27.69517858,13.36144897,10.47279429,8.764822345,6.744901311,1,1.62,0.76,6.84,0.14,581.58,6.98,1.95,-0.02,-0.02,1.24,7.31
TS2Jan212sc.txt,25.40357,-80.6069,TS,3,Marsh,2,1,2021,1.060307423,0.893888507,0.60355063,0.358204479,0.30352308,0.19849648,31.02154896,26.1526096,17.65815745,10.48003394,8.880213312,5.807436737,1,1.56,0.76,8.77,0.15,589.25,7.07,2.12,-0.02,-0.02,1.05,9.16
TS2Jan5222sc.txt,25.40357,-80.6069,TS,3,Marsh,2,1,2022,1.030620246,0.876212856,0.357178053,0.349578245,0.228773574,0.149070224,34.45239048,29.29073785,11.94003106,11.68597866,7.647624362,4.983237587,1,1.6,0.77,8.55,0.13,538.75,6.47,2.01,-0.02,-0.02,0.93,10.15
TS2Jul191sc.txt,25.40357,-80.6069,TS,3,Marsh,2,7,2019,2.17033826,1.826468526,0.834345889,0.693415673,0.446393246,0.43389266,33.88583368,28.51694127,13.026774,10.82640831,6.96960818,6.774434554,-9999,-9999,-9999,-9999,-9999,696.5,8.36,-9999,-9999,-9999,-9999,-9999
TS2Jul2018c.txt,25.40357,-80.6069,TS,3,Marsh,2,7,2018,-9999,-9999,-9999,-9999,-9999,-9999,-9999,-9999,-9999,-9999,-9999,-9999,1,1.63,0.75,5.08,0.08,569.08,6.83,1.17,-0.0149,-0.008,1.86,3.43
TS2Jul202sc.txt,25.40357,-80.6069,TS,3,Marsh,2,7,2020,1.063527442,0.81076596,0.430966848,0.370360029,0.2558464,0.234534737,33.59213413,25.6085154,13.61233909,11.69803737,8.081057667,7.407916352,1,1.57,0.71,6.87,0.15,410.08,4.92,2.97,-0.02,-0.01,1.39,5.37
TS2Jul212sc.txt,25.40357,-80.6069,TS,3,Marsh,2,7,2021,1.538824633,1.184650734,0.550220944,0.479317423,0.275780731,0.218500009,36.23070268,27.89189074,12.95462199,11.28524113,6.493091845,5.14445162,1,1.59,0.68,10.28,0.2,577.75,6.93,2.89,-0.02,-0.02,1.09,6.31
TS2Jul6222sc.txt,25.40357,-80.6069,TS,3,Marsh,2,7,2022,1.189356767,1.014161127,0.537212285,0.391977605,0.274945955,0.418729198,31.08305641,26.50443366,14.03968953,10.24407676,7.185531587,10.94321204,1,1.54,0.74,6.07,0.17,618.42,7.42,2.29,-0.02,-0.02,1.1,8.22
TS2Jun06222sc.txt,25.40357,-80.6069,TS,3,Marsh,2,6,2022,0.96454018,0.778816771,0.286768112,0.338195183,0.195588107,0.364713529,32.93495093,26.59328524,9.791913165,11.54792927,6.678503244,12.45341815,1,1.54,0.72,6.13,0.12,548.08,6.58,1.82,-0.02,-0.02,0.94,6.27
TS2Mar212sc.txt,25.40357,-80.6069,TS,3,Marsh,2,3,2021,1.024704408,0.889307352,0.527693521,0.342281937,0.259279271,0.233003651,31.27655427,27.14389577,16.10653269,10.44730508,7.913855079,7.111857108,1,1.57,0.77,7.39,0.15,602.42,7.23,2.07,-0.02,-0.02,1.23,7.41
TS2March3222sc.txt,25.40357,-80.6069,TS,3,Marsh,2,3,2022,0.90021146,0.760591663,0.367876696,0.306129728,0.197479516,0.185714901,33.12031445,27.98346408,13.53481088,11.26303464,7.265608092,6.832767861,1,1.61,0.74,8.47,0.12,546.83,6.56,1.83,-0.02,-0.02,1.02,9.3
TS2May4222sc.txt,25.40357,-80.6069,TS,3,Marsh,2,5,2022,1.271213919,1.028131659,0.386956524,0.434385024,0.244302081,0.242826612,35.23500042,28.49734329,10.7255066,12.04011086,6.77146764,6.730571181,1,1.64,0.72,8.95,0.12,523.08,6.28,1.91,-0.02,-0.02,1,7.35
TS2Nov202sc.txt,25.40357,-80.6069,TS,3,Marsh,2,11,2020,0.938389753,0.780493324,0.545007126,0.296157668,0.288418648,0.211361481,30.66805562,25.50775156,17.81169158,9.678899202,9.425975844,6.907626202,1,1.52,0.74,6.54,0.14,607.67,7.29,1.92,-0.02,-0.02,1.09,8.52
TS2Nov2222sc.txt,25.40357,-80.6069,TS,3,Marsh,2,11,2022,1.061135267,0.930453158,0.540413201,0.355200114,0.343118883,0.210640495,30.83833935,27.04050194,15.70529809,10.32270061,9.971600122,6.121559882,1,1.6,0.78,7.22,0.17,824.17,9.89,1.67,-0.02,-0.02,1.03,9.56
TS2Oct202sc.txt,25.40357,-80.6069,TS,3,Marsh,2,10,2020,1.006609401,0.816439452,0.552228172,0.317884655,0.389597855,0.349506887,29.32783406,23.78718175,16.08931545,9.261654441,11.35103768,10.18297662,1,1.56,0.72,5.23,0.15,530.75,6.37,2.33,-0.02,-0.02,1.16,7.77
TS2Sep20c.txt,25.40357,-80.6069,TS,3,Marsh,2,9,2020,1.448531317,1.197290771,0.80092226,0.450490542,0.36950404,0.276941737,31.8801303,26.35068039,17.62716877,9.91466116,8.132262528,6.095096843,1,1.52,0.71,8.31,0.2,708.25,8.5,2.31,-0.02,-0.02,1.08,8.18
TS3Apr211sc.txt,25.25241,-80.66272,TS,3,Marsh,3,4,2021,2.258413907,1.828923924,0.91314241,0.602427121,0.545100754,0.496336269,33.99001882,27.52602541,13.74315293,9.066765453,8.203981041,7.470056336,1,1.59,0.71,7.11,0.27,579.33,6.95,3.88,-0.02,-0.02,1.11,7.49
TS3Aug16222sc.txt,25.25241,-80.66272,TS,3,Marsh,3,8,2022,2.204376956,1.72016933,0.771901715,0.625661108,0.453048612,0.488819082,35.19133331,27.4612979,12.32286995,9.988241136,7.232603609,7.803654096,1,1.56,0.68,7.32,0.26,896.33,10.76,2.42,-0.02,-0.02,0.98,7.41
TS3Aug202sc.txt,25.25241,-80.66272,TS,3,Marsh,3,8,2020,2.591225857,2.007768629,1.179760803,0.689603474,0.574831069,0.481883226,34.43456079,26.68105165,15.67773221,9.164076801,7.638876918,6.403701633,1,1.54,0.66,7.81,0.34,1091.67,13.1,2.58,-0.02,-0.02,1.04,6.93
TS3Aug212sc.txt,25.25241,-80.66272,TS,3,Marsh,3,8,2021,1.15728821,0.894473068,0.561301064,0.323849744,0.272558359,0.250713776,33.44585537,25.85044641,16.2217104,9.35932088,7.876989821,7.245677116,1,1.49,0.65,7.16,0.21,681.75,8.18,2.57,-0.02,-0.02,1.02,6.56
TS3Dec202sc.txt,25.25241,-80.66272,TS,3,Marsh,3,12,2020,1.082619889,0.793399129,0.413594807,0.332952918,0.246398655,0.343289723,33.70279908,24.6991319,12.87552799,10.36508325,7.67058174,10.68687604,1,1.49,0.66,6.08,0.16,456.5,5.48,2.83,-0.02,-0.02,1.05,6.48
TS3Dec6222sc.txt,25.25241,-80.66272,TS,3,Marsh,3,12,2022,1.287118682,1.057696515,0.500233332,0.383561348,0.227057239,0.44030383,33.03717354,27.1484703,12.83976034,9.845077212,5.828001334,11.30151728,1,1.54,0.68,6.59,0.19,703.08,8.44,2.25,-0.02,-0.02,1.01,7.56
TS3Feb16222Sc.txt,25.25241,-80.66272,TS,3,Marsh,3,2,2022,1.354334949,1.065074499,0.479248402,0.429954884,0.300768253,0.298707661,34.47821754,27.11431931,12.20054955,10.94565124,7.656860118,7.604402243,1,1.55,0.7,8.1,0.2,749.08,8.99,2.22,-0.02,-0.02,1.02,7.61
TS3Feb212sc.txt,25.25241,-80.66272,TS,3,Marsh,3,2,2021,1.640144145,1.280695601,0.647236651,0.481650771,0.400434176,0.422943165,33.65706896,26.28089751,13.28181346,9.883858841,8.217229385,8.679131847,1,1.57,0.71,7.06,0.22,727.58,8.73,2.52,-0.02,-0.02,1.04,7.32
TS3Jan13222sc.txt,25.25241,-80.66272,TS,3,Marsh,3,1,2022,1.428975323,1.134866462,0.485652319,0.437501175,0.280339502,0.464639068,33.7661662,26.81648097,11.47578733,10.33799335,6.624320282,10.97925187,1,1.54,0.7,6.37,0.19,784.58,9.41,2.02,-0.02,-0.02,1.01,7.51
TS3Jan212sc.txt,25.25241,-80.66272,TS,3,Marsh,3,1,2021,1.288423675,0.974973061,0.538306739,0.408394473,0.310860182,0.298065592,33.73699063,25.52937953,14.09540181,10.69368778,8.139781389,7.80475886,1,1.52,0.69,7.93,0.18,607,7.28,2.47,-0.02,-0.02,1.1,6.9
TS3Jul13222sc.txt,25.25241,-80.66272,TS,3,Marsh,3,7,2022,2.14524618,1.621669711,0.777607808,0.594090071,0.459011813,0.4581064,35.42505161,26.77908658,12.84085574,9.810375901,7.579790747,7.56483942,1,1.52,0.69,7.93,0.18,865.83,10.39,1.73,-0.02,-0.02,1.1,6.9
TS3Jul191sc.txt,25.25241,-80.66272,TS,3,Marsh,3,7,2019,2.34065818,1.952005623,1.095007843,0.596953348,0.657357994,0.580397544,32.40840287,27.02717774,15.16131473,8.265326716,9.101680403,8.03609754,1,1.49,0.66,7.37,0.28,820.42,9.85,2.81,-0.02,-0.02,1.09,6.67
TS3Jul212sc.txt,25.25241,-80.66272,TS,3,Marsh,3,7,2021,2.077942118,1.699582499,0.886280864,0.520243099,0.386685659,0.678139863,33.25306422,27.19821957,14.18304882,8.325389351,6.188085281,10.85219276,1,1.56,0.68,6.69,0.32,1028.13,12.34,2.59,-0.02,-0.02,1.02,7.08
TS3Jun16222sc.txt,25.25241,-80.66272,TS,3,Marsh,3,6,2022,1.827348993,1.380675952,0.665829704,0.509122287,0.321578365,0.520767112,34.97102855,26.42278969,12.74236596,9.743365991,6.154230102,9.966219708,1,1.48,0.64,6.82,0.3,695.42,8.35,3.59,-0.02,-0.02,0.96,6.15
TS3Jun212sc.txt,25.25241,-80.66272,TS,3,Marsh,3,6,2021,2.597639395,2.161809833,1.188658931,0.591760535,0.683291228,0.928023334,31.86824923,26.52142352,14.58265498,7.25981144,8.382724405,11.38513643,1,1.57,0.67,5.84,0.48,-9999,-9999,-9999,-0.02,-0.02,1.03,7.17
TS3Mar212sc.txt,25.25241,-80.66272,TS,3,Marsh,3,3,2021,1.541905923,1.247157366,0.619763052,0.459675706,0.297442455,0.338205337,34.23300685,27.68907364,13.75982314,10.20560423,6.603742444,7.508749697,1,1.55,0.71,7.78,0.22,804.17,9.65,2.28,-0.02,-0.02,1.1,7.39
TS3Marc10222sc.txt,25.25241,-80.66272,TS,3,Marsh,3,3,2022,1.565953071,1.249161118,0.560797148,0.473910627,0.342157033,0.33783181,34.56994426,27.57645234,12.38014504,10.46204019,7.553450847,7.457967317,1,1.55,0.7,7.51,0.25,1017.5,12.21,2.05,-0.02,-0.02,1.01,7.7
TS3May19222sc.txt,25.25241,-80.66272,TS,3,Marsh,3,5,2022,2.892043499,2.360568998,1.107418536,0.748657557,0.594583303,0.792661189,34.04032813,27.78469387,13.03468996,8.811952139,6.99844616,9.329889739,1,1.55,0.68,6.84,0.44,1777.5,21.33,2.06,-0.02,-0.02,1.04,7.51
TS3Nov15222sc.txt,25.25241,-80.66272,TS,3,Marsh,3,11,2022,1.401260328,1.09239558,0.549541424,0.400604764,0.256591417,0.431189862,33.91581872,26.44011947,13.30098837,9.696155863,6.210486243,10.43643133,1,1.48,0.64,6.58,0.19,760.5,9.13,2.08,-0.02,-0.02,1,6.81
TS3Nov202sc.txt,25.25241,-80.66272,TS,3,Marsh,3,11,2020,0.816925308,0.588266507,0.350294509,0.247569135,0.204719698,0.23921855,33.3848553,24.04037678,14.31530079,10.11727715,8.366171806,9.776018175,1,1.47,0.66,5.94,0.13,408.17,4.9,2.68,-0.02,-0.02,1.08,5.7
TS3Nov212sc.txt,25.25241,-80.66272,TS,3,Marsh,3,11,2021,1.373426338,0.993877065,0.525200937,0.439288473,0.227323328,0.495310734,33.87473446,24.51337995,12.95376519,10.83478594,5.606793147,12.21654131,-9999,-9999,-9999,-9999,-9999,553.67,6.64,-9999,-9999,-9999,-9999,-9999
TS3Oct10222sc.txt,25.25241,-80.66272,TS,3,Marsh,3,10,2022,1.084487723,0.791326889,0.423295185,0.308011355,0.28390966,0.218288618,34.87862048,25.45016384,13.61375678,9.906069855,9.130926118,7.020462917,1,1.44,0.66,7.14,0.18,755.25,9.06,1.99,-0.02,-0.02,1,6.85
TS3Oct202sc.txt,25.25241,-80.66272,TS,3,Marsh,3,10,2020,1.517320496,1.088594055,0.585973574,0.473365389,0.337384979,0.320654499,35.09640681,25.17974278,13.55387143,10.94918596,7.803888838,7.416904189,1,1.48,0.65,6.61,0.16,486.25,5.84,2.77,-0.02,-0.02,1.03,6.21
TS3Sep14222sc.txt,25.25241,-80.66272,TS,3,Marsh,3,9,2022,1.685180611,1.315539184,0.643938957,0.468275225,0.393027528,0.39443997,34.38862344,26.8455389,13.14053472,9.555854305,8.020312829,8.049135803,1,1.54,0.65,8.43,0.24,749.65,9,2.67,-0.02,-0.02,0.95,7.83
TS3Sep20c.txt,25.25241,-80.66272,TS,3,Marsh,3,9,2020,1.755702633,1.359683026,0.843583986,0.484823675,0.393104037,0.447364637,33.22512462,25.73080267,15.96408329,9.174860667,7.439147359,8.465981395,1,1.5,0.66,7.08,0.24,680.75,8.17,2.89,-0.02,-0.02,1.02,6.3
TS4Oct6222sc.txt,25.31472,-80.52209,TS,2,Mangrove,4,10,2022,0.850594655,0.705660414,0.434618147,0.271297384,0.337237413,0.312747738,29.20841904,24.23154783,14.9242755,9.316032778,11.58033574,10.73938912,-9999,-9999,-9999,-9999,-9999,655.5,7.87,-9999,-9999,-9999,-9999,-9999
TS61909262sc.txt,25.21418,-80.64908,TS,2,Mangrove,6,9,2019,1.703775695,1.163164518,0.588927287,0.526901784,0.384236551,0.36058316,36.03899783,24.6037572,12.45724381,11.14525362,8.127537122,7.627210408,1,1.52,0.75,5.21,0.25,962.5,11.55,2.17,-0.02,-0.02,1.38,7.57
TS6Apr191sc.txt,25.21418,-80.64908,TS,2,Mangrove,6,4,2019,0.797057307,0.672290804,0.398261584,0.30934524,0.198267693,0.299562517,29.79892827,25.13438531,14.88947945,11.56523695,7.412471721,11.1994983,1,1.49,0.66,9.31,0.52,1383.33,16.6,3.13,-0.02,-0.02,1.16,6.11
TS6Apr192sc.txt,25.21418,-80.64908,TS,2,Mangrove,6,4,2019,1.085167531,0.881072268,0.451573571,0.389482024,0.2847887,0.349455634,31.53145443,25.601107,13.12126566,11.3170864,8.275037403,10.1540491,1,1.54,0.61,9.2,0.26,1424.17,17.09,1.52,-0.02,-0.02,1.1,5.7
TS6Apr211sc.txt,25.21418,-80.64908,TS,2,Mangrove,6,4,2021,1.352897097,1.150863777,0.632198463,0.424620034,0.364745118,0.356349935,31.59738373,26.87882504,14.76521567,9.91714904,8.518749477,8.322677053,1,1.54,0.61,9.2,0.26,859.26,10.31,2.52,-0.02,-0.02,1.1,5.7
TS6Aug191sc.txt,25.21418,-80.64908,TS,2,Mangrove,6,8,2019,3.492403135,2.308588535,1.120094734,1.114124834,0.487866299,0.745804088,37.67879746,24.90687258,12.08446477,12.02005678,5.263486132,8.046322286,1,1.49,0.66,9.31,0.52,1383.33,16.6,3.13,-0.02,-0.02,1.16,6.11
TS6Aug202sc.txt,25.21418,-80.64908,TS,2,Mangrove,6,8,2020,2.487520004,1.812415702,0.900367263,0.789593835,0.521511488,0.318854599,36.41909607,26.53507971,13.18202941,11.56022612,7.635306225,4.668262462,1,1.47,0.64,8.01,0.42,1383.33,16.6,2.53,-0.02,-0.02,1.19,6.05
TS6Aug212sc.txt,25.21418,-80.64908,TS,2,Mangrove,6,8,2021,1.552997903,1.097816799,0.584900101,0.481789536,0.352342783,0.296376772,35.56844405,25.14339223,13.39601712,11.03446703,8.069736944,6.787942617,1,1.47,0.64,8.01,0.42,1227.5,14.73,2.85,-0.02,-0.02,1.19,6.05
TS6Aug23222sc.txt,25.21418,-80.64908,TS,2,Mangrove,6,8,2021,1.951965184,1.487949948,0.687269029,0.617433129,0.402012197,0.433235124,34.98230371,26.66641669,12.31694811,11.06537832,7.204694472,7.764258705,1,1.5,0.66,6.82,0.16,470.25,5.64,2.87,-0.02,-0.02,1.16,5.84
TS6Dec202sc.txt,25.21418,-80.64908,TS,2,Mangrove,6,12,2020,0.813440642,0.567280463,0.291639678,0.273629865,0.211908605,0.226688975,34.11241539,23.78945164,12.23019029,11.47493148,8.886591071,9.506420128,1,1.5,0.66,6.82,0.16,470.25,5.64,2.87,-0.02,-0.02,1.16,5.84
TS6Dec22222sc.txt,25.21418,-80.64908,TS,2,Mangrove,6,12,2022,1.645431845,1.005099239,0.402875418,0.615152678,0.253101727,0.271023152,39.24530972,23.97269207,9.609009701,14.67204943,6.036746954,6.464192114,1,1.51,0.7,6.16,0.25,855.83,10.27,2.43,-0.02,-0.02,1.15,7.98
TS6Feb212sc.txt,25.21418,-80.64908,TS,2,Mangrove,6,2,2021,1.086764463,0.876140935,0.458911005,0.342316015,0.282390843,0.503419035,30.61358107,24.68042751,12.92728069,9.64286139,7.954800945,14.1810484,1,1.52,0.71,5.18,0.22,763.42,9.16,2.4,-0.02,-0.02,1.23,7.18
TS6Feb23222sc.txt,25.21418,-80.64908,TS,2,Mangrove,6,2,2022,0.904584874,0.649280387,0.363421677,0.279177312,0.247192512,0.341153032,32.48282436,23.31507122,13.05014359,10.02500468,8.876459443,12.25049672,1,1.54,0.7,5.62,0.23,844.17,10.13,2.29,-0.02,-0.02,1.2,7.69
TS6Jan20222sc.txt,25.21418,-80.64908,TS,2,Mangrove,6,1,2022,1.055797605,0.803276992,0.382651913,0.343085788,0.227154686,0.328248844,33.62181655,25.58031155,12.18552909,10.92554801,7.233728449,10.45306635,1,1.52,0.68,6.24,0.3,968.33,11.62,2.58,-0.02,-0.02,1.16,7.75
TS6Jan202sc.txt,25.21418,-80.64908,TS,2,Mangrove,6,1,2020,1.369995659,1.038225872,0.567573403,0.407058094,0.37444582,0.304328346,33.73021682,25.56182098,13.97403986,10.02204472,9.219108548,7.492769069,1,1.54,0.69,6.57,0.18,968.33,11.62,1.55,-0.02,-0.02,1.2,6.72
TS6Jan212sc.txt,25.21418,-80.64908,TS,2,Mangrove,6,1,2021,0.887546614,0.668828318,0.370752898,0.292144537,0.216264069,0.293272009,32.5250611,24.50990357,13.58662234,10.70593787,7.925219849,10.74725527,1,1.54,0.69,6.57,0.18,566.25,6.8,2.65,-0.02,-0.02,1.2,6.72
TS6Jul18222sc.txt,25.21418,-80.64908,TS,2,Mangrove,6,7,2022,2.249560394,1.636196856,0.760709123,0.657938625,0.492526272,0.312090502,36.82357795,26.78328736,12.45222479,10.76995057,8.062277238,5.108682099,1,1.51,0.68,8.58,0.49,1354.17,16.25,3.02,-0.02,-0.02,1.2,6.52
TS6Jul202sc.txt,25.21418,-80.64908,TS,2,Mangrove,6,7,2020,2.072772318,1.535920883,0.732456957,0.664660618,0.458105556,0.3361117,35.73728104,26.48126655,12.62850718,11.45961044,7.898333481,5.795001297,1,1.59,0.9,3.02,0.16,1354.17,16.25,0.98,-0.03,-0.02,1.46,13.08
TS6Jul212sc.txt,25.21418,-80.64908,TS,2,Mangrove,6,7,2021,0.396198136,0.444401363,0.280366966,0.136109424,0.199797707,0.360602396,21.79936008,24.45156716,15.42617163,7.488925566,10.99314147,19.84083409,1,1.59,0.9,3.02,0.16,976.13,11.71,1.37,-0.03,-0.02,1.46,13.08
TS6Jun20222sc.txt,25.21418,-80.64908,TS,2,Mangrove,6,6,2022,2.159683053,1.442409861,0.443325979,0.732698399,0.280152096,0.45406647,39.17909047,26.16694443,8.042434097,13.29197672,5.082275527,8.237278753,1,1.51,0.68,9.02,0.6,1529.17,18.35,3.27,-0.02,-0.02,1.2,6.52
TS6Jun202sc.txt,25.21418,-80.64908,TS,2,Mangrove,6,6,2020,2.540653378,1.871884719,0.888210214,0.809574953,0.58978343,0.286448811,36.3648922,26.79266939,12.71313472,11.58761213,8.441691042,4.100000506,1,1.55,0.79,5.75,0.27,1091.67,13.1,2.09,-0.02,-0.02,1.29,8.53
TS6Mar202sc.txt,25.21418,-80.64908,TS,2,Mangrove,6,3,2020,1.058266317,0.906881153,0.453931128,0.3707318,0.32569117,0.320263816,30.80147213,26.39531666,13.21193611,10.79037008,9.479435695,9.321469312,1,1.48,0.73,7.2,0.25,1091.67,13.1,1.91,-0.02,-0.02,1.18,7.74
TS6Mar212sc.txt,25.21418,-80.64908,TS,2,Mangrove,6,3,2021,1.030020884,0.823652325,0.365949208,0.331630883,0.263769588,0.210763573,34.04142682,27.22109891,12.09435012,10.9601549,8.717389378,6.965579876,1,1.46,0.51,13.18,0.61,1178.33,14.14,4.31,-0.01,-0.01,0.99,4.33
TS6May202sc.txt,25.21418,-80.64908,TS,2,Mangrove,6,5,2020,2.487586829,1.175210374,0.294655872,1.246113167,0.281994678,0.259172402,43.30204188,20.45717891,5.129147957,21.69140145,4.908751417,4.511478387,1,1.48,0.71,7.63,0.3,1178.33,14.14,2.12,-0.02,-0.02,1.12,9.01
TS6May25222sc.txt,25.21418,-80.64908,TS,2,Mangrove,6,5,2022,1.63825333,1.230305558,0.541563991,0.578001662,0.389646699,0.242055617,35.46135776,26.63098849,11.72260363,12.51132738,8.434227328,5.239495419,1,1.52,0.61,10.24,0.55,1278.33,15.34,3.59,-0.02,-0.02,1.15,5.19
TS6Nov192sc.txt,25.21418,-80.64908,TS,2,Mangrove,6,11,2019,2.53221549,1.624595077,0.566756868,0.890674017,0.409817497,0.309293079,39.98223183,25.6514255,8.948766231,14.06323244,6.470783482,4.883560518,1,1.45,0.6,8.72,0.25,438.25,5.26,4.78,-0.02,-0.02,1.13,4.9
TS6Nov202sc.txt,25.21418,-80.64908,TS,2,Mangrove,6,11,2020,0.69957826,0.50441972,0.273984732,0.226081151,0.161823711,0.158352613,34.56004205,24.91896579,13.53518885,11.16869195,7.994293972,7.822817385,1,1.53,0.6,8.7,0.47,1096.67,13.16,3.55,-0.02,-0.01,1.19,5.09
TS6Oct192sc.txt,25.21418,-80.64908,TS,2,Mangrove,6,10,2019,2.316389232,1.490261821,0.487253299,0.807112609,0.386453187,0.397698155,39.3597789,25.3223314,8.279343491,13.71435051,6.566561339,6.757634358,1,1.52,0.65,5.58,0.17,478.33,5.74,2.99,-0.02,-0.02,1.16,5.75
TS6Oct202sc.txt,25.21418,-80.64908,TS,2,Mangrove,6,10,2020,0.990097953,0.722274624,0.392632717,0.294901278,0.268768064,0.294918168,33.4087042,24.37158785,13.24853795,9.950802883,9.068994336,9.95137278,1,1.56,0.81,4.74,0.17,685.96,8.23,2.07,-0.0249,-0.0195,1.28,10.05
TS6Oct31222sc.txt,25.21418,-80.64908,TS,2,Mangrove,6,10,2022,1.368552627,0.929737118,0.431929773,0.461117694,0.318427882,0.248587276,36.4136327,24.73789115,11.49252997,12.26914479,8.472539298,6.614262096,1,1.51,0.68,8.38,0.43,1190,14.28,3.01,-0.0197,-0.0171,1.16,6.57
TS6Oct3222sc.txt,25.21418,-80.64908,TS,2,Mangrove,6,10,2022,1.973226397,1.216017903,0.491348666,0.650620059,0.388191464,0.208727586,40.04004697,24.67502665,9.970282011,13.2021636,7.877050732,4.235430029,1,1.51,0.7,7.36,0.42,1143.33,13.72,3.06,-0.0196,-0.0169,1.16,6.5
TS6Sep20c.txt,25.21418,-80.64908,TS,2,Mangrove,6,9,2020,1.939284462,1.433136541,0.773067956,0.595281559,0.392899891,0.390406568,35.10603618,25.94345711,13.99451817,10.77612715,7.112498479,7.067362917,1,1.59,0.88,4.17,0.23,1061.67,12.74,1.81,-0.0243,-0.0175,1.39,9.25
TS71604I2sc.txt,25.1908,-80.63911,TS,2,Mangrove,7,4,2016,0.534647575,0.495983205,0.297938226,0.202788071,0.213392727,0.15931133,28.07932822,26.04870169,15.64751365,10.65029203,11.20724137,8.366923038,1,1.58,0.82,4.43,0.21,974.17,11.69,1.8,-0.0243,-0.0198,1.23,9.84
TS71605I2sc.txt,25.1908,-80.63911,TS,2,Mangrove,7,5,2016,1.611193053,1.19166952,0.444094763,0.578799123,0.351931022,0.223733676,36.60620048,27.07465334,10.08980389,13.15027812,7.995849726,5.083214446,1,1.51,0.72,5.68,0.27,976.67,11.72,2.3,-0.0212,-0.0172,1.23,7.05
TS71606I2sc.txt,25.1908,-80.63911,TS,2,Mangrove,7,6,2016,1.836758255,1.365102237,0.528154955,0.630976019,0.457771938,0.288091821,35.96652292,26.73078003,10.34207809,12.35547105,8.963871464,5.641276451,1,1.55,0.79,3.96,0.18,804.75,9.66,1.86,-0.0236,-0.0196,1.21,9.23
TS71607I2sc.txt,25.1908,-80.63911,TS,2,Mangrove,7,7,2016,0.662048291,0.641113952,0.383555868,0.22092348,0.363866706,0.315198727,25.5942511,24.78494651,14.82795944,8.540722918,14.06679235,12.18532769,1,1.51,0.72,6.18,0.27,842.58,10.11,2.67,-0.0199,-0.0168,1.18,6.45
TS71608I2sc.txt,25.1908,-80.63911,TS,2,Mangrove,7,8,2016,0.742962809,0.685827411,0.398844617,0.238040314,0.31692108,0.278098943,27.923635,25.77624893,14.99024093,8.94654586,11.91121341,10.45211588,1,1.52,0.67,7.65,0.26,913.33,10.96,2.37,-0.0198,-0.0168,1.18,6.44
TS71610I2sc.txt,25.1908,-80.63911,TS,2,Mangrove,7,10,2016,1.027477308,0.815872977,0.338437086,0.35450503,0.267980794,0.255380608,33.5814891,26.66553242,11.06128692,11.58644256,8.7585332,8.346715806,1,1.6,0.9,3.95,0.15,661.67,7.94,1.89,-0.028,-0.0209,1.34,12.97
TS71611I2sc.txt,25.1908,-80.63911,TS,2,Mangrove,7,11,2016,0.624866947,0.547318025,0.281815189,0.210312694,0.244734343,0.227823742,29.24214727,25.61305949,13.18821756,9.842086869,11.45293048,10.66155834,1,1.55,0.87,3.39,0.17,785.5,9.43,1.8,-0.0275,-0.0187,1.47,11.63
TS71612I2sc.txt,25.1908,-80.63911,TS,2,Mangrove,7,12,2016,1.098944105,0.818257722,0.303400604,0.398040224,0.292172905,0.25248222,34.74045701,25.86723662,9.591275469,12.58307791,9.236338952,7.981614032,1,1.53,0.9,3.34,0.14,769.33,9.23,1.52,-0.0301,-0.0232,1.3,14.72
TS71701I2sc.txt,25.1908,-80.63911,TS,2,Mangrove,7,1,2017,0.974647956,0.67172663,0.264290072,0.373047726,0.21806758,0.161115456,36.60106022,25.22542287,9.924913691,14.00910165,8.189115426,6.050386146,1,1.56,0.88,4.1,0.16,768.92,9.23,1.73,-0.0288,-0.0231,1.25,13.48
TS71702I2sc.txt,25.1908,-80.63911,TS,2,Mangrove,7,2,2017,0.380420013,0.394495626,0.242832746,0.13835043,0.183870171,0.173922215,25.12862301,26.05838688,16.04030368,9.138730041,12.14553403,11.48842236,1,1.53,0.67,9.16,0.54,1455,17.46,3.09,-0.0191,-0.017,1.12,6.33
TS71703I2sc.txt,25.1908,-80.63911,TS,2,Mangrove,7,3,2017,0.470836344,0.479787709,0.346597334,0.164018336,0.256052961,0.227847778,24.20577603,24.66596721,17.81862755,8.432210401,13.16372601,11.7136928,1,1.51,0.66,9.79,0.58,1471.67,17.66,3.28,-0.0191,-0.017,1.12,6.25
TS71704I2sc.txt,25.1908,-80.63911,TS,2,Mangrove,7,4,2017,0.361666773,0.38252833,0.275374151,0.131702389,0.219276754,0.183757514,23.26869958,24.61087793,17.71685673,8.473389168,14.10769606,11.82248053,1,1.53,0.54,8.23,0.7,1687.75,20.25,3.46,-0.0151,-0.0144,1.05,4.41
TS71705I2sc.txt,25.1908,-80.63911,TS,2,Mangrove,7,5,2017,0.453668701,0.475419496,0.325678072,0.163712591,0.249311651,0.170636269,24.67700678,25.86012677,17.71504176,8.905037342,13.56114118,9.281646169,1,1.5,0.59,8.09,0.42,986.75,11.84,3.55,-0.0164,-0.0149,1.1,4.71
TS71706I2sc.txt,25.1908,-80.63911,TS,2,Mangrove,7,6,2017,2.033084268,1.455654966,0.74669746,0.731157932,0.455379781,0.212571544,36.08248624,25.83446792,13.25213188,12.97634163,8.081925061,3.772647269,1,1.49,0.63,8.71,0.36,890.83,10.69,3.37,-0.018,-0.0163,1.1,5.43
TS71708I2sc.txt,25.1908,-80.63911,TS,2,Mangrove,7,8,2017,2.369897486,1.709057819,0.839301095,0.784079525,0.496399749,0.300709166,36.46307561,26.2954431,12.91342746,12.06379227,7.637571534,4.626690023,1,1.54,0.8,4.52,0.25,1087.5,13.05,1.95,-0.02,-0.02,1.23,8.48
TS71709I2sc.txt,25.1908,-80.63911,TS,2,Mangrove,7,9,2017,2.990312777,1.671588735,0.609527966,0.981625379,0.475052312,0.495555697,41.39607333,23.14045888,8.437934849,13.58902536,6.576335584,6.860171997,1,1.49,0.63,8.71,0.36,890.83,10.69,3.37,-0.018,-0.0163,1.1,5.43
TS71710I2sc.txt,25.1908,-80.63911,TS,2,Mangrove,7,10,2017,1.908795204,1.193282277,0.496846584,0.663779787,0.356021787,0.369369464,38.26701706,23.92260477,9.960647772,13.3072801,7.137429821,7.405020472,1,1.54,0.71,6.5,0.28,826.25,9.92,2.82,-0.0197,-0.0155,1.27,6.32
TS71711I2sc.txt,25.1908,-80.63911,TS,2,Mangrove,7,11,2017,1.583333089,1.038340856,0.534212583,0.531162029,0.33064494,0.256463368,37.04433737,24.29346625,12.49866582,12.42729375,7.735910281,6.000326524,1,1.57,0.89,3.28,0.15,715,8.58,1.75,-0.0265,-0.0156,1.7,9.91
TS71909262sc.txt,25.1908,-80.63911,TS,2,Mangrove,7,9,2019,0.890273073,0.819264461,0.507469233,0.258695032,0.426543651,0.348064903,27.39040204,25.20573029,15.61294701,7.95908711,13.12316684,10.70866671,1,1.52,0.91,2.94,0.19,954.17,11.45,1.7,-0.02,-0.01,2.25,6.62
ts720140128c.txt,25.1908,-80.63911,TS,2,Mangrove,7,1,2014,0.789171878,0.676339203,0.406455938,0.280638042,0.308777922,0.182776066,29.84585507,25.57861272,15.37184151,10.61350839,11.67773632,6.912445995,1,1.57,0.87,3.83,0.15,725.13,8.7,1.72,-0.026,-0.0198,1.32,11.03
ts720140205c.txt,25.1908,-80.63911,TS,2,Mangrove,7,2,2014,1.264722188,0.933565919,0.498417877,0.448498863,0.382042277,0.266280206,33.33895023,24.6094423,13.13863942,11.82273972,10.07089823,7.019330102,1,1.52,0.69,5.54,0.2,826.25,9.92,2.02,-0.02,-0.02,1.26,6.22
ts720140507c.txt,25.1908,-80.63911,TS,2,Mangrove,7,5,2014,0.360860813,0.373719569,0.269411358,0.144026976,0.234794521,0.184032801,23.03103203,23.85170975,17.19450102,9.192158787,14.98516862,11.74542979,1,1.54,0.67,7.42,0.33,748.58,8.98,3.67,-0.0188,-0.0148,1.27,5.81
TS7Apr192sc.txt,25.1908,-80.63911,TS,2,Mangrove,7,4,2019,0.442744444,0.466299728,0.316538724,0.169840062,0.218409985,0.306398574,23.05682624,24.283516,16.48440416,8.844770021,11.37414856,15.95633503,1,1.59,0.87,4.55,0.16,754.83,9.06,1.77,-0.0275,-0.0198,1.39,12.63
TS7APR2014c.txt,25.1908,-80.63911,TS,2,Mangrove,7,4,2014,0.371156965,0.369390946,0.227396133,0.154786379,0.193312973,0.177843593,24.84504971,24.72683333,15.22177614,10.36131785,12.94026753,11.90475544,1,1.53,0.96,3.76,0.15,915,10.98,1.37,-0.0305,-0.0249,1.23,17.01
TS7Apr211sc.txt,25.1908,-80.63911,TS,2,Mangrove,7,4,2011,0.870147064,0.618161961,0.33494655,0.336921711,0.214698677,0.290335637,32.64832946,23.19372919,12.56735301,12.64146199,8.055595915,10.89353044,1,1.46,0.57,14.68,0.61,1163.33,13.96,4.37,-0.0161,-0.0147,1.09,4.64
TS7April2012c.txt,25.1908,-80.63911,TS,2,Mangrove,7,4,2012,1.179244861,0.826493619,0.505155616,0.507323986,0.350716842,0.206022678,32.98626145,23.11897679,14.13039459,14.19104903,9.810377671,5.762940468,1,1.48,0.6,10.68,0.54,1161.67,13.94,3.87,-0.0167,-0.0155,1.08,4.89
TS7April2013c.txt,25.1908,-80.63911,TS,2,Mangrove,7,4,2013,0.442501496,0.446669715,0.27217394,0.177968654,0.21018158,0.151668229,26.01169529,26.25671697,15.99928061,10.4615836,12.35516548,8.915558043,1,1.58,0.82,4.43,0.21,1085.83,13.03,1.61,-0.0243,-0.0198,1.23,9.84
TS7April2018c.txt,25.1908,-80.63911,TS,2,Mangrove,7,4,2018,0.434358908,0.495375908,0.383245431,0.160772885,0.298207077,0.177481691,22.2811928,25.41116552,19.65923842,8.24712368,15.29704872,9.10423085,1,1.58,0.88,4.64,0.24,1115,13.38,1.78,-0.03,-0.02,1.38,10.02
TS7Aug2012c.txt,25.1908,-80.63911,TS,2,Mangrove,7,8,2012,2.4802712,1.483062883,0.764312891,0.974272873,0.297992046,0.221117373,39.86914535,23.83950982,12.28595556,15.66095948,4.790076261,3.554353523,1,1.46,0.59,12.38,0.61,1163.33,13.96,4.37,-0.02,-0.02,1.13,5.22
TS7Aug2013c.txt,25.1908,-80.63911,TS,2,Mangrove,7,8,2013,2.318439085,1.41232313,0.478943791,0.919550718,0.371949854,0.271883459,40.15941325,24.46390271,8.296142762,15.92822409,6.442820938,4.709496252,-9999,-9999,-9999,-9999,-9999,1161.67,13.94,-9999,-9999,-9999,-9999,-9999
TS7Aug202sc.txt,25.1908,-80.63911,TS,2,Mangrove,7,8,2020,0.874410458,0.910832893,0.577236031,0.265463942,0.430617726,0.246197948,26.45912935,27.56125011,17.46681168,8.032777645,13.03023085,7.449800361,1,1.57,0.79,5.1,0.18,685.58,8.23,2.19,-0.0222,-0.0161,1.37,8.07
TS7Aug212sc.txt,25.1908,-80.63911,TS,2,Mangrove,7,8,2021,2.146829046,1.304163352,0.641551971,0.758305308,0.370634772,0.195160207,39.63392806,24.07695973,11.84408451,13.9995395,6.842515895,3.602972314,1,1.49,0.63,6.84,0.34,993.33,11.92,2.85,-0.0188,-0.0166,1.13,5.77
TS7Aug23222sc.txt,25.1908,-80.63911,TS,2,Mangrove,7,8,2022,1.43377515,1.10790692,0.561050116,0.492396108,0.358228602,0.34854955,33.32883148,25.75385899,13.04189487,11.44599759,8.327205767,8.102211299,1,1.53,0.68,7.29,0.43,1161.67,13.94,3.08,-0.02,-0.02,1.17,6.51
TS7Dec2012c.txt,25.1908,-80.63911,TS,2,Mangrove,7,12,2012,0.629406293,0.580666522,0.391003282,0.226877609,0.28348793,0.183696114,27.42346479,25.29985496,17.0361575,9.885141292,12.35167388,8.003707582,1,1.57,0.86,3.67,0.17,712.58,8.55,1.99,-0.0254,-0.0193,1.31,10.5
TS7Dec2017c.txt,25.1908,-80.63911,TS,2,Mangrove,7,12,2017,1.783409726,1.191954824,0.62653222,0.607153906,0.41322161,0.302214643,36.21513778,24.20464997,12.72279182,12.32928251,8.391160664,6.136977252,1,1.58,0.88,4.63,0.16,717.58,8.61,1.86,-0.0269,-0.024,1.12,13.64
TS7Dec202sc.txt,25.1908,-80.63911,TS,2,Mangrove,7,12,2020,1.207979307,0.750564888,0.348997564,0.428879757,0.275950685,0.322481889,36.22285335,22.50667849,10.46515244,12.8605254,8.274745382,9.670044934,1,1.54,0.71,6.49,0.27,868.33,10.42,2.59,-0.021,-0.0171,1.23,7.09
TS7Dec21222sc.txt,25.1908,-80.63911,TS,2,Mangrove,7,12,2022,1.522008433,0.982419,0.42636171,0.578965459,0.238919904,0.294099643,37.64762455,24.30061547,10.54626587,14.32099437,5.909800931,7.274698811,1,1.52,0.72,6.5,0.24,1008.33,12.1,1.98,-0.02,-0.02,1.29,6.29
TS7Feb2012c.txt,25.1908,-80.63911,TS,2,Mangrove,7,2,2012,0.539552037,0.50760579,0.418690958,0.208007585,0.365245372,0.263858525,23.42862985,22.041448,18.18055501,9.032182987,15.85982084,11.45736331,-9999,-9999,-9999,-9999,-9999,712.58,8.55,-9999,-9999,-9999,-9999,-9999
TS7Feb2013c.txt,25.1908,-80.63911,TS,2,Mangrove,7,2,2013,0.501872664,0.509150486,0.364160293,0.185942755,0.274982705,0.144728026,25.33639477,25.70380621,18.38416317,9.387080411,13.88214755,7.306407898,1,1.49,0.67,7.46,0.32,1042.5,12.51,2.55,-0.02,-0.02,1.21,7.09
TS7Feb2018c.txt,25.1908,-80.63911,TS,2,Mangrove,7,2,2018,1.451153715,1.118693174,0.635607148,0.479816356,0.431752726,0.294515105,32.8945062,25.35834708,14.407835,10.87639575,9.786897536,6.676018434,1,1.59,0.86,4.38,0.18,885.83,10.63,1.69,-0.0269,-0.0226,1.19,12.76
TS7Feb212sc.txt,25.1908,-80.63911,TS,2,Mangrove,7,2,2021,1.104961715,0.84548756,0.43884052,0.374250484,0.233194745,0.401211269,32.51851617,24.88231088,12.91487511,11.01401998,6.862814331,11.80746353,1,1.56,0.83,4.01,0.18,873.33,10.48,1.76,-0.03,-0.02,1.19,12.13
TS7Feb23222sc.txt,25.1908,-80.63911,TS,2,Mangrove,7,2,2022,1.035451621,0.768997615,0.379855567,0.366726581,0.235918065,0.263249254,33.94702187,25.21139407,12.45346955,12.02303905,7.734514628,8.630560826,1,1.49,0.67,8.09,0.23,850.83,10.21,2.25,-0.02,-0.02,1.23,5.59
TS7Jan2018c.txt,25.1908,-80.63911,TS,2,Mangrove,7,1,2018,0.692681937,0.694615573,0.507918493,0.225718808,0.360284479,0.252775428,25.33589157,25.40661721,18.57788861,8.256007476,13.17795079,9.245644353,1,1.59,0.86,4.38,0.18,885.83,10.63,1.69,-0.0269,-0.0226,1.19,12.76
TS7Jan20222sc.txt,25.1908,-80.63911,TS,2,Mangrove,7,1,2022,1.230148432,0.859786576,0.365455528,0.437378391,0.27347852,0.148182994,37.11492679,25.94070357,11.02619394,13.19618554,8.251146769,4.470843394,1,1.51,0.66,8.89,0.29,920.83,11.05,2.62,-0.02,-0.02,1.15,6.19
TS7Jan202sc.txt,25.1908,-80.63911,TS,2,Mangrove,7,1,2020,0.625736538,0.600793956,0.395921267,0.201692925,0.315539176,0.230080439,26.40501156,25.3524773,16.70720024,8.511096431,13.31521351,9.709000968,1,1.49,0.62,10.19,0.69,1855.83,22.27,3.1,-0.0184,-0.0162,1.14,5.76
TS7Jan212sc.txt,25.1908,-80.63911,TS,2,Mangrove,7,1,2021,1.139465362,0.800676806,0.389072909,0.400077891,0.219721698,0.282923243,35.25641254,24.77389198,12.03837822,12.37888542,6.798450462,8.753981375,1,1.48,0.64,9.33,0.63,1533.33,18.4,3.44,-0.02,-0.02,1.15,5.94
TS7Jul18222sc.txt,25.1908,-80.63911,TS,2,Mangrove,7,7,2022,0.966607569,0.887049904,0.496665368,0.298802187,0.366210651,0.239902877,29.69390882,27.24992007,15.25741845,9.179117952,11.24988676,7.369747944,1,1.52,0.72,6.34,0.35,358.25,4.3,8.14,-0.02,-0.02,1.31,7.65
TS7Jul191sc.txt,25.1908,-80.63911,TS,2,Mangrove,7,7,2019,3.413496268,2.455766052,1.195163858,1.152818901,0.773574913,0.478668613,36.04731375,25.93346013,12.62120805,12.17403546,8.169130825,5.054851779,1,1.47,0.57,14.43,0.66,1206.67,14.48,4.56,-0.0158,-0.0152,1.04,4.7
TS7Jul20182sc.txt,25.1908,-80.63911,TS,2,Mangrove,7,7,2018,3.794067087,2.570857216,0.974553496,1.209402631,0.582421639,0.515023869,39.33173222,26.65115437,10.10284643,12.53744316,6.037756168,5.339067664,1,1.5,0.61,10.15,0.61,932.5,11.19,5.45,-0.0169,-0.0153,1.1,5
TS7Jul202sc.txt,25.1908,-80.63911,TS,2,Mangrove,7,7,2020,2.605303406,1.781594147,0.782238449,0.91343313,0.525943128,0.314602274,37.63195587,25.73399787,11.29893843,13.19396242,7.596915027,4.544230385,1,1.51,0.58,61.88,0.55,1449.17,17.39,3.16,-0.02,-0.02,1.16,5.95
TS7Jul212sc.txt,25.1908,-80.63911,TS,2,Mangrove,7,7,2021,1.181648326,0.95045815,0.551690922,0.385499833,0.317359054,0.321974575,31.8621176,25.62827593,14.87586504,10.39466714,8.557310396,8.681763887,1,1.52,0.67,7.44,0.53,1540,18.48,2.87,-0.0199,-0.0172,1.16,6.64
TS7July2012c.txt,25.1908,-80.63911,TS,2,Mangrove,7,7,2012,2.675211287,1.570457503,0.665658431,1.105099067,0.336069671,0.242256689,40.56575629,23.81374384,10.09375888,16.75724817,5.096016314,3.673476502,1,1.47,0.57,14.43,0.66,1206.67,14.48,4.56,-0.0158,-0.0152,1.04,4.7
TS7July2013c.txt,25.1908,-80.63911,TS,2,Mangrove,7,7,2013,2.659233755,1.70580821,0.486093717,1.065672057,0.431753751,0.34683768,39.71732958,25.47731908,7.260115559,15.9164828,6.448513972,5.180239013,1,1.5,0.69,8.89,0.52,1359.17,16.31,3.18,-0.02,-0.02,1.18,6.47
TS7Jun192sc.txt,25.1908,-80.63911,TS,2,Mangrove,7,6,2019,1.998118135,1.286442855,0.577568053,0.706423873,0,0.138314237,42.45112661,27.33119107,12.27075323,15.00836651,0,2.938562584,1,1.5,0.63,9.43,0.58,1370.83,16.45,3.53,-0.0179,-0.0162,1.1,5.79
TS7Jun20182sc.txt,25.1908,-80.63911,TS,2,Mangrove,7,6,2018,2.448618173,1.825530749,0.881654045,0.758011597,0.584687577,0.4095363,35.4459257,26.4261811,12.7627264,10.97289199,8.46387266,5.928402155,1,1.6,0.91,4.25,0.16,691.5,8.3,1.93,-0.0262,-0.0156,1.67,9.76
TS7Jun20222sc.txt,25.1908,-80.63911,TS,2,Mangrove,7,6,2022,2.856083505,1.729094278,0.491130393,1.076786999,0.336339025,0.376224828,41.59955356,25.18468032,7.153434086,15.68366555,4.898860018,5.479806468,1,1.6,0.89,3.98,0.15,724.33,8.69,1.73,-0.0269,-0.0185,1.45,11.9
TS7Jun202sc.txt,25.1908,-80.63911,TS,2,Mangrove,7,6,2020,2.152305282,1.580803582,0.755332988,0.733653283,0.499869565,0.267939648,35.93221456,26.39113233,12.61010099,12.24816359,8.345201119,4.473187418,1,1.57,0.77,5.09,0.2,725.83,8.71,2.3,-0.0233,-0.0179,1.3,8.68
TS7June2013c.txt,25.1908,-80.63911,TS,2,Mangrove,7,6,2012,2.512534915,1.66395632,0.558645529,1.011417666,0.460919127,0.35999397,38.25728722,25.33634636,8.506254915,15.40042128,7.018217068,5.481473158,1,1.64,1.01,3.14,0.15,865.83,10.39,1.47,-0.03,-0.02,1.54,12.99
TS7Mar2012c.txt,25.1908,-80.63911,TS,2,Mangrove,7,3,2012,0.401638556,0.430304183,0.360929341,0.162685169,0.267176288,0.139736169,22.78839488,24.41484137,20.47861244,9.230522876,15.15919888,7.928429555,1,1.49,0.86,3.86,0.14,691.5,8.3,1.69,-0.03,-0.02,1.16,12.95
TS7Mar2013c.txt,25.1908,-80.63911,TS,2,Mangrove,7,3,2013,0.412515379,0.422673048,0.285445761,0.160157523,0.262826332,0.161217958,24.19677778,24.79259285,16.74329736,9.39430674,15.41651699,9.456508274,1,1.6,0.89,3.98,0.15,724.33,8.69,1.73,-0.0269,-0.0185,1.45,11.9
TS7MAR2014c.txt,25.1908,-80.63911,TS,2,Mangrove,7,3,2014,0.691761383,0.584464765,0.288391633,0.269452203,0.249064237,0.231525521,29.88609388,25.25056941,12.45935323,11.64111501,10.76029587,10.0025726,1,1.6,0.87,3.75,0.17,903.33,10.84,1.57,-0.0292,-0.0236,1.24,15.05
TS7Mar202sc.txt,25.1908,-80.63911,TS,2,Mangrove,7,3,2020,0.433869714,0.491081435,0.287359506,0.140737661,0.264809096,0.301626335,22.60345858,25.58403717,14.97066629,7.332057977,13.79584988,15.71393011,1,1.58,0.68,14.29,0.15,749.92,9,1.67,-0.0174,-0.0185,0.94,6.43
TS7Mar212sc.txt,25.1908,-80.63911,TS,2,Mangrove,7,3,2021,0.375079428,0.38556519,0.29057455,0.135553369,0.186355061,0.192483128,23.95738749,24.62714285,18.5598211,8.658178371,11.90302659,12.29444359,1,1.55,0.79,4.78,0.18,857.5,10.29,1.76,-0.02,-0.02,1.28,9.36
TS7Mar222sc.txt,25.1908,-80.63911,TS,2,Mangrove,7,3,2022,0.332584824,0.33970011,0.232752192,0.115829422,0.19072727,0.14750569,24.47096935,24.99449881,17.12547096,8.522512257,14.03335582,10.85319281,1,1.66,0.9,4.14,0.11,745.58,8.95,1.23,-0.03,-0.03,0.92,16.68
TS7March2018c.txt,25.1908,-80.63911,TS,2,Mangrove,7,3,2018,0.547488448,0.562915309,0.46699968,0.192711211,0.330786703,0.230537663,23.48285521,24.1445436,20.03053383,8.26576245,14.1880916,9.888213313,1,1.54,0.67,7.73,0.4,1116.67,13.4,2.99,-0.02,-0.01,1.26,5.75
TS7May2012c.txt,25.1908,-80.63911,TS,2,Mangrove,7,5,2012,1.21852495,0.929646898,0.370606339,0.484080236,0.185809615,0.073634941,37.35167941,28.49664499,11.36026732,14.83860447,5.695657825,2.257145989,1,1.58,0.68,14.29,0.15,749.92,9,1.67,-0.0174,-0.0185,0.94,6.43
TS7May202sc.txt,25.1908,-80.63911,TS,2,Mangrove,7,5,2020,0.604773451,0.527004761,0.317368426,0.220851807,0.262094141,0.152567348,29.0106526,25.28013096,15.22399028,10.59414073,12.57251298,7.318572451,1,1.57,0.82,4.82,0.19,816.42,9.8,1.94,-0.0242,-0.0196,1.24,9.76
TS7May25222sc.txt,25.1908,-80.63911,TS,2,Mangrove,7,5,2022,1.206272811,0.921140838,0.40634757,0.467378608,0.280142493,0.289166757,33.78490451,25.79901906,11.38085324,13.09019113,7.846141682,8.098890387,1,1.54,0.72,6.71,0.34,1036.67,12.44,2.73,-0.02,-0.02,1.25,6.54
TS7Nov192sc.txt,25.1908,-80.63911,TS,2,Mangrove,7,11,2019,1.727771649,1.256728501,0.597486264,0.579908015,0.414899217,0.267693493,35.66469678,25.94141474,12.33332336,11.9704728,8.5643579,5.525734419,1,1.53,0.96,3.76,0.15,965,11.58,1.3,-0.0305,-0.0249,1.23,17.01
TS7Nov2013c.txt,25.1908,-80.63911,TS,2,Mangrove,7,11,2013,0.79627318,0.708352506,0.431744625,0.289589188,0.301920462,0.18311211,29.37202172,26.12890366,15.92570594,10.68203744,11.13689947,6.754431774,1,1.5,0.62,11.17,0.63,1461.67,17.54,3.59,-0.0175,-0.0158,1.11,5.38
TS7NOV2014c.txt,25.1908,-80.63911,TS,2,Mangrove,7,11,2014,0.657517568,0.595873608,0.318568236,0.22635786,0.286445336,0.185719161,28.95938551,26.24436878,14.03086517,9.969596016,12.61605972,8.179724809,1,1.49,0.62,10.19,0.69,835.83,10.03,6.88,-0.0184,-0.0162,1.14,5.76
TS7Nov22222sc.txt,25.1908,-80.63911,TS,2,Mangrove,7,11,2022,1.849848589,1.101774568,0.433095347,0.754041487,0.280720087,0.211892151,39.94169541,23.78937631,9.351339635,16.28116787,6.061272406,4.575148371,1,1.5,0.58,12.09,0.43,1005.83,12.07,3.6,-0.02,-0.02,1.09,5.04
TS7Oct2013c.txt,25.1908,-80.63911,TS,2,Mangrove,7,10,2013,0.790586682,0.698817953,0.435719993,0.286211743,0.305165153,0.166083582,29.47107548,26.05016897,16.24254128,10.66925119,11.37578645,6.191176635,1,1.48,0.6,7.98,0.31,682.25,8.19,3.77,-0.02,-0.01,1.12,4.73
TS7OCT2014c.txt,25.1908,-80.63911,TS,2,Mangrove,7,10,2014,2.669915686,1.754675944,0.516294049,0.982999668,0.444962616,0.239859109,40.39997017,26.5509717,7.812330661,14.87431138,6.732975323,3.629440767,1,1.55,0.69,8.4,0.31,1155,13.86,2.24,-0.02,-0.02,1.18,6.82
TS7Oct202sc.txt,25.1908,-80.63911,TS,2,Mangrove,7,10,2020,1.605473973,0.963794028,0.436678738,0.579046068,0.303044135,0.324811839,38.1089865,22.87748928,10.36540262,13.7447627,7.193330458,7.710028437,1,1.48,0.59,11.8,0.48,1041.67,12.5,3.84,-0.0172,-0.0156,1.1,5.04
TS7Oct31222sc.txt,25.1908,-80.63911,TS,2,Mangrove,7,10,2022,2.149379553,1.418345583,0.585577252,0.786005162,0.320388486,0.412118751,37.89579938,25.00690936,10.32433663,13.85808937,5.648782591,7.266082664,1,1.46,0.6,8.69,0.41,1150,13.8,2.97,-0.02,-0.02,1.09,5.14
TS7Oct3222sc.txt,25.1908,-80.63911,TS,2,Mangrove,7,10,2022,1.045887546,0.803607138,0.373799818,0.360898115,0.275367404,0.184878144,34.35404134,26.39590934,12.27812154,11.8543421,9.044933388,6.072652283,1,1.52,0.64,10.04,0.62,1642.5,19.71,3.15,-0.0183,-0.0163,1.12,5.87
TS7Sep2013c.txt,25.1908,-80.63911,TS,2,Mangrove,7,9,2013,2.121106761,1.308517186,0.437003923,0.84211626,0.289807984,0.244723485,40.45384838,24.95610162,8.334559469,16.0608811,5.527231569,4.667377861,1,1.56,0.88,4.1,0.16,1205.83,14.47,1.11,-0.0288,-0.0231,1.25,13.48
TS7SEP2014c.txt,25.1908,-80.63911,TS,2,Mangrove,7,9,2014,2.627595028,1.845420062,0.601370421,0.900176906,0.487428595,0.277862566,38.98593638,27.38071445,8.922603643,13.3560306,7.232035376,4.122679557,1,1.52,0.64,10.04,0.62,1642.5,19.71,3.15,-0.0183,-0.0163,1.12,5.87
TS7Sep20c.txt,25.1908,-80.63911,TS,2,Mangrove,7,9,2020,1.536803261,1.171019636,0.606146799,0.499847581,0.335888079,0.287999892,34.6305844,26.38795438,13.65901442,11.26364985,7.568958727,6.489838226,1,1.55,0.69,8.4,0.31,1155,13.86,2.24,-0.02,-0.02,1.18,6.82
SRS1dFeb9232s,25.7463,-80.6537,SRS,3,Marsh,1,2,2023,-9999,-9999,-9999,-9999,-9999,-9999,-9999,-9999,-9999,-9999,-9999,-9999,-9999,1.51,0.65,12.69,0.62,1835.18,22.02,2.79,-0.02,-0.02,0.96,7.65
SRS1dMar14232,25.7463,-80.6537,SRS,3,Marsh,1,3,2023,-9999,-9999,-9999,-9999,-9999,-9999,-9999,-9999,-9999,-9999,-9999,-9999,-9999,1.52,0.66,11.81,0.69,1988.33,23.86,2.88,-0.02,-0.02,0.97,7.92
SRS1dApr3232s,25.7463,-80.6537,SRS,3,Marsh,1,4,2023,-9999,-9999,-9999,-9999,-9999,-9999,-9999,-9999,-9999,-9999,-9999,-9999,-9999,1.51,0.66,13.62,0.73,2210.83,26.53,2.75,-0.02,-0.02,0.97,8.47
SRS1dMay3232s,25.7463,-80.6537,SRS,3,Marsh,1,5,2023,-9999,-9999,-9999,-9999,-9999,-9999,-9999,-9999,-9999,-9999,-9999,-9999,-9999,1.51,0.66,12.14,0.47,1327.5,15.93,2.96,-0.02,-0.02,0.93,7.35
SRS1dJun1232s,25.7463,-80.6537,SRS,3,Marsh,1,6,2023,-9999,-9999,-9999,-9999,-9999,-9999,-9999,-9999,-9999,-9999,-9999,-9999,-9999,1.5,0.64,11.54,0.56,1844.17,22.13,2.53,-0.02,-0.02,0.96,7.79
SRS1July17232,25.7463,-80.6537,SRS,3,Marsh,1,7,2023,-9999,-9999,-9999,-9999,-9999,-9999,-9999,-9999,-9999,-9999,-9999,-9999,-9999,1.51,0.65,14.1,0.57,1709.17,20.51,2.8,-0.02,-0.02,0.96,6.97
SRS1Aug02232s,25.7463,-80.6537,SRS,3,Marsh,1,8,2023,-9999,-9999,-9999,-9999,-9999,-9999,-9999,-9999,-9999,-9999,-9999,-9999,-9999,1.49,0.63,12.62,0.57,1754.89,21.06,2.72,-0.02,-0.02,0.97,7.18
SRS1Sept5232s,25.7463,-80.6537,SRS,3,Marsh,1,9,2023,-9999,-9999,-9999,-9999,-9999,-9999,-9999,-9999,-9999,-9999,-9999,-9999,-9999,1.5,0.64,13.15,0.55,1555,18.66,2.94,-0.02,-0.02,0.94,7.53
SRS1Oct2232s,25.7463,-80.6537,SRS,3,Marsh,1,10,2023,-9999,-9999,-9999,-9999,-9999,-9999,-9999,-9999,-9999,-9999,-9999,-9999,-9999,1.51,0.63,11.21,0.45,1375.83,16.51,2.71,-0.02,-0.02,0.93,6.51
SRS1dNov6232s,25.7463,-80.6537,SRS,3,Marsh,1,11,2023,-9999,-9999,-9999,-9999,-9999,-9999,-9999,-9999,-9999,-9999,-9999,-9999,-9999,1.52,0.64,15.13,0.48,1465.83,17.59,2.76,-0.02,-0.02,0.93,7.46
SRS1Dec5232s,25.7463,-80.6537,SRS,3,Marsh,1,12,2023,-9999,-9999,-9999,-9999,-9999,-9999,-9999,-9999,-9999,-9999,-9999,-9999,-9999,1.52,0.63,13.21,0.53,1408.33,16.9,3.11,-0.02,-0.02,0.95,7.89
SRS1Jan3242s,25.7463,-80.6537,SRS,3,Marsh,1,1,2024,-9999,-9999,-9999,-9999,-9999,-9999,-9999,-9999,-9999,-9999,-9999,-9999,-9999,1.51,0.64,14.48,0.51,1785,21.42,2.39,-0.02,-0.02,0.92,8.04
SRS1Feb6242s,25.7463,-80.6537,SRS,3,Marsh,1,2,2024,-9999,-9999,-9999,-9999,-9999,-9999,-9999,-9999,-9999,-9999,-9999,-9999,-9999,1.55,0.66,14.55,0.61,1785,21.42,2.86,-0.02,-0.02,0.95,7.92
SRS1MAR5242S,25.7463,-80.6537,SRS,3,Marsh,1,3,2024,-9999,-9999,-9999,-9999,-9999,-9999,-9999,-9999,-9999,-9999,-9999,-9999,-9999,1.53,0.66,12.61,0.54,1753.33,21.04,2.56,-0.02,-0.02,0.85,8.83
SRS1ABR2242s,25.7463,-80.6537,SRS,3,Marsh,1,4,2024,-9999,-9999,-9999,-9999,-9999,-9999,-9999,-9999,-9999,-9999,-9999,-9999,-9999,1.52,0.65,16.14,0.53,1579.17,18.95,2.77,-0.02,-0.02,0.85,7.68
SRS1MAY7242s,25.7463,-80.6537,SRS,3,Marsh,1,5,2024,-9999,-9999,-9999,-9999,-9999,-9999,-9999,-9999,-9999,-9999,-9999,-9999,-9999,1.51,0.65,11.61,0.61,1800,21.6,2.83,-0.02,-0.02,0.96,8.21
SRS1JUN6242s,25.7463,-80.6537,SRS,3,Marsh,1,6,2024,-9999,-9999,-9999,-9999,-9999,-9999,-9999,-9999,-9999,-9999,-9999,-9999,-9999,1.54,0.65,12.17,0.69,2070.83,24.85,2.78,-0.02,-0.02,0.97,7.94
SR12407092s,25.7463,-80.6537,SRS,3,Marsh,1,7,2024,-9999,-9999,-9999,-9999,-9999,-9999,-9999,-9999,-9999,-9999,-9999,-9999,-9999,1.49,0.63,13.09,0.46,1302.5,15.63,2.96,-0.02,-0.02,0.96,6.82
SR1AUG06242s,25.7463,-80.6537,SRS,3,Marsh,1,8,2024,-9999,-9999,-9999,-9999,-9999,-9999,-9999,-9999,-9999,-9999,-9999,-9999,-9999,1.49,0.63,11.52,0.49,1276.67,15.32,3.21,-0.02,-0.02,0.97,6.88
SR1SEP07242s,25.7463,-80.6537,SRS,3,Marsh,1,9,2024,-9999,-9999,-9999,-9999,-9999,-9999,-9999,-9999,-9999,-9999,-9999,-9999,-9999,1.49,0.63,10.45,0.37,985.83,11.83,3.09,-0.02,-0.02,0.97,7.09
SR1OCT03242s,25.7463,-80.6537,SRS,3,Marsh,1,10,2024,-9999,-9999,-9999,-9999,-9999,-9999,-9999,-9999,-9999,-9999,-9999,-9999,-9999,1.51,0.63,24.06,0.4,1038.33,12.46,3.18,-0.02,-0.02,0.8,6.76
SR1NOV05242s,25.7463,-80.6537,SRS,3,Marsh,1,11,2024,-9999,-9999,-9999,-9999,-9999,-9999,-9999,-9999,-9999,-9999,-9999,-9999,-9999,1.51,0.64,15.55,0.47,1376.67,16.52,2.83,-0.02,-0.02,0.86,7.16
SR1DEC04112s,25.7463,-80.6537,SRS,3,Marsh,1,12,2024,-9999,-9999,-9999,-9999,-9999,-9999,-9999,-9999,-9999,-9999,-9999,-9999,-9999,1.52,0.65,14.83,0.51,1692.5,20.31,2.52,-0.02,-0.02,0.91,7.54
SRS2Jan11232s,25.54973,-80.78521,SRS,3,Marsh,2,1,2023,-9999,-9999,-9999,-9999,-9999,-9999,-9999,-9999,-9999,-9999,-9999,-9999,-9999,1.51,0.65,12.46,0.52,1523.33,18.28,2.83,-0.02,-0.02,0.97,8.3
SRS2Feb9232s,25.54973,-80.78521,SRS,3,Marsh,2,2,2023,-9999,-9999,-9999,-9999,-9999,-9999,-9999,-9999,-9999,-9999,-9999,-9999,-9999,1.5,0.65,11.88,0.58,1687.18,20.25,2.88,-0.02,-0.02,0.95,8
SRS2Apr3232s,25.54973,-80.78521,SRS,3,Marsh,2,4,2023,-9999,-9999,-9999,-9999,-9999,-9999,-9999,-9999,-9999,-9999,-9999,-9999,-9999,1.52,0.65,13.88,0.68,2119.17,25.43,2.69,-0.02,-0.02,0.94,8.24
SRS2May3232s,25.54973,-80.78521,SRS,3,Marsh,2,5,2023,-9999,-9999,-9999,-9999,-9999,-9999,-9999,-9999,-9999,-9999,-9999,-9999,-9999,1.51,0.64,12.58,0.62,1755,21.06,2.94,-0.02,-0.02,0.93,7.84
SRS2Jun1232s,25.54973,-80.78521,SRS,3,Marsh,2,6,2023,-9999,-9999,-9999,-9999,-9999,-9999,-9999,-9999,-9999,-9999,-9999,-9999,-9999,1.5,0.62,13.3,0.54,1750.83,21.01,2.56,-0.02,-0.02,0.95,7.61
SRS2July17232,25.54973,-80.78521,SRS,3,Marsh,2,7,2023,-9999,-9999,-9999,-9999,-9999,-9999,-9999,-9999,-9999,-9999,-9999,-9999,-9999,1.49,0.62,16.05,0.5,1450,17.4,2.9,-0.02,-0.02,0.95,6.72
SRS2Aug02232s,25.54973,-80.78521,SRS,3,Marsh,2,8,2023,-9999,-9999,-9999,-9999,-9999,-9999,-9999,-9999,-9999,-9999,-9999,-9999,-9999,1.48,0.61,13.45,0.44,1375.66,16.51,2.68,-0.02,-0.02,0.96,6.69
SRS2Sept5232s,25.54973,-80.78521,SRS,3,Marsh,2,9,2023,-9999,-9999,-9999,-9999,-9999,-9999,-9999,-9999,-9999,-9999,-9999,-9999,-9999,1.49,0.63,13.57,0.42,1243.33,14.92,2.84,-0.02,-0.02,0.95,7.2
SRS2Oct2232s,25.54973,-80.78521,SRS,3,Marsh,2,10,2023,-9999,-9999,-9999,-9999,-9999,-9999,-9999,-9999,-9999,-9999,-9999,-9999,-9999,1.49,0.63,12.57,0.45,1282.5,15.39,2.96,-0.02,-0.02,0.97,7.11
SRS2Nov6232s,25.54973,-80.78521,SRS,3,Marsh,2,11,2023,-9999,-9999,-9999,-9999,-9999,-9999,-9999,-9999,-9999,-9999,-9999,-9999,-9999,1.51,0.66,14.86,0.51,1605,19.26,2.63,-0.02,-0.02,0.94,7.82
SRS2Dec5232s,25.54973,-80.78521,SRS,3,Marsh,2,12,2023,-9999,-9999,-9999,-9999,-9999,-9999,-9999,-9999,-9999,-9999,-9999,-9999,-9999,1.5,0.65,12.1,0.41,1217.5,14.61,2.82,-0.02,-0.02,0.92,7.66
SRS2Jan3242s,25.54973,-80.78521,SRS,3,Marsh,2,1,2024,-9999,-9999,-9999,-9999,-9999,-9999,-9999,-9999,-9999,-9999,-9999,-9999,-9999,1.52,0.65,13.25,0.44,1335,16.02,2.73,-0.02,-0.02,0.91,8.12
SRS2Feb6242s,25.54973,-80.78521,SRS,3,Marsh,2,2,2024,-9999,-9999,-9999,-9999,-9999,-9999,-9999,-9999,-9999,-9999,-9999,-9999,-9999,1.54,0.66,13.86,0.52,1586.67,19.04,2.75,-0.02,-0.02,0.97,7.76
SRS2MAR5242S,25.54973,-80.78521,SRS,3,Marsh,2,3,2024,-9999,-9999,-9999,-9999,-9999,-9999,-9999,-9999,-9999,-9999,-9999,-9999,-9999,1.53,0.65,12.18,0.55,1789.17,21.47,2.54,-0.02,-0.02,0.84,8.79
SRS2ABR2242s,25.54973,-80.78521,SRS,3,Marsh,2,4,2024,-9999,-9999,-9999,-9999,-9999,-9999,-9999,-9999,-9999,-9999,-9999,-9999,-9999,1.52,0.66,17.49,0.48,1444.17,17.33,2.76,-0.02,-0.02,0.86,7.44
SRS2MAY7242s,25.54973,-80.78521,SRS,3,Marsh,2,5,2024,-9999,-9999,-9999,-9999,-9999,-9999,-9999,-9999,-9999,-9999,-9999,-9999,-9999,1.52,0.65,12.83,0.55,1580,18.96,2.89,-0.02,-0.02,0.94,8.08
SRS2JUN6242s,25.54973,-80.78521,SRS,3,Marsh,2,6,2024,-9999,-9999,-9999,-9999,-9999,-9999,-9999,-9999,-9999,-9999,-9999,-9999,-9999,1.52,0.66,12.79,0.7,2058.33,24.7,2.84,-0.02,-0.02,0.94,7.96
SR22407092s,25.54973,-80.78521,SRS,3,Marsh,2,7,2024,-9999,-9999,-9999,-9999,-9999,-9999,-9999,-9999,-9999,-9999,-9999,-9999,-9999,1.49,0.62,13.44,0.47,1309.17,15.71,2.97,-0.02,-0.02,0.97,6.87
SR2AUG06242s,25.54973,-80.78521,SRS,3,Marsh,2,8,2024,-9999,-9999,-9999,-9999,-9999,-9999,-9999,-9999,-9999,-9999,-9999,-9999,-9999,1.51,0.63,11.74,0.48,1253.33,15.04,3.19,-0.02,-0.02,0.98,6.84
SR2SEP03242s,25.54973,-80.78521,SRS,3,Marsh,2,9,2024,-9999,-9999,-9999,-9999,-9999,-9999,-9999,-9999,-9999,-9999,-9999,-9999,-9999,1.5,0.63,11.65,0.42,1114.17,13.37,3.12,-0.02,-0.02,0.96,6.89
SR2OCT03242s,25.54973,-80.78521,SRS,3,Marsh,2,10,2024,-9999,-9999,-9999,-9999,-9999,-9999,-9999,-9999,-9999,-9999,-9999,-9999,-9999,1.51,0.63,19.02,0.39,1050,12.6,3.12,-0.02,-0.02,0.82,6.52
SR2NOV05242s,25.54973,-80.78521,SRS,3,Marsh,2,11,2024,-9999,-9999,-9999,-9999,-9999,-9999,-9999,-9999,-9999,-9999,-9999,-9999,-9999,1.52,0.65,14.71,0.39,1146.67,13.76,2.83,-0.02,-0.02,0.87,6.95
SR2DEC03242s,25.54973,-80.78521,SRS,3,Marsh,2,12,2024,-9999,-9999,-9999,-9999,-9999,-9999,-9999,-9999,-9999,-9999,-9999,-9999,-9999,1.52,0.65,13.3,0.44,1500,18,2.42,-0.02,-0.02,0.89,7.7
SRS3Jan11232s,25.46821,-80.85328,SRS,3,Marsh,3,1,2023,-9999,-9999,-9999,-9999,-9999,-9999,-9999,-9999,-9999,-9999,-9999,-9999,-9999,1.51,0.66,12.35,0.45,1394.17,16.73,2.69,-0.02,-0.02,1.02,8.25
SRS3Feb9232s,25.46821,-80.85328,SRS,3,Marsh,3,2,2023,-9999,-9999,-9999,-9999,-9999,-9999,-9999,-9999,-9999,-9999,-9999,-9999,-9999,1.54,0.67,12.17,0.51,1557.18,18.69,2.72,-0.02,-0.02,1.03,7.51
SRS3Apr3232s,25.46821,-80.85328,SRS,3,Marsh,3,4,2023,-9999,-9999,-9999,-9999,-9999,-9999,-9999,-9999,-9999,-9999,-9999,-9999,-9999,1.54,0.67,13.21,0.65,2097.5,25.17,2.6,-0.02,-0.02,0.94,8.23
SRS3May3232s,25.46821,-80.85328,SRS,3,Marsh,3,5,2023,-9999,-9999,-9999,-9999,-9999,-9999,-9999,-9999,-9999,-9999,-9999,-9999,-9999,1.51,0.65,12.13,0.57,1663.33,19.96,2.85,-0.02,-0.02,0.94,8.28
SRS3Jun1232s,25.46821,-80.85328,SRS,3,Marsh,3,6,2023,-9999,-9999,-9999,-9999,-9999,-9999,-9999,-9999,-9999,-9999,-9999,-9999,-9999,1.51,0.63,12.89,0.48,1604.17,19.25,2.5,-0.02,-0.02,0.96,7.64
SRS3July17232,25.46821,-80.85328,SRS,3,Marsh,3,7,2023,-9999,-9999,-9999,-9999,-9999,-9999,-9999,-9999,-9999,-9999,-9999,-9999,-9999,1.51,0.63,13.44,0.42,1291.67,15.5,2.74,-0.02,-0.02,0.97,6.79
SRS3Aug02232s,25.46821,-80.85328,SRS,3,Marsh,3,8,2023,-9999,-9999,-9999,-9999,-9999,-9999,-9999,-9999,-9999,-9999,-9999,-9999,-9999,1.5,0.62,14.35,0.43,1338,16.06,2.68,-0.02,-0.02,0.97,6.87
SRS3Sept5232s,25.46821,-80.85328,SRS,3,Marsh,3,9,2023,-9999,-9999,-9999,-9999,-9999,-9999,-9999,-9999,-9999,-9999,-9999,-9999,-9999,1.49,0.63,13.38,0.41,1175,14.1,2.94,-0.02,-0.02,0.95,7.04
SRS3Oct2232s,25.46821,-80.85328,SRS,3,Marsh,3,10,2023,-9999,-9999,-9999,-9999,-9999,-9999,-9999,-9999,-9999,-9999,-9999,-9999,-9999,1.51,0.63,12.65,0.42,1148,13.78,3.08,-0.02,-0.02,0.95,7.52
SRS3Nov6232s,25.46821,-80.85328,SRS,3,Marsh,3,11,2023,-9999,-9999,-9999,-9999,-9999,-9999,-9999,-9999,-9999,-9999,-9999,-9999,-9999,1.51,0.65,15,0.41,1306,15.67,2.63,-0.02,-0.02,0.93,7.49
SRS3Dec5232s,25.46821,-80.85328,SRS,3,Marsh,3,12,2023,-9999,-9999,-9999,-9999,-9999,-9999,-9999,-9999,-9999,-9999,-9999,-9999,-9999,1.51,0.64,12.77,0.42,1218,14.62,2.87,-0.02,-0.02,0.96,7.6
SRS3Jan3242s,25.46821,-80.85328,SRS,3,Marsh,3,1,2024,-9999,-9999,-9999,-9999,-9999,-9999,-9999,-9999,-9999,-9999,-9999,-9999,-9999,1.54,0.65,13.74,0.38,1182,14.18,2.71,-0.02,-0.02,0.93,7.9
SRS3Feb6242ss,25.46821,-80.85328,SRS,3,Marsh,3,2,2024,-9999,-9999,-9999,-9999,-9999,-9999,-9999,-9999,-9999,-9999,-9999,-9999,-9999,1.53,0.66,14.38,0.45,1395.83,16.75,2.69,-0.02,-0.02,1,7.7
SRS3MAR5242S,25.46821,-80.85328,SRS,3,Marsh,3,3,2024,-9999,-9999,-9999,-9999,-9999,-9999,-9999,-9999,-9999,-9999,-9999,-9999,-9999,1.51,0.67,13.27,0.51,1718,20.62,2.49,-0.02,-0.02,0.85,8.59
SRS3ABR2242s,25.46821,-80.85328,SRS,3,Marsh,3,4,2024,-9999,-9999,-9999,-9999,-9999,-9999,-9999,-9999,-9999,-9999,-9999,-9999,-9999,1.51,0.65,18.55,0.47,1428,17.14,2.73,-0.02,-0.02,0.86,7.49
SRS3MAY7242s,25.46821,-80.85328,SRS,3,Marsh,3,5,2024,-9999,-9999,-9999,-9999,-9999,-9999,-9999,-9999,-9999,-9999,-9999,-9999,-9999,1.51,0.66,11.75,0.57,1620.83,19.45,2.94,-0.02,-0.02,0.95,7.93
SRS3JUN6242s,25.46821,-80.85328,SRS,3,Marsh,3,6,2024,-9999,-9999,-9999,-9999,-9999,-9999,-9999,-9999,-9999,-9999,-9999,-9999,-9999,1.53,0.65,13.61,0.62,1842.5,22.11,2.82,-0.02,-0.02,0.95,8.17
SR32407092s,25.46821,-80.85328,SRS,3,Marsh,3,7,2024,-9999,-9999,-9999,-9999,-9999,-9999,-9999,-9999,-9999,-9999,-9999,-9999,-9999,1.5,0.63,13.28,0.48,1365,16.38,2.94,-0.02,-0.02,0.96,6.98
SR3AUG06242s,25.46821,-80.85328,SRS,3,Marsh,3,8,2024,-9999,-9999,-9999,-9999,-9999,-9999,-9999,-9999,-9999,-9999,-9999,-9999,-9999,1.51,0.63,11.13,0.41,1053,12.64,3.27,-0.02,-0.02,0.99,6.76
SR3SEP03242s,25.46821,-80.85328,SRS,3,Marsh,3,9,2024,-9999,-9999,-9999,-9999,-9999,-9999,-9999,-9999,-9999,-9999,-9999,-9999,-9999,1.51,0.63,10.67,0.4,1121,13.45,2.97,-0.02,-0.02,0.97,7.27
SR3OCT03242s,25.46821,-80.85328,SRS,3,Marsh,3,10,2024,-9999,-9999,-9999,-9999,-9999,-9999,-9999,-9999,-9999,-9999,-9999,-9999,-9999,1.51,0.62,23.91,0.37,946.67,11.36,3.27,-0.02,-0.02,0.81,6.17
SR3NOV05242s,25.46821,-80.85328,SRS,3,Marsh,3,11,2024,-9999,-9999,-9999,-9999,-9999,-9999,-9999,-9999,-9999,-9999,-9999,-9999,-9999,1.51,0.64,15.94,0.37,1072.5,12.87,2.87,-0.02,-0.02,0.87,6.85
SR3DEC03242s,25.46821,-80.85328,SRS,3,Marsh,3,12,2024,-9999,-9999,-9999,-9999,-9999,-9999,-9999,-9999,-9999,-9999,-9999,-9999,-9999,1.55,0.66,13.3,0.38,1434,17.21,2.24,-0.02,-0.02,0.92,7.53
SRS4Jan09232s,25.40976,-80.96431,SRS,2,Mangrove,4,1,2023,-9999,-9999,-9999,-9999,-9999,-9999,-9999,-9999,-9999,-9999,-9999,-9999,-9999,1.54,0.67,11.51,0.43,1304.17,15.65,2.74,-0.02,-0.02,1.06,7.28
SRS4Feb7232s,25.40976,-80.96431,SRS,2,Mangrove,4,2,2023,-9999,-9999,-9999,-9999,-9999,-9999,-9999,-9999,-9999,-9999,-9999,-9999,-9999,1.55,0.67,11.47,0.5,1533.18,18.4,2.73,-0.02,-0.02,1.07,6.89
SRS4Feb7232s,25.40976,-80.96431,SRS,2,Mangrove,4,2,2023,-9999,-9999,-9999,-9999,-9999,-9999,-9999,-9999,-9999,-9999,-9999,-9999,-9999,1.54,0.67,12.06,0.52,1533.18,18.4,2.85,-0.02,-0.02,1.12,6.34
SRS4Mar2232s,25.40976,-80.96431,SRS,2,Mangrove,4,3,2023,-9999,-9999,-9999,-9999,-9999,-9999,-9999,-9999,-9999,-9999,-9999,-9999,-9999,1.54,0.67,11.62,0.56,1496.67,17.96,3.13,-0.02,-0.02,1.07,7.02
SRS4Apr6232s,25.40976,-80.96431,SRS,2,Mangrove,4,4,2023,-9999,-9999,-9999,-9999,-9999,-9999,-9999,-9999,-9999,-9999,-9999,-9999,-9999,1.53,0.67,13.73,0.6,1690.83,20.29,2.95,-0.02,-0.02,1.07,6.62
SRS4May10232s,25.40976,-80.96431,SRS,2,Mangrove,4,5,2023,-9999,-9999,-9999,-9999,-9999,-9999,-9999,-9999,-9999,-9999,-9999,-9999,-9999,1.5,0.66,13.06,0.64,1666.67,20,3.18,-0.02,-0.02,1.06,6.24
SRS4Jun6232s,25.40976,-80.96431,SRS,2,Mangrove,4,6,2023,-9999,-9999,-9999,-9999,-9999,-9999,-9999,-9999,-9999,-9999,-9999,-9999,-9999,1.5,0.63,15.1,0.59,1505,18.06,3.26,-0.02,-0.02,1.05,5.81
SRS4July3232s,25.40976,-80.96431,SRS,2,Mangrove,4,7,2023,-9999,-9999,-9999,-9999,-9999,-9999,-9999,-9999,-9999,-9999,-9999,-9999,-9999,1.47,0.62,12.4,0.46,1235.83,14.83,3.1,-0.02,-0.02,1.03,5.64
SRS4Aug08232s,25.40976,-80.96431,SRS,2,Mangrove,4,8,2023,-9999,-9999,-9999,-9999,-9999,-9999,-9999,-9999,-9999,-9999,-9999,-9999,-9999,1.49,0.63,12.88,0.43,1336.67,16.04,2.68,-0.02,-0.02,1.03,6.07
SRS4Sept7232s,25.40976,-80.96431,SRS,2,Mangrove,4,9,2023,-9999,-9999,-9999,-9999,-9999,-9999,-9999,-9999,-9999,-9999,-9999,-9999,-9999,1.5,0.63,12.82,0.46,1249.17,14.99,3.07,-0.02,-0.02,1.02,6.1
SRS4Oct5232s,25.40976,-80.96431,SRS,2,Mangrove,4,10,2023,-9999,-9999,-9999,-9999,-9999,-9999,-9999,-9999,-9999,-9999,-9999,-9999,-9999,1.51,0.63,12.06,0.4,1115,13.38,2.99,-0.02,-0.02,1,6.3
SRS4Nov14232s,25.40976,-80.96431,SRS,2,Mangrove,4,11,2023,-9999,-9999,-9999,-9999,-9999,-9999,-9999,-9999,-9999,-9999,-9999,-9999,-9999,1.54,0.66,14.2,0.48,1350.83,16.21,2.97,-0.02,-0.02,1.1,7.38
SRS4Dec7232s,25.40976,-80.96431,SRS,2,Mangrove,4,12,2023,-9999,-9999,-9999,-9999,-9999,-9999,-9999,-9999,-9999,-9999,-9999,-9999,-9999,1.5,0.65,11.92,0.4,1188.33,14.26,2.77,-0.02,-0.02,1.03,7.2
SRS4Jan8242s,25.40976,-80.96431,SRS,2,Mangrove,4,1,2024,-9999,-9999,-9999,-9999,-9999,-9999,-9999,-9999,-9999,-9999,-9999,-9999,-9999,1.5,0.63,12.19,0.37,1115.83,13.39,2.77,-0.02,-0.02,1.01,6.79
SRS4Feb1242s,25.40976,-80.96431,SRS,2,Mangrove,4,2,2024,-9999,-9999,-9999,-9999,-9999,-9999,-9999,-9999,-9999,-9999,-9999,-9999,-9999,1.54,0.68,11.65,0.45,1364,16.37,2.77,-0.02,-0.02,1.05,7.12
SRS4MAR7242S,25.40976,-80.96431,SRS,2,Mangrove,4,3,2024,-9999,-9999,-9999,-9999,-9999,-9999,-9999,-9999,-9999,-9999,-9999,-9999,-9999,1.53,0.66,11.52,0.5,1510,18.12,2.74,-0.02,-0.02,0.94,7.57
SRS4ABR4242s,25.40976,-80.96431,SRS,2,Mangrove,4,4,2024,-9999,-9999,-9999,-9999,-9999,-9999,-9999,-9999,-9999,-9999,-9999,-9999,-9999,1.52,0.66,17.57,0.45,1397.5,16.77,2.69,-0.02,-0.02,0.92,7.15
SRS4MAY2242s,25.40976,-80.96431,SRS,2,Mangrove,4,5,2024,-9999,-9999,-9999,-9999,-9999,-9999,-9999,-9999,-9999,-9999,-9999,-9999,-9999,1.54,0.67,11.79,0.53,1461,17.53,3.03,-0.02,-0.02,1.01,7.46
SRS4JUN3242s,25.40976,-80.96431,SRS,2,Mangrove,4,6,2024,-9999,-9999,-9999,-9999,-9999,-9999,-9999,-9999,-9999,-9999,-9999,-9999,-9999,1.52,0.64,14.21,0.59,1495,17.94,3.29,-0.02,-0.02,1.04,6.26
SR42407112s,25.40976,-80.96431,SRS,2,Mangrove,4,7,2024,-9999,-9999,-9999,-9999,-9999,-9999,-9999,-9999,-9999,-9999,-9999,-9999,-9999,1.51,0.64,13.13,0.48,1335.83,16.03,3.02,-0.02,-0.02,1.04,6.43
SR4AUG08242s,25.40976,-80.96431,SRS,2,Mangrove,4,8,2024,-9999,-9999,-9999,-9999,-9999,-9999,-9999,-9999,-9999,-9999,-9999,-9999,-9999,1.51,0.63,11.62,0.44,1106.67,13.28,3.32,-0.02,-0.02,1.03,6.15
SR4SEP09242s,25.40976,-80.96431,SRS,2,Mangrove,4,9,2024,-9999,-9999,-9999,-9999,-9999,-9999,-9999,-9999,-9999,-9999,-9999,-9999,-9999,1.5,0.64,10.5,0.38,969.17,11.63,3.27,-0.02,-0.02,1.02,6.47
SR4OCT01242s,25.40976,-80.96431,SRS,2,Mangrove,4,10,2024,-9999,-9999,-9999,-9999,-9999,-9999,-9999,-9999,-9999,-9999,-9999,-9999,-9999,1.53,0.64,14.44,0.39,970.8,11.65,3.37,-0.02,-0.02,0.86,5.63
SR4NOV08242s,25.40976,-80.96431,SRS,2,Mangrove,4,11,2024,-9999,-9999,-9999,-9999,-9999,-9999,-9999,-9999,-9999,-9999,-9999,-9999,-9999,1.51,0.65,13.8,0.35,1063.33,12.76,2.71,-0.02,-0.02,0.89,6.76
SR4DEC05242s,25.40976,-80.96431,SRS,2,Mangrove,4,12,2024,-9999,-9999,-9999,-9999,-9999,-9999,-9999,-9999,-9999,-9999,-9999,-9999,-9999,1.55,0.66,15.26,0.43,1406.67,16.88,2.53,-0.02,-0.02,0.97,6.74
SRS5Jan09232s,25.37702,-81.03235,SRS,2,Mangrove,5,1,2023,-9999,-9999,-9999,-9999,-9999,-9999,-9999,-9999,-9999,-9999,-9999,-9999,-9999,1.53,0.65,12.37,0.45,1278.33,15.34,2.96,-0.02,-0.02,1.06,6.95
SRS5Feb7232s,25.37702,-81.03235,SRS,2,Mangrove,5,2,2023,-9999,-9999,-9999,-9999,-9999,-9999,-9999,-9999,-9999,-9999,-9999,-9999,-9999,1.56,0.66,13.15,0.52,1378.18,16.54,3.12,-0.02,-0.02,1.11,6.27
SRS5March2232s,25.37702,-81.03235,SRS,2,Mangrove,5,3,2023,-9999,-9999,-9999,-9999,-9999,-9999,-9999,-9999,-9999,-9999,-9999,-9999,-9999,1.54,0.66,12.97,0.47,1225,14.7,3.23,-0.02,-0.02,1.07,6.52
SRS5Apr6232s,25.37702,-81.03235,SRS,2,Mangrove,5,4,2023,-9999,-9999,-9999,-9999,-9999,-9999,-9999,-9999,-9999,-9999,-9999,-9999,-9999,1.55,0.66,14.21,0.53,1362.5,16.35,3.27,-0.02,-0.02,1.11,6.12
SRS5May10232s,25.37702,-81.03235,SRS,2,Mangrove,5,5,2023,-9999,-9999,-9999,-9999,-9999,-9999,-9999,-9999,-9999,-9999,-9999,-9999,-9999,1.52,0.65,11.54,0.46,1091.67,13.1,3.51,-0.02,-0.02,1.08,5.92
SRS5Jun6232s,25.37702,-81.03235,SRS,2,Mangrove,5,6,2023,-9999,-9999,-9999,-9999,-9999,-9999,-9999,-9999,-9999,-9999,-9999,-9999,-9999,1.49,0.63,14.26,0.52,1260,15.12,3.41,-0.02,-0.02,1.07,5.65
SRS5July3232s,25.37702,-81.03235,SRS,2,Mangrove,5,7,2023,-9999,-9999,-9999,-9999,-9999,-9999,-9999,-9999,-9999,-9999,-9999,-9999,-9999,1.49,0.62,13.07,0.48,1236.67,14.84,3.23,-0.02,-0.02,1.03,5.55
SRS5Aug08232s,25.37702,-81.03235,SRS,2,Mangrove,5,8,2023,-9999,-9999,-9999,-9999,-9999,-9999,-9999,-9999,-9999,-9999,-9999,-9999,-9999,1.51,0.64,13.98,0.36,1067.5,12.81,2.82,-0.02,-0.02,1.08,5.54
SRS5Sept7232s,25.37702,-81.03235,SRS,2,Mangrove,5,9,2023,-9999,-9999,-9999,-9999,-9999,-9999,-9999,-9999,-9999,-9999,-9999,-9999,-9999,1.5,0.64,12.52,0.41,975.83,11.71,3.49,-0.02,-0.02,1.09,5.5
SRS5Oct5232s,25.37702,-81.03235,SRS,2,Mangrove,5,10,2023,-9999,-9999,-9999,-9999,-9999,-9999,-9999,-9999,-9999,-9999,-9999,-9999,-9999,1.5,0.64,13.49,0.36,934.17,11.21,3.18,-0.02,-0.02,1.06,5.16
SRS5Nov14232s,25.37702,-81.03235,SRS,2,Mangrove,5,11,2023,-9999,-9999,-9999,-9999,-9999,-9999,-9999,-9999,-9999,-9999,-9999,-9999,-9999,1.51,0.65,14.19,0.46,1390,16.68,2.75,-0.02,-0.02,1.03,6.76
SRS5Dec7232s,25.37702,-81.03235,SRS,2,Mangrove,5,12,2023,-9999,-9999,-9999,-9999,-9999,-9999,-9999,-9999,-9999,-9999,-9999,-9999,-9999,1.53,0.64,12.62,0.4,1168.33,14.02,2.82,-0.02,-0.02,0.99,6.97
SRS5Jan8242s,25.37702,-81.03235,SRS,2,Mangrove,5,1,2024,-9999,-9999,-9999,-9999,-9999,-9999,-9999,-9999,-9999,-9999,-9999,-9999,-9999,1.54,0.67,12.04,0.36,1113.33,13.36,2.69,-0.02,-0.02,0.99,7.42
SRS5Feb1242s,25.37702,-81.03235,SRS,2,Mangrove,5,2,2024,-9999,-9999,-9999,-9999,-9999,-9999,-9999,-9999,-9999,-9999,-9999,-9999,-9999,1.54,0.67,13.39,0.47,1357.5,16.29,2.86,-0.02,-0.02,1.07,6.87
SRS5MAR7242S,25.37702,-81.03235,SRS,2,Mangrove,5,3,2024,-9999,-9999,-9999,-9999,-9999,-9999,-9999,-9999,-9999,-9999,-9999,-9999,-9999,1.55,0.66,11.93,0.49,1450.83,17.41,2.8,-0.02,-0.02,0.93,7.57
SRS5ABR4242s,25.37702,-81.03235,SRS,2,Mangrove,5,4,2024,-9999,-9999,-9999,-9999,-9999,-9999,-9999,-9999,-9999,-9999,-9999,-9999,-9999,1.53,0.66,16.92,0.47,1449.17,17.39,2.69,-0.02,-0.02,0.93,6.84
SRS5MAY2242s,25.37702,-81.03235,SRS,2,Mangrove,5,5,2024,-9999,-9999,-9999,-9999,-9999,-9999,-9999,-9999,-9999,-9999,-9999,-9999,-9999,1.52,0.67,-9999,0.39,1089.17,13.07,2.95,-0.02,-0.02,0.92,6.34
SRS5JUN3242s,25.37702,-81.03235,SRS,2,Mangrove,5,6,2024,-9999,-9999,-9999,-9999,-9999,-9999,-9999,-9999,-9999,-9999,-9999,-9999,-9999,1.52,0.64,14.15,0.54,1273.33,15.28,3.51,-0.02,-0.02,1.06,5.95
SR52407112s,25.37702,-81.03235,SRS,2,Mangrove,5,7,2024,-9999,-9999,-9999,-9999,-9999,-9999,-9999,-9999,-9999,-9999,-9999,-9999,-9999,1.53,0.63,12.84,0.46,1124.17,13.49,3.4,-0.02,-0.02,1.08,5.53
SR5AUG08242s,25.37702,-81.03235,SRS,2,Mangrove,5,8,2024,-9999,-9999,-9999,-9999,-9999,-9999,-9999,-9999,-9999,-9999,-9999,-9999,-9999,1.52,0.66,11.16,0.3,997.5,11.97,2.49,-0.02,-0.02,1.11,5.51
SR5SEP09242s,25.37702,-81.03235,SRS,2,Mangrove,5,9,2024,-9999,-9999,-9999,-9999,-9999,-9999,-9999,-9999,-9999,-9999,-9999,-9999,-9999,1.52,0.64,10.62,0.36,745.67,8.95,3.98,-0.02,-0.02,1.12,5.38
SR5OCT01242s,25.37702,-81.03235,SRS,2,Mangrove,5,10,2024,-9999,-9999,-9999,-9999,-9999,-9999,-9999,-9999,-9999,-9999,-9999,-9999,-9999,1.51,0.63,19.5,0.42,1007.5,12.09,3.47,-0.02,-0.02,0.89,5.44
SR5NOV08242s,25.37702,-81.03235,SRS,2,Mangrove,5,11,2024,-9999,-9999,-9999,-9999,-9999,-9999,-9999,-9999,-9999,-9999,-9999,-9999,-9999,1.53,0.66,16.73,0.34,891.67,10.7,3.18,-0.02,-0.02,0.94,5.84
SR5DEC05242s,25.37702,-81.03235,SRS,2,Mangrove,5,12,2024,-9999,-9999,-9999,-9999,-9999,-9999,-9999,-9999,-9999,-9999,-9999,-9999,-9999,1.56,0.65,15.04,0.42,1242.5,14.91,2.81,-0.02,-0.02,0.99,6.35
SRS6Jan09232s,25.36463,-81.07795,SRS,2,Mangrove,6,1,2023,-9999,-9999,-9999,-9999,-9999,-9999,-9999,-9999,-9999,-9999,-9999,-9999,-9999,1.53,0.67,11.31,0.35,870.83,10.45,3.31,-0.02,-0.02,1.1,6.6
SRS6Feb7232s,25.36463,-81.07795,SRS,2,Mangrove,6,2,2023,-9999,-9999,-9999,-9999,-9999,-9999,-9999,-9999,-9999,-9999,-9999,-9999,-9999,1.56,0.69,11.8,0.35,860.85,10.33,3.39,-0.02,-0.02,1.19,6.38
SRS6Mar2232s,25.36463,-81.07795,SRS,2,Mangrove,6,3,2023,-9999,-9999,-9999,-9999,-9999,-9999,-9999,-9999,-9999,-9999,-9999,-9999,-9999,1.55,0.69,11.24,0.29,726.25,8.72,3.34,-0.02,-0.02,1.1,6.56
SRS6Apr6232s,25.36463,-81.07795,SRS,2,Mangrove,6,4,2023,-9999,-9999,-9999,-9999,-9999,-9999,-9999,-9999,-9999,-9999,-9999,-9999,-9999,1.55,0.7,12.69,0.3,788.75,9.47,3.18,-0.02,-0.02,1.12,6.56
SRS6May10232s,25.36463,-81.07795,SRS,2,Mangrove,6,5,2023,-9999,-9999,-9999,-9999,-9999,-9999,-9999,-9999,-9999,-9999,-9999,-9999,-9999,1.53,0.69,10.06,0.29,749.25,8.99,3.19,-0.02,-0.02,1.09,6.27
SRS6Jun6232s,25.36463,-81.07795,SRS,2,Mangrove,6,6,2023,-9999,-9999,-9999,-9999,-9999,-9999,-9999,-9999,-9999,-9999,-9999,-9999,-9999,1.53,0.65,13.94,0.36,907.5,10.89,3.32,-0.02,-0.02,1.12,6.03
SRS6July3232s,25.36463,-81.07795,SRS,2,Mangrove,6,7,2023,-9999,-9999,-9999,-9999,-9999,-9999,-9999,-9999,-9999,-9999,-9999,-9999,-9999,1.53,0.65,13.76,0.38,995,11.94,3.17,-0.02,-0.02,1.08,5.55
SRS6Aug08232s,25.36463,-81.07795,SRS,2,Mangrove,6,8,2023,-9999,-9999,-9999,-9999,-9999,-9999,-9999,-9999,-9999,-9999,-9999,-9999,-9999,1.51,0.66,14.84,0.26,726.25,8.72,3.03,-0.02,-0.02,1.11,5.65
SRS6Sept7232s,25.36463,-81.07795,SRS,2,Mangrove,6,9,2023,-9999,-9999,-9999,-9999,-9999,-9999,-9999,-9999,-9999,-9999,-9999,-9999,-9999,1.52,0.69,12.72,0.25,673.25,8.08,3.1,-0.02,-0.02,1.09,6.07
SRS6Oct5232s,25.36463,-81.07795,SRS,2,Mangrove,6,10,2023,-9999,-9999,-9999,-9999,-9999,-9999,-9999,-9999,-9999,-9999,-9999,-9999,-9999,1.53,0.66,12.59,0.24,642.33,7.71,3.11,-0.02,-0.02,1.11,5.1
SRS6Nov14232s,25.36463,-81.07795,SRS,2,Mangrove,6,11,2023,-9999,-9999,-9999,-9999,-9999,-9999,-9999,-9999,-9999,-9999,-9999,-9999,-9999,1.52,0.67,15.58,0.35,961.67,11.54,3,-0.02,-0.02,1.1,6.29
SRS6Dec7232s,25.36463,-81.07795,SRS,2,Mangrove,6,12,2023,-9999,-9999,-9999,-9999,-9999,-9999,-9999,-9999,-9999,-9999,-9999,-9999,-9999,1.53,0.66,11.86,0.33,999.17,11.99,2.79,-0.02,-0.02,1.03,6.77
SRS6Jan8242s,25.36463,-81.07795,SRS,2,Mangrove,6,1,2024,-9999,-9999,-9999,-9999,-9999,-9999,-9999,-9999,-9999,-9999,-9999,-9999,-9999,1.54,0.67,13.84,0.33,947.5,11.37,2.89,-0.02,-0.02,1.03,6.93
SRS6Feb1242s,25.36463,-81.07795,SRS,2,Mangrove,6,2,2024,-9999,-9999,-9999,-9999,-9999,-9999,-9999,-9999,-9999,-9999,-9999,-9999,-9999,1.54,0.7,12.19,0.33,941.67,11.3,2.9,-0.02,-0.02,1.1,6.18
SRS6MAR7242S,25.36463,-81.07795,SRS,2,Mangrove,6,3,2024,-9999,-9999,-9999,-9999,-9999,-9999,-9999,-9999,-9999,-9999,-9999,-9999,-9999,1.54,0.69,11.87,0.29,878.33,10.54,2.76,-0.02,-0.02,0.9,7.98
SRS6ABR4242s,25.36463,-81.07795,SRS,2,Mangrove,6,4,2024,-9999,-9999,-9999,-9999,-9999,-9999,-9999,-9999,-9999,-9999,-9999,-9999,-9999,1.52,0.66,22.57,0.34,990,11.88,2.87,-0.02,-0.02,0.93,6.25
SRS6May2242s,25.36463,-81.07795,SRS,2,Mangrove,6,5,2024,-9999,-9999,-9999,-9999,-9999,-9999,-9999,-9999,-9999,-9999,-9999,-9999,-9999,1.53,0.72,10.72,0.23,616.25,7.4,3.14,-0.02,-0.02,1.1,6.87
SRS6JUN3242s,25.36463,-81.07795,SRS,2,Mangrove,6,6,2024,-9999,-9999,-9999,-9999,-9999,-9999,-9999,-9999,-9999,-9999,-9999,-9999,-9999,1.55,0.7,11.97,0.26,679.17,8.15,3.15,-0.02,-0.02,1.07,6.36
SR62407112s,25.36463,-81.07795,SRS,2,Mangrove,6,7,2024,-9999,-9999,-9999,-9999,-9999,-9999,-9999,-9999,-9999,-9999,-9999,-9999,-9999,1.54,0.66,13.04,0.35,880.83,10.57,3.31,-0.02,-0.02,1.1,5.63
SR6AUG08242s,25.36463,-81.07795,SRS,2,Mangrove,6,8,2024,-9999,-9999,-9999,-9999,-9999,-9999,-9999,-9999,-9999,-9999,-9999,-9999,-9999,1.51,0.64,13.89,0.43,711.5,8.54,5.09,-0.02,-0.02,1.07,5.46
SR6SEP09242s,25.36463,-81.07795,SRS,2,Mangrove,6,9,2024,-9999,-9999,-9999,-9999,-9999,-9999,-9999,-9999,-9999,-9999,-9999,-9999,-9999,1.52,0.66,10.89,0.25,554.42,6.65,3.71,-0.02,-0.02,1.11,5.45
SR6OCT01242s,25.36463,-81.07795,SRS,2,Mangrove,6,10,2024,-9999,-9999,-9999,-9999,-9999,-9999,-9999,-9999,-9999,-9999,-9999,-9999,-9999,1.52,0.63,31.81,0.36,862.5,10.35,3.49,-0.01,-0.02,0.89,5.23
SR6NOV08242s,25.36463,-81.07795,SRS,2,Mangrove,6,11,2024,-9999,-9999,-9999,-9999,-9999,-9999,-9999,-9999,-9999,-9999,-9999,-9999,-9999,1.53,0.68,14.72,0.23,601.42,7.22,3.22,-0.02,-0.02,0.92,5.63
SR6DEC05242s,25.36463,-81.07795,SRS,2,Mangrove,6,12,2024,-9999,-9999,-9999,-9999,-9999,-9999,-9999,-9999,-9999,-9999,-9999,-9999,-9999,1.56,0.67,12.9,0.32,1012.5,12.15,2.6,-0.02,-0.02,1,6.3
SRS1dJan11232,25.42389,-80.5903,TS,3,Marsh,1,1,2023,-9999,-9999,-9999,-9999,-9999,-9999,-9999,-9999,-9999,-9999,-9999,-9999,-9999,1.5,0.65,14.43,0.64,657.08,7.89,8.13,-0.02,-0.02,0.96,8.05
TS1Jan11232s,25.42389,-80.5903,TS,3,Marsh,1,1,2023,-9999,-9999,-9999,-9999,-9999,-9999,-9999,-9999,-9999,-9999,-9999,-9999,-9999,1.62,0.71,12.6,0.2,657.08,7.89,2.48,-0.02,-0.02,1.04,7.34
TS1Feb7232s,25.42389,-80.5903,TS,3,Marsh,1,2,2023,-9999,-9999,-9999,-9999,-9999,-9999,-9999,-9999,-9999,-9999,-9999,-9999,-9999,1.63,0.7,10.99,0.18,596.83,7.16,2.5,-0.02,-0.02,1.03,7.46
TS1Mar06232s,25.42389,-80.5903,TS,3,Marsh,1,3,2023,-9999,-9999,-9999,-9999,-9999,-9999,-9999,-9999,-9999,-9999,-9999,-9999,-9999,1.63,0.71,11.03,0.18,673.5,8.08,2.28,-0.02,-0.02,0.96,8.01
TS1May232s,25.42389,-80.5903,TS,3,Marsh,1,5,2023,-9999,-9999,-9999,-9999,-9999,-9999,-9999,-9999,-9999,-9999,-9999,-9999,-9999,1.58,0.6,12.35,0.43,1074.17,12.89,3.35,-0.02,-0.02,0.81,5.71
TS1July5232s,25.42389,-80.5903,TS,3,Marsh,1,7,2023,-9999,-9999,-9999,-9999,-9999,-9999,-9999,-9999,-9999,-9999,-9999,-9999,-9999,1.58,0.71,10.89,0.17,714.75,8.58,1.99,-0.02,-0.02,0.97,6.59
TS1Sept7232s,25.42389,-80.5903,TS,3,Marsh,1,9,2023,-9999,-9999,-9999,-9999,-9999,-9999,-9999,-9999,-9999,-9999,-9999,-9999,-9999,1.57,0.71,10.4,0.19,-9999,-9999,-9999,-0.02,-0.02,1.01,7.44
TS12407012s,25.42389,-80.5903,TS,3,Marsh,1,7,2024,-9999,-9999,-9999,-9999,-9999,-9999,-9999,-9999,-9999,-9999,-9999,-9999,-9999,1.52,0.7,9.72,0.2,-9999,-9999,-9999,-0.02,-0.02,1.02,6.94
TS1NOV01242s,25.42389,-80.5903,TS,3,Marsh,1,11,2024,-9999,-9999,-9999,-9999,-9999,-9999,-9999,-9999,-9999,-9999,-9999,-9999,-9999,1.58,0.72,14.16,0.14,621.67,7.46,1.84,-0.01,-0.02,0.72,7.28
TS1DEC05242s,25.42389,-80.5903,TS,3,Marsh,1,12,2024,-9999,-9999,-9999,-9999,-9999,-9999,-9999,-9999,-9999,-9999,-9999,-9999,-9999,1.65,0.71,10.03,0.17,653.17,7.84,2.2,-0.02,-0.02,0.88,7.37
TS2Jan09232s,25.40357,-80.6069,TS,3,Marsh,2,1,2023,-9999,-9999,-9999,-9999,-9999,-9999,-9999,-9999,-9999,-9999,-9999,-9999,-9999,1.62,0.76,8.12,0.15,667.71,8.01,1.86,-0.02,-0.02,1.02,8.77
TS2Feb232s,25.40357,-80.6069,TS,3,Marsh,2,2,2023,-9999,-9999,-9999,-9999,-9999,-9999,-9999,-9999,-9999,-9999,-9999,-9999,-9999,1.61,0.73,10.37,0.21,622,7.46,2.75,-0.02,-0.02,1.1,7.62
TS2Mar07232s,25.40357,-80.6069,TS,3,Marsh,2,3,2023,-9999,-9999,-9999,-9999,-9999,-9999,-9999,-9999,-9999,-9999,-9999,-9999,-9999,1.6,0.72,10.04,0.19,686.58,8.24,2.36,-0.02,-0.02,1.02,6.08
TS2May2232s,25.40357,-80.6069,TS,3,Marsh,2,5,2023,-9999,-9999,-9999,-9999,-9999,-9999,-9999,-9999,-9999,-9999,-9999,-9999,-9999,1.61,0.72,9.03,0.18,557.25,6.69,2.69,-0.02,-0.02,0.97,7.38
TS2Jun6232s,25.40357,-80.6069,TS,3,Marsh,2,6,2023,-9999,-9999,-9999,-9999,-9999,-9999,-9999,-9999,-9999,-9999,-9999,-9999,-9999,1.58,0.73,9.69,0.17,584.08,7.01,2.41,-0.02,-0.02,1.04,7.03
TS2July3232s,25.40357,-80.6069,TS,3,Marsh,2,7,2023,-9999,-9999,-9999,-9999,-9999,-9999,-9999,-9999,-9999,-9999,-9999,-9999,-9999,1.58,0.74,7.32,0.18,723.25,8.68,2.03,-0.02,-0.02,1.01,7.63
TS2Aug08232s,25.40357,-80.6069,TS,3,Marsh,2,8,2023,-9999,-9999,-9999,-9999,-9999,-9999,-9999,-9999,-9999,-9999,-9999,-9999,-9999,1.58,0.73,6.14,0.18,774.75,9.3,1.95,-0.02,-0.02,1.08,7.73
TS2Sept5232s,25.40357,-80.6069,TS,3,Marsh,2,9,2023,-9999,-9999,-9999,-9999,-9999,-9999,-9999,-9999,-9999,-9999,-9999,-9999,-9999,1.56,0.74,6.14,0.15,621.17,7.45,2.02,-0.02,-0.02,1.06,7.86
TS2Oct3232s,25.40357,-80.6069,TS,3,Marsh,2,10,2023,-9999,-9999,-9999,-9999,-9999,-9999,-9999,-9999,-9999,-9999,-9999,-9999,-9999,1.63,0.77,5.74,0.11,641.42,7.7,1.47,-0.02,-0.02,1.07,6.06
TS2Nov1232s,25.40357,-80.6069,TS,3,Marsh,2,11,2023,-9999,-9999,-9999,-9999,-9999,-9999,-9999,-9999,-9999,-9999,-9999,-9999,-9999,1.59,0.75,7.79,0.14,644,7.73,1.83,-0.02,-0.02,1.04,8.48
TS2Dec4232s,25.40357,-80.6069,TS,3,Marsh,2,12,2023,-9999,-9999,-9999,-9999,-9999,-9999,-9999,-9999,-9999,-9999,-9999,-9999,-9999,1.57,0.75,5.63,0.13,632.93,7.6,1.66,-0.02,-0.02,0.98,9.01
TS2Jan9242s,25.40357,-80.6069,TS,3,Marsh,2,1,2024,-9999,-9999,-9999,-9999,-9999,-9999,-9999,-9999,-9999,-9999,-9999,-9999,-9999,1.6,0.75,6.88,0.14,564,6.77,2.03,-0.02,-0.02,1.06,9.4
TS2FEB6242S,25.40357,-80.6069,TS,3,Marsh,2,2,2024,-9999,-9999,-9999,-9999,-9999,-9999,-9999,-9999,-9999,-9999,-9999,-9999,-9999,1.64,0.76,7.61,0.11,577,6.92,1.56,-0.02,-0.09,0.26,16.97
TS2MAR5242S,25.40357,-80.6069,TS,3,Marsh,2,3,2024,-9999,-9999,-9999,-9999,-9999,-9999,-9999,-9999,-9999,-9999,-9999,-9999,-9999,1.62,0.72,8.37,0.15,680.67,8.17,1.85,-0.02,-0.04,0.57,12.02
TS2ABR8242s,25.40357,-80.6069,TS,3,Marsh,2,4,2024,-9999,-9999,-9999,-9999,-9999,-9999,-9999,-9999,-9999,-9999,-9999,-9999,-9999,1.62,0.76,17.28,0.11,566.33,6.8,1.62,-0.01,-0.02,0.66,7.97
TS2May622s,25.40357,-80.6069,TS,3,Marsh,2,5,2024,-9999,-9999,-9999,-9999,-9999,-9999,-9999,-9999,-9999,-9999,-9999,-9999,-9999,1.66,0.75,7.64,0.15,510.83,6.13,2.46,-0.02,-0.02,1.05,6.19
TS22406052s,25.40357,-80.6069,TS,3,Marsh,2,6,2024,-9999,-9999,-9999,-9999,-9999,-9999,-9999,-9999,-9999,-9999,-9999,-9999,-9999,1.67,0.75,8.87,0.15,541.5,6.5,2.29,-0.02,-0.02,0.98,7.45
TS2JUL0324,25.40357,-80.6069,TS,3,Marsh,2,7,2024,-9999,-9999,-9999,-9999,-9999,-9999,-9999,-9999,-9999,-9999,-9999,-9999,-9999,1.58,0.72,7.54,0.2,702.92,8.44,2.38,-0.02,-0.02,0.94,6.64
TS2AUG06242s,25.40357,-80.6069,TS,3,Marsh,2,8,2024,-9999,-9999,-9999,-9999,-9999,-9999,-9999,-9999,-9999,-9999,-9999,-9999,-9999,1.58,0.77,5.38,0.16,623.58,7.48,2.14,-0.02,-0.02,1.11,7.89
TS2SEP03242s,25.40357,-80.6069,TS,3,Marsh,2,9,2024,-9999,-9999,-9999,-9999,-9999,-9999,-9999,-9999,-9999,-9999,-9999,-9999,-9999,1.55,0.76,4.86,0.17,622.67,7.47,2.28,-0.02,-0.02,1.1,7.63
TS2OCT02242s,25.40357,-80.6069,TS,3,Marsh,2,10,2024,-9999,-9999,-9999,-9999,-9999,-9999,-9999,-9999,-9999,-9999,-9999,-9999,-9999,1.57,0.75,9.74,0.14,656,7.87,1.83,-0.01,-0.02,0.73,7.21
TS2NOV04242s,25.40357,-80.6069,TS,3,Marsh,2,11,2024,-9999,-9999,-9999,-9999,-9999,-9999,-9999,-9999,-9999,-9999,-9999,-9999,-9999,1.61,0.74,8.2,0.14,667.75,8.01,1.69,-0.02,-0.02,0.77,7.31
TS2DEC05242s,25.40357,-80.6069,TS,3,Marsh,2,12,2024,-9999,-9999,-9999,-9999,-9999,-9999,-9999,-9999,-9999,-9999,-9999,-9999,-9999,1.66,0.74,10.7,0.14,547.42,6.57,2.08,-0.02,-0.02,0.79,7.99
TS3Jan11242s,25.25241,-80.66272,TS,3,Marsh,3,1,2023,-9999,-9999,-9999,-9999,-9999,-9999,-9999,-9999,-9999,-9999,-9999,-9999,-9999,1.5,0.66,-9999,0.07,-9999,-9999,-9999,0.02,-0.02,-0.94,3.3
TS3Feb14232s,25.25241,-80.66272,TS,3,Marsh,3,2,2023,-9999,-9999,-9999,-9999,-9999,-9999,-9999,-9999,-9999,-9999,-9999,-9999,-9999,1.59,0.7,7.21,0.25,864.17,10.37,2.42,-0.02,-0.02,1.07,7.27
TS3Mar14232s,25.25241,-80.66272,TS,3,Marsh,3,3,2023,-9999,-9999,-9999,-9999,-9999,-9999,-9999,-9999,-9999,-9999,-9999,-9999,-9999,1.61,0.71,6.99,0.3,1174.17,14.09,2.16,-0.02,-0.02,1.07,7.23
TS3Apr18232s,25.25241,-80.66272,TS,3,Marsh,3,4,2023,-9999,-9999,-9999,-9999,-9999,-9999,-9999,-9999,-9999,-9999,-9999,-9999,-9999,1.55,0.68,7.22,0.52,1470,17.64,2.92,-0.02,-0.02,1.06,5.54
TS3May25232s,25.25241,-80.66272,TS,3,Marsh,3,5,2023,-9999,-9999,-9999,-9999,-9999,-9999,-9999,-9999,-9999,-9999,-9999,-9999,-9999,1.54,0.64,7.41,0.5,1745.83,20.95,2.38,-0.02,-0.02,0.96,6.87
TS3Jun15232s,25.25241,-80.66272,TS,3,Marsh,3,6,2023,-9999,-9999,-9999,-9999,-9999,-9999,-9999,-9999,-9999,-9999,-9999,-9999,-9999,1.54,0.66,5.84,0.23,995,11.94,1.92,-0.02,-0.02,0.97,5.62
TS3July11232s,25.25241,-80.66272,TS,3,Marsh,3,7,2023,-9999,-9999,-9999,-9999,-9999,-9999,-9999,-9999,-9999,-9999,-9999,-9999,-9999,1.51,0.65,6.8,0.31,1046.67,12.56,2.43,-0.02,-0.02,1,5.23
TS3Aug10232s,25.25241,-80.66272,TS,3,Marsh,3,8,2023,-9999,-9999,-9999,-9999,-9999,-9999,-9999,-9999,-9999,-9999,-9999,-9999,-9999,1.52,0.65,7.05,0.31,862.5,10.35,2.96,-0.01,-0.02,0.68,6.1
TS3Sept11232s,25.25241,-80.66272,TS,3,Marsh,3,9,2023,-9999,-9999,-9999,-9999,-9999,-9999,-9999,-9999,-9999,-9999,-9999,-9999,-9999,1.52,0.66,7.21,0.26,823.67,9.88,2.6,-0.02,-0.02,0.98,6.18
TS3Oct16232s,25.25241,-80.66272,TS,3,Marsh,3,10,2023,-9999,-9999,-9999,-9999,-9999,-9999,-9999,-9999,-9999,-9999,-9999,-9999,-9999,1.52,0.64,6.01,0.22,864.17,10.37,2.11,-0.02,-0.02,0.97,4.81
TS3Nov8232s,25.25241,-80.66272,TS,3,Marsh,3,11,2023,-9999,-9999,-9999,-9999,-9999,-9999,-9999,-9999,-9999,-9999,-9999,-9999,-9999,1.51,0.65,8.08,0.22,711.83,8.54,2.54,-0.02,-0.02,1.01,6.55
TS3Dec6232s,25.25241,-80.66272,TS,3,Marsh,3,12,2023,-9999,-9999,-9999,-9999,-9999,-9999,-9999,-9999,-9999,-9999,-9999,-9999,-9999,1.55,0.65,7.22,0.19,603.25,7.24,2.68,-0.02,-0.02,1.03,6.87
TS3Jan11242s,25.25241,-80.66272,TS,3,Marsh,3,1,2024,-9999,-9999,-9999,-9999,-9999,-9999,-9999,-9999,-9999,-9999,-9999,-9999,-9999,1.57,0.67,6.97,0.16,570.83,6.85,2.4,-0.02,-0.02,1,6.73
TS3FEB7242S,25.25241,-80.66272,TS,3,Marsh,3,2,2024,-9999,-9999,-9999,-9999,-9999,-9999,-9999,-9999,-9999,-9999,-9999,-9999,-9999,1.56,0.7,6.15,0.18,675.67,8.11,2.21,-0.02,-0.02,0.85,7.97
TS3MAR11242s,25.25241,-80.66272,TS,3,Marsh,3,3,2024,-9999,-9999,-9999,-9999,-9999,-9999,-9999,-9999,-9999,-9999,-9999,-9999,-9999,1.57,0.68,5.89,0.24,898.33,10.78,2.25,-0.02,-0.01,1.27,5.45
TS3ABR10242s,25.25241,-80.66272,TS,3,Marsh,3,4,2024,-9999,-9999,-9999,-9999,-9999,-9999,-9999,-9999,-9999,-9999,-9999,-9999,-9999,1.53,0.68,11.82,0.2,694.25,8.33,2.46,-0.01,-0.02,0.78,6.04
TS3May8242s,25.25241,-80.66272,TS,3,Marsh,3,5,2024,-9999,-9999,-9999,-9999,-9999,-9999,-9999,-9999,-9999,-9999,-9999,-9999,-9999,1.58,0.69,7.14,0.31,935.83,11.23,2.77,-0.02,-0.02,0.96,5.71
TS3JUN20242s,25.25241,-80.66272,TS,3,Marsh,3,6,2024,-9999,-9999,-9999,-9999,-9999,-9999,-9999,-9999,-9999,-9999,-9999,-9999,-9999,1.57,0.66,-9999,0.23,860.83,10.33,2.26,-0.01,-0.02,0.46,5.2
TS3JUL1824,25.25241,-80.66272,TS,3,Marsh,3,7,2024,-9999,-9999,-9999,-9999,-9999,-9999,-9999,-9999,-9999,-9999,-9999,-9999,-9999,1.55,0.66,7.89,0.33,891.67,10.7,3.12,-0.02,-0.02,0.89,5.13
TS3AUG14242s,25.25241,-80.66272,TS,3,Marsh,3,8,2024,-9999,-9999,-9999,-9999,-9999,-9999,-9999,-9999,-9999,-9999,-9999,-9999,-9999,1.56,0.64,7,0.3,735.25,8.82,3.43,-0.02,-0.02,0.96,5.41
TS3SEP12242s,25.25241,-80.66272,TS,3,Marsh,3,9,2024,-9999,-9999,-9999,-9999,-9999,-9999,-9999,-9999,-9999,-9999,-9999,-9999,-9999,1.53,0.64,6.43,0.25,613.42,7.36,3.46,-0.02,-0.02,0.96,5.42
TS3OCT17242s,25.25241,-80.66272,TS,3,Marsh,3,10,2024,-9999,-9999,-9999,-9999,-9999,-9999,-9999,-9999,-9999,-9999,-9999,-9999,-9999,1.52,0.65,16.17,0.16,632.08,7.59,2.17,-0.01,-0.02,0.7,5.43
TS3NOV07242s,25.25241,-80.66272,TS,3,Marsh,3,11,2024,-9999,-9999,-9999,-9999,-9999,-9999,-9999,-9999,-9999,-9999,-9999,-9999,-9999,1.53,0.67,8.89,0.19,653.5,7.84,2.36,-0.01,-0.02,0.81,5.74
TS3DEC12242s,25.25241,-80.66272,TS,3,Marsh,3,12,2024,-9999,-9999,-9999,-9999,-9999,-9999,-9999,-9999,-9999,-9999,-9999,-9999,-9999,1.57,0.67,8.49,0.17,606.58,7.28,2.39,-0.02,-0.02,0.87,6.63
TS6Jan25232s,25.21418,-80.64908,TS,2,Mangrove,6,1,2023,-9999,-9999,-9999,-9999,-9999,-9999,-9999,-9999,-9999,-9999,-9999,-9999,-9999,1.52,0.7,5.97,0.27,235,2.82,9.58,-0.02,-0.02,1.24,6.78
TS6Feb21232s,25.21418,-80.64908,TS,2,Mangrove,6,2,2023,-9999,-9999,-9999,-9999,-9999,-9999,-9999,-9999,-9999,-9999,-9999,-9999,-9999,1.52,0.72,6.07,0.29,1179.17,14.15,2.02,-0.02,-0.02,1.2,7.77
TS6Apr05232s,25.21418,-80.64908,TS,2,Mangrove,6,4,2023,-9999,-9999,-9999,-9999,-9999,-9999,-9999,-9999,-9999,-9999,-9999,-9999,-9999,1.53,0.73,6.61,0.31,1049.17,12.59,2.46,-0.02,-0.02,1.21,7.28
TS6May22232s,25.21418,-80.64908,TS,2,Mangrove,6,5,2023,-9999,-9999,-9999,-9999,-9999,-9999,-9999,-9999,-9999,-9999,-9999,-9999,-9999,1.54,0.7,7.58,0.31,1036.67,12.44,2.52,-0.02,-0.02,1.26,7.34
TS6Jun20232s,25.21418,-80.64908,TS,2,Mangrove,6,6,2023,-9999,-9999,-9999,-9999,-9999,-9999,-9999,-9999,-9999,-9999,-9999,-9999,-9999,1.52,0.64,10.93,0.56,1395,16.74,3.32,-0.02,-0.02,1.13,5.54
TS6July18232s,25.21418,-80.64908,TS,2,Mangrove,6,7,2023,-9999,-9999,-9999,-9999,-9999,-9999,-9999,-9999,-9999,-9999,-9999,-9999,-9999,1.5,0.62,10.81,0.55,1467.5,17.61,3.12,-0.02,-0.02,1.09,5.51
TS6Aug24232s,25.21418,-80.64908,TS,2,Mangrove,6,8,2023,-9999,-9999,-9999,-9999,-9999,-9999,-9999,-9999,-9999,-9999,-9999,-9999,-9999,1.5,0.63,8.9,0.45,1330.56,15.97,2.85,-0.02,-0.02,1.13,5.7
TS6Sept18232s,25.21418,-80.64908,TS,2,Mangrove,6,9,2023,-9999,-9999,-9999,-9999,-9999,-9999,-9999,-9999,-9999,-9999,-9999,-9999,-9999,1.49,0.65,7.95,0.34,1185.83,14.23,2.4,-0.02,-0.02,1.1,5.21
TS6Oct23232s,25.21418,-80.64908,TS,2,Mangrove,6,10,2023,-9999,-9999,-9999,-9999,-9999,-9999,-9999,-9999,-9999,-9999,-9999,-9999,-9999,1.49,0.64,8.62,0.39,1175,14.1,2.79,-0.02,-0.02,1.16,5.77
TS6Nov29242s,25.21418,-80.64908,TS,2,Mangrove,6,11,2023,-9999,-9999,-9999,-9999,-9999,-9999,-9999,-9999,-9999,-9999,-9999,-9999,-9999,1.54,0.68,-9999,0.1,636.5,7.64,1.36,0,-0.02,-0.11,3.59
TS6Dec19232s,25.21418,-80.64908,TS,2,Mangrove,6,12,2023,-9999,-9999,-9999,-9999,-9999,-9999,-9999,-9999,-9999,-9999,-9999,-9999,-9999,1.52,0.63,6.94,0.21,575,6.9,3.07,-0.02,-0.02,1.14,5.74
TS6Jan18242s,25.21418,-80.64908,TS,2,Mangrove,6,1,2024,-9999,-9999,-9999,-9999,-9999,-9999,-9999,-9999,-9999,-9999,-9999,-9999,-9999,1.52,0.65,8.4,0.2,528.33,6.34,3.1,-0.02,-0.02,1.1,5.68
TS6FEB26242S,25.21418,-80.64908,TS,2,Mangrove,6,2,2024,-9999,-9999,-9999,-9999,-9999,-9999,-9999,-9999,-9999,-9999,-9999,-9999,-9999,1.53,0.7,5.56,0.2,690.67,8.29,2.36,-0.02,-0.02,0.92,8.31
TS6MAR21242S,25.21418,-80.64908,TS,2,Mangrove,6,3,2024,-9999,-9999,-9999,-9999,-9999,-9999,-9999,-9999,-9999,-9999,-9999,-9999,-9999,1.52,0.72,4.87,0.24,872.5,10.47,2.28,-0.02,-0.02,0.98,8.83
TS6ABR30242s,25.21418,-80.64908,TS,2,Mangrove,6,4,2024,-9999,-9999,-9999,-9999,-9999,-9999,-9999,-9999,-9999,-9999,-9999,-9999,-9999,1.53,0.71,10.01,0.25,869.17,10.43,2.37,-0.02,-0.02,1.03,7.12
TS6MAY28242s,25.21418,-80.64908,TS,2,Mangrove,6,5,2024,-9999,-9999,-9999,-9999,-9999,-9999,-9999,-9999,-9999,-9999,-9999,-9999,-9999,1.51,0.71,6.42,0.2,723.58,8.68,2.3,-0.02,-0.02,1.26,6.57
TS6JUN26242s,25.21418,-80.64908,TS,2,Mangrove,6,6,2024,-9999,-9999,-9999,-9999,-9999,-9999,-9999,-9999,-9999,-9999,-9999,-9999,-9999,1.51,0.67,-9999,0.26,925.83,11.11,2.3,-0.01,-0.02,0.71,5.27
TS6JUL2524,25.21418,-80.64908,TS,2,Mangrove,6,7,2024,-9999,-9999,-9999,-9999,-9999,-9999,-9999,-9999,-9999,-9999,-9999,-9999,-9999,1.52,0.7,7.8,0.34,1000,12,2.8,-0.02,-0.02,1.11,6.79
TS6AUG27242s,25.21418,-80.64908,TS,2,Mangrove,6,8,2024,-9999,-9999,-9999,-9999,-9999,-9999,-9999,-9999,-9999,-9999,-9999,-9999,-9999,1.52,0.68,6.84,0.36,966.67,11.6,3.07,-0.02,-0.02,1.19,6.51
TS6SEP23242s,25.21418,-80.64908,TS,2,Mangrove,6,9,2024,-9999,-9999,-9999,-9999,-9999,-9999,-9999,-9999,-9999,-9999,-9999,-9999,-9999,1.5,0.71,5.4,0.27,768,9.22,2.89,-0.02,-0.02,1.18,6.49
TS6Nov29242s,25.21418,-80.64908,TS,2,Mangrove,6,11,2024,-9999,-9999,-9999,-9999,-9999,-9999,-9999,-9999,-9999,-9999,-9999,-9999,-9999,1.53,0.68,6.17,0.2,684.08,8.21,2.47,-0.02,-0.02,1.14,5.88
TS6NOV15242s,25.21418,-80.64908,TS,2,Mangrove,6,11,2024,-9999,-9999,-9999,-9999,-9999,-9999,-9999,-9999,-9999,-9999,-9999,-9999,-9999,1.51,0.68,8.68,0.2,684.08,8.21,2.38,-0.02,-0.02,0.97,5.48
TS6DEC19242s,25.21418,-80.64908,TS,2,Mangrove,6,12,2024,-9999,-9999,-9999,-9999,-9999,-9999,-9999,-9999,-9999,-9999,-9999,-9999,-9999,1.54,0.7,6.54,0.18,702.58,8.43,2.17,-0.02,-0.02,1.04,6.79
TS7Jan25232s,25.1908,-80.63911,TS,2,Mangrove,7,1,2023,-9999,-9999,-9999,-9999,-9999,-9999,-9999,-9999,-9999,-9999,-9999,-9999,-9999,1.56,0.7,7.09,0.3,227.58,2.73,10.98,-0.02,-0.02,1.21,7.04
TS7Feb21232s,25.1908,-80.63911,TS,2,Mangrove,7,2,2023,-9999,-9999,-9999,-9999,-9999,-9999,-9999,-9999,-9999,-9999,-9999,-9999,-9999,1.52,0.72,6.38,0.28,1025,12.3,2.26,-0.02,-0.02,1.25,7.24
TS7Apr05232s,25.1908,-80.63911,TS,2,Mangrove,7,4,2023,-9999,-9999,-9999,-9999,-9999,-9999,-9999,-9999,-9999,-9999,-9999,-9999,-9999,1.5,0.87,3.96,0.15,779.17,9.35,1.56,-0.03,-0.02,1.52,10.6
TS7Apr232s,25.1908,-80.63911,TS,2,Mangrove,7,4,2023,-9999,-9999,-9999,-9999,-9999,-9999,-9999,-9999,-9999,-9999,-9999,-9999,-9999,1.5,0.73,5.66,0.2,702.75,8.43,2.36,-0.02,-0.02,1.19,6.81
TS7May22232s,25.1908,-80.63911,TS,2,Mangrove,7,5,2023,-9999,-9999,-9999,-9999,-9999,-9999,-9999,-9999,-9999,-9999,-9999,-9999,-9999,1.57,0.76,5.67,0.25,890,10.68,2.3,-0.02,-0.02,1.34,7.65
TS7Jun20232s,25.1908,-80.63911,TS,2,Mangrove,7,6,2023,-9999,-9999,-9999,-9999,-9999,-9999,-9999,-9999,-9999,-9999,-9999,-9999,-9999,1.49,0.59,11.27,0.67,1456.67,17.48,3.83,-0.02,-0.02,1.1,5.2
TS7July18232s,25.1908,-80.63911,TS,2,Mangrove,7,7,2023,-9999,-9999,-9999,-9999,-9999,-9999,-9999,-9999,-9999,-9999,-9999,-9999,-9999,1.48,0.6,10.73,0.71,1769.17,21.23,3.32,-0.02,-0.02,1.1,5.28
TS7Aug24232s,25.1908,-80.63911,TS,2,Mangrove,7,8,2023,-9999,-9999,-9999,-9999,-9999,-9999,-9999,-9999,-9999,-9999,-9999,-9999,-9999,1.49,0.61,11.04,0.55,1505.83,18.07,3.06,-0.02,-0.02,1.13,5.25
TS7Sept20232s,25.1908,-80.63911,TS,2,Mangrove,7,9,2023,-9999,-9999,-9999,-9999,-9999,-9999,-9999,-9999,-9999,-9999,-9999,-9999,-9999,1.49,0.6,9.93,0.7,1797.5,21.57,3.24,-0.02,-0.02,1.12,5.01
TS7Oct23232s,25.1908,-80.63911,TS,2,Mangrove,7,10,2023,-9999,-9999,-9999,-9999,-9999,-9999,-9999,-9999,-9999,-9999,-9999,-9999,-9999,1.49,0.6,11.8,0.66,1683.33,20.2,3.26,-0.02,-0.02,1.13,5.27
TS7Nov29242s,25.1908,-80.63911,TS,2,Mangrove,7,11,2023,-9999,-9999,-9999,-9999,-9999,-9999,-9999,-9999,-9999,-9999,-9999,-9999,-9999,1.48,0.62,-9999,0.21,742.17,8.91,2.34,-0.01,-0.02,0.46,3.88
TS7Dec19232s,25.1908,-80.63911,TS,2,Mangrove,7,12,2023,-9999,-9999,-9999,-9999,-9999,-9999,-9999,-9999,-9999,-9999,-9999,-9999,-9999,1.48,0.6,9.99,0.3,707.33,8.49,3.54,-0.02,-0.01,1.11,5.01
TS7Jan18242s,25.1908,-80.63911,TS,2,Mangrove,7,1,2024,-9999,-9999,-9999,-9999,-9999,-9999,-9999,-9999,-9999,-9999,-9999,-9999,-9999,1.49,0.61,7.81,0.27,625.92,7.51,3.56,-0.02,-0.02,1.1,5.02
TS7FEB26242S,25.1908,-80.63911,TS,2,Mangrove,7,2,2024,-9999,-9999,-9999,-9999,-9999,-9999,-9999,-9999,-9999,-9999,-9999,-9999,-9999,1.49,0.66,7.81,0.25,748.25,8.98,2.78,-0.02,-0.02,0.95,6.89
TS7MAR21242s,25.1908,-80.63911,TS,2,Mangrove,7,3,2024,-9999,-9999,-9999,-9999,-9999,-9999,-9999,-9999,-9999,-9999,-9999,-9999,-9999,1.55,0.7,5.65,0.25,847.5,10.17,2.5,-0.02,-0.02,1.19,6.84
TS7ABR30242s,25.1908,-80.63911,TS,2,Mangrove,7,4,2024,-9999,-9999,-9999,-9999,-9999,-9999,-9999,-9999,-9999,-9999,-9999,-9999,-9999,1.55,0.71,17.02,0.23,799.58,9.6,2.42,-0.02,-0.02,1,6.63
TS7MAY28242s,25.1908,-80.63911,TS,2,Mangrove,7,5,2024,-9999,-9999,-9999,-9999,-9999,-9999,-9999,-9999,-9999,-9999,-9999,-9999,-9999,1.62,0.92,3.45,0.1,618,7.42,1.41,-0.03,-0.03,1.14,18.61
TS7JUN26242s,25.1908,-80.63911,TS,2,Mangrove,7,6,2024,-9999,-9999,-9999,-9999,-9999,-9999,-9999,-9999,-9999,-9999,-9999,-9999,-9999,1.51,0.64,-9999,0.29,923.33,11.08,2.59,-0.01,-0.02,0.73,4.91
TS7JUL2524,25.1908,-80.63911,TS,2,Mangrove,7,7,2024,-9999,-9999,-9999,-9999,-9999,-9999,-9999,-9999,-9999,-9999,-9999,-9999,-9999,1.61,0.85,5.44,0.17,788.75,9.47,1.85,-0.02,-0.02,1.19,10.7
TS7AUG27242s,25.1908,-80.63911,TS,2,Mangrove,7,8,2024,-9999,-9999,-9999,-9999,-9999,-9999,-9999,-9999,-9999,-9999,-9999,-9999,-9999,1.51,0.65,7.71,0.47,1099.17,13.19,3.53,-0.02,-0.02,1.18,5.67
TS7SEP23242s,25.1908,-80.63911,TS,2,Mangrove,7,9,2024,-9999,-9999,-9999,-9999,-9999,-9999,-9999,-9999,-9999,-9999,-9999,-9999,-9999,1.53,0.64,7.85,0.44,1030.83,12.37,3.57,-0.02,-0.02,1.16,5.36
TS7Nov29242s,25.1908,-80.63911,TS,2,Mangrove,7,11,2024,-9999,-9999,-9999,-9999,-9999,-9999,-9999,-9999,-9999,-9999,-9999,-9999,-9999,1.49,0.61,8.26,0.29,734.17,8.81,3.25,-0.02,-0.02,1.1,5.19
TS7NOV15242s,25.1908,-80.63911,TS,2,Mangrove,7,11,2024,-9999,-9999,-9999,-9999,-9999,-9999,-9999,-9999,-9999,-9999,-9999,-9999,-9999,1.55,0.77,9.25,0.19,734.17,8.81,2.1,-0.02,-0.02,0.99,6.79
TS7DEC19242s,25.1908,-80.63911,TS,2,Mangrove,7,12,2024,-9999,-9999,-9999,-9999,-9999,-9999,-9999,-9999,-9999,-9999,-9999,-9999,-9999,1.62,0.81,5.08,0.13,579.58,6.96,1.85,-0.02,-0.02,1.02,9.3
LTER166FB009,25.02477,-80.68097,TS,1,Marine,9,11,2022,-9999,-9999,-9999,-9999,-9999,-9999,-9999,-9999,-9999,-9999,-9999,-9999,-9999,1.55,0.92,5.15,0.11,498,5.98,1.91,-0.02,-0.02,1.45,9.54
LTER168FB009,25.02477,-80.68097,TS,1,Marine,9,1,2023,-9999,-9999,-9999,-9999,-9999,-9999,-9999,-9999,-9999,-9999,-9999,-9999,-9999,1.46,0.97,3.85,0.1,424.58,5.09,1.94,-0.03,-0.02,1.57,12.53
LTER169FB009,25.02477,-80.68097,TS,1,Marine,9,2,2023,-9999,-9999,-9999,-9999,-9999,-9999,-9999,-9999,-9999,-9999,-9999,-9999,-9999,1.63,1,3.49,0.07,385.58,4.63,1.58,-0.03,-0.02,1.54,15.06
LTER170FB009,25.02477,-80.68097,TS,1,Marine,9,3,2023,-9999,-9999,-9999,-9999,-9999,-9999,-9999,-9999,-9999,-9999,-9999,-9999,-9999,1.42,0.95,3.25,0.07,484.42,5.81,1.29,-0.03,-0.02,1.63,15.07
LTER171FB009,25.02477,-80.68097,TS,1,Marine,9,4,2023,-9999,-9999,-9999,-9999,-9999,-9999,-9999,-9999,-9999,-9999,-9999,-9999,-9999,1.5,0.95,4.67,0.07,419.67,5.04,1.33,-0.03,-0.02,1.41,10.23
LTER172FB009,25.02477,-80.68097,TS,1,Marine,9,5,2023,-9999,-9999,-9999,-9999,-9999,-9999,-9999,-9999,-9999,-9999,-9999,-9999,-9999,1.68,0.99,2.73,0.05,1490.8,17.89,0.28,-0.04,-0.03,1.08,17.73
LTER173FB009,25.02477,-80.68097,TS,1,Marine,9,6,2023,-9999,-9999,-9999,-9999,-9999,-9999,-9999,-9999,-9999,-9999,-9999,-9999,-9999,1.56,0.97,3.9,0.06,504.8,6.06,0.98,-0.03,-0.03,1.11,14.66
LTER174FB009,25.02477,-80.68097,TS,1,Marine,9,7,2023,-9999,-9999,-9999,-9999,-9999,-9999,-9999,-9999,-9999,-9999,-9999,-9999,-9999,1.69,0.96,2.61,0.05,523.67,6.28,0.85,-0.04,-0.03,1.05,18.1
LTER175FB009,25.02477,-80.68097,TS,1,Marine,9,8,2023,-9999,-9999,-9999,-9999,-9999,-9999,-9999,-9999,-9999,-9999,-9999,-9999,-9999,1.69,1,2.63,0.09,857.5,10.29,0.88,-0.03,-0.02,1.42,16.64
LTER176FB009,25.02477,-80.68097,TS,1,Marine,9,9,2023,-9999,-9999,-9999,-9999,-9999,-9999,-9999,-9999,-9999,-9999,-9999,-9999,-9999,1.66,0.93,2.63,0.06,577.2,6.93,0.81,-0.03,-0.02,1.41,8.75
LTER177FB009,25.02477,-80.68097,TS,1,Marine,9,10,2023,-9999,-9999,-9999,-9999,-9999,-9999,-9999,-9999,-9999,-9999,-9999,-9999,-9999,1.59,0.92,3.29,0.12,1034,12.41,0.96,-0.03,-0.02,1.35,9.49
LTER178FB009,25.02477,-80.68097,TS,1,Marine,9,11,2023,-9999,-9999,-9999,-9999,-9999,-9999,-9999,-9999,-9999,-9999,-9999,-9999,-9999,1.55,0.88,6.54,0.1,462.3,5.55,1.72,-0.02,-0.02,1.35,9.64
LTER179FB009,25.02477,-80.68097,TS,1,Marine,9,12,2023,-9999,-9999,-9999,-9999,-9999,-9999,-9999,-9999,-9999,-9999,-9999,-9999,-9999,1.51,0.89,-9999,-0.01,331.3,3.98,-0.22,-0.08,-0.02,3.85,-0.4
TS9Jan3242s,25.02477,-80.68097,TS,1,Marine,9,1,2024,-9999,-9999,-9999,-9999,-9999,-9999,-9999,-9999,-9999,-9999,-9999,-9999,-9999,1.61,0.92,4.22,0.08,383.2,4.6,1.67,-0.03,-0.02,1.2,11.74
TS9FEB27242S,25.02477,-80.68097,TS,1,Marine,9,2,2024,-9999,-9999,-9999,-9999,-9999,-9999,-9999,-9999,-9999,-9999,-9999,-9999,-9999,1.54,0.95,4.43,0.06,377.1,4.53,1.43,-0.04,0.07,-0.53,-37.14
TS9MAR27242s,25.02477,-80.68097,TS,1,Marine,9,3,2024,-9999,-9999,-9999,-9999,-9999,-9999,-9999,-9999,-9999,-9999,-9999,-9999,-9999,1.7,1,2.84,0.06,372.9,4.47,1.31,-0.03,-0.02,1.49,12.04
TS9ABR18242s,25.02477,-80.68097,TS,1,Marine,9,4,2024,-9999,-9999,-9999,-9999,-9999,-9999,-9999,-9999,-9999,-9999,-9999,-9999,-9999,1.58,0.91,-9999,0.05,439.2,5.27,0.97,-0.02,-0.03,0.59,11.95
LTER184FB092S,25.02477,-80.68097,TS,1,Marine,9,5,2024,-9999,-9999,-9999,-9999,-9999,-9999,-9999,-9999,-9999,-9999,-9999,-9999,-9999,1.57,1.1,1.79,0.05,444.3,5.33,1.02,-0.04,-0.07,0.53,33.95
TS9JUN27242s,25.02477,-80.68097,TS,1,Marine,9,6,2024,-9999,-9999,-9999,-9999,-9999,-9999,-9999,-9999,-9999,-9999,-9999,-9999,-9999,1.55,0.95,3.6,0.07,417,5,1.31,-0.03,-0.02,1.29,12.48
TS9JUL1924,25.02477,-80.68097,TS,1,Marine,9,7,2024,-9999,-9999,-9999,-9999,-9999,-9999,-9999,-9999,-9999,-9999,-9999,-9999,-9999,1.59,1.05,3.04,0.05,448.8,5.39,0.96,-0.03,-0.03,0.82,15.89
TS9AUG26242s,25.02477,-80.68097,TS,1,Marine,9,8,2024,-9999,-9999,-9999,-9999,-9999,-9999,-9999,-9999,-9999,-9999,-9999,-9999,-9999,1.63,0.97,2.28,0.07,447.7,5.37,1.29,-0.03,-0.02,1.62,11.58
TS9SEP30242s,25.02477,-80.68097,TS,1,Marine,9,9,2024,-9999,-9999,-9999,-9999,-9999,-9999,-9999,-9999,-9999,-9999,-9999,-9999,-9999,1.53,0.94,2.48,0.07,465.8,5.59,1.22,-0.03,-0.02,1.35,18.85
TS9OCT24242s,25.02477,-80.68097,TS,1,Marine,9,10,2024,-9999,-9999,-9999,-9999,-9999,-9999,-9999,-9999,-9999,-9999,-9999,-9999,-9999,1.63,0.82,-9999,0.07,468.7,5.62,1.2,-0.01,-0.02,0.52,7.07
TS9NOV25242s,25.02477,-80.68097,TS,1,Marine,9,11,2024,-9999,-9999,-9999,-9999,-9999,-9999,-9999,-9999,-9999,-9999,-9999,-9999,-9999,1.64,0.92,6.25,0.07,410.3,4.92,1.36,-0.02,-0.02,0.79,8.32
LTER179FB009,25.02477,-80.68097,TS,1,Marine,9,12,2024,-9999,-9999,-9999,-9999,-9999,-9999,-9999,-9999,-9999,-9999,-9999,-9999,-9999,1.56,0.85,4.55,0.07,370.8,4.45,1.55,-0.02,-0.02,1.11,9.49
TS9DEC08242s,25.02477,-80.68097,TS,1,Marine,9,12,2024,-9999,-9999,-9999,-9999,-9999,-9999,-9999,-9999,-9999,-9999,-9999,-9999,-9999,1.65,0.85,5.41,0.08,370.8,4.45,1.86,-0.02,-0.02,0.96,8.73
LTER165FB021s,25.02477,-80.68097,TS,1,Marine,10,10,2022,-9999,-9999,-9999,-9999,-9999,-9999,-9999,-9999,-9999,-9999,-9999,-9999,-9999,1.58,1.06,2.19,0.1,631.92,7.58,1.28,-0.03,-0.01,1.84,11.49
LTER166FB021,25.02477,-80.68097,TS,1,Marine,10,11,2022,-9999,-9999,-9999,-9999,-9999,-9999,-9999,-9999,-9999,-9999,-9999,-9999,-9999,1.48,1.01,2.65,0.1,647,7.76,1.35,-0.03,-0.02,1.73,11.9
LTER168FB021,25.02477,-80.68097,TS,1,Marine,10,1,2023,-9999,-9999,-9999,-9999,-9999,-9999,-9999,-9999,-9999,-9999,-9999,-9999,-9999,1.69,0.98,3.23,0.14,791.67,9.5,1.44,-0.03,-0.02,1.57,12.74
LTER169FB021,25.02477,-80.68097,TS,1,Marine,10,2,2023,-9999,-9999,-9999,-9999,-9999,-9999,-9999,-9999,-9999,-9999,-9999,-9999,-9999,1.67,0.99,2.37,0.08,492.25,5.91,1.34,-0.03,-0.02,1.67,14.23
LTER170FB021,25.02477,-80.68097,TS,1,Marine,10,3,2023,-9999,-9999,-9999,-9999,-9999,-9999,-9999,-9999,-9999,-9999,-9999,-9999,-9999,1.51,1.04,2.98,0.1,655.17,7.86,1.33,-0.03,-0.02,1.66,14.73
LTER171FB021,25.02477,-80.68097,TS,1,Marine,10,4,2023,-9999,-9999,-9999,-9999,-9999,-9999,-9999,-9999,-9999,-9999,-9999,-9999,-9999,1.44,0.89,2.46,0.05,418.67,5.02,1.05,-0.03,-0.02,1.47,10.28
LTER172FB021,25.02477,-80.68097,TS,1,Marine,10,5,2023,-9999,-9999,-9999,-9999,-9999,-9999,-9999,-9999,-9999,-9999,-9999,-9999,-9999,1.57,0.93,4.8,0.07,1451.7,17.42,0.41,-0.02,-0.02,1.28,8.56
LTER173FB021,25.02477,-80.68097,TS,1,Marine,10,6,2023,-9999,-9999,-9999,-9999,-9999,-9999,-9999,-9999,-9999,-9999,-9999,-9999,-9999,1.7,0.95,3.72,0.1,674.2,8.09,1.25,-0.03,-0.03,1.14,13.12
LTER174FB021,25.02477,-80.68097,TS,1,Marine,10,7,2023,-9999,-9999,-9999,-9999,-9999,-9999,-9999,-9999,-9999,-9999,-9999,-9999,-9999,1.73,1.02,3.07,0.1,740.83,8.89,1.11,-0.03,-0.03,1.12,13.9
LTER175FB021,25.02477,-80.68097,TS,1,Marine,10,8,2023,-9999,-9999,-9999,-9999,-9999,-9999,-9999,-9999,-9999,-9999,-9999,-9999,-9999,1.74,1.01,2.83,0.1,758.2,9.1,1.08,-0.03,-0.02,1.6,12.22
LTER176FB021,25.02477,-80.68097,TS,1,Marine,10,9,2023,-9999,-9999,-9999,-9999,-9999,-9999,-9999,-9999,-9999,-9999,-9999,-9999,-9999,1.85,1.05,2.35,0.06,557.8,6.69,0.86,-0.03,-0.02,1.37,8.1
LTER177FB021,25.02477,-80.68097,TS,1,Marine,10,10,2023,-9999,-9999,-9999,-9999,-9999,-9999,-9999,-9999,-9999,-9999,-9999,-9999,-9999,1.77,0.99,2.37,0.09,1060,12.72,0.67,-0.03,-0.02,1.34,10.97
LTER178FB021,25.02477,-80.68097,TS,1,Marine,10,11,2023,-9999,-9999,-9999,-9999,-9999,-9999,-9999,-9999,-9999,-9999,-9999,-9999,-9999,1.65,0.99,3.73,0.09,624.2,7.49,1.18,-0.03,-0.02,1.74,12.68
LTER179FB021,25.02477,-80.68097,TS,1,Marine,10,12,2023,-9999,-9999,-9999,-9999,-9999,-9999,-9999,-9999,-9999,-9999,-9999,-9999,-9999,1.5,0.95,-9999,-0.02,365.3,4.38,-0.52,-0.05,-0.02,2.38,-4.08
TS10Jan3242s,25.02477,-80.68097,TS,1,Marine,10,1,2024,-9999,-9999,-9999,-9999,-9999,-9999,-9999,-9999,-9999,-9999,-9999,-9999,-9999,1.76,0.96,3.23,0.08,463.7,5.56,1.42,-0.03,-0.02,1.35,11.6
TS10FEB27242S,25.02477,-80.68097,TS,1,Marine,10,2,2024,-9999,-9999,-9999,-9999,-9999,-9999,-9999,-9999,-9999,-9999,-9999,-9999,-9999,1.61,0.93,3.3,0.12,812.8,9.75,1.27,-0.03,-0.06,0.19,31.49
TS10FEB27242S,25.02477,-80.68097,TS,1,Marine,10,2,2024,-9999,-9999,-9999,-9999,-9999,-9999,-9999,-9999,-9999,-9999,-9999,-9999,-9999,1.72,0.94,6.11,0.11,812.8,9.75,1.17,-0.02,-0.02,0.91,11.14
TS10MAR27242s,25.02477,-80.68097,TS,1,Marine,10,3,2024,-9999,-9999,-9999,-9999,-9999,-9999,-9999,-9999,-9999,-9999,-9999,-9999,-9999,1.68,0.91,2.66,0.06,405.4,4.86,1.27,-0.03,-0.02,1.33,11.35
TS10ABR18242s,25.02477,-80.68097,TS,1,Marine,10,4,2024,-9999,-9999,-9999,-9999,-9999,-9999,-9999,-9999,-9999,-9999,-9999,-9999,-9999,1.54,0.92,-9999,0.04,416.8,5,0.74,-0.01,-0.04,0.38,13.41
TS10JUN27242s,25.02477,-80.68097,TS,1,Marine,10,6,2024,-9999,-9999,-9999,-9999,-9999,-9999,-9999,-9999,-9999,-9999,-9999,-9999,-9999,1.74,1.01,2.21,0.06,539.9,6.48,0.92,-0.03,-0.02,1.44,11.62
TS10JUL1924,25.02477,-80.68097,TS,1,Marine,10,7,2024,-9999,-9999,-9999,-9999,-9999,-9999,-9999,-9999,-9999,-9999,-9999,-9999,-9999,1.71,0.93,3.1,0.05,421.6,5.06,1,-0.02,-0.02,0.95,9.27
TS10AUG26242s,25.02477,-80.68097,TS,1,Marine,10,8,2024,-9999,-9999,-9999,-9999,-9999,-9999,-9999,-9999,-9999,-9999,-9999,-9999,-9999,1.69,1.02,2.03,0.09,773.5,9.28,1.02,-0.03,-0.02,1.42,11.15
TS10SEP30242s,25.02477,-80.68097,TS,1,Marine,10,9,2024,-9999,-9999,-9999,-9999,-9999,-9999,-9999,-9999,-9999,-9999,-9999,-9999,-9999,1.65,0.96,2.34,0.05,333.8,4.01,1.34,-0.03,-0.02,1.24,10.96
TS10OCT24242s,25.02477,-80.68097,TS,1,Marine,10,10,2024,-9999,-9999,-9999,-9999,-9999,-9999,-9999,-9999,-9999,-9999,-9999,-9999,-9999,1.59,0.93,-9999,0.04,457.8,5.49,0.8,0,-0.03,0.14,9.15
TS10NOV25242s,25.02477,-80.68097,TS,1,Marine,10,11,2024,-9999,-9999,-9999,-9999,-9999,-9999,-9999,-9999,-9999,-9999,-9999,-9999,-9999,1.58,0.95,5.64,0.04,339.8,4.08,0.99,-0.01,-0.02,0.47,8.71
LTER179FB021,25.02477,-80.68097,TS,1,Marine,10,12,2024,-9999,-9999,-9999,-9999,-9999,-9999,-9999,-9999,-9999,-9999,-9999,-9999,-9999,1.6,0.86,3.44,0.07,345.2,4.14,1.58,-0.03,-0.02,1.45,12.41
TS10DEC08242s,25.02477,-80.68097,TS,1,Marine,10,12,2024,-9999,-9999,-9999,-9999,-9999,-9999,-9999,-9999,-9999,-9999,-9999,-9999,-9999,1.65,0.9,3.09,0.05,345.2,4.14,1.18,-0.02,-0.02,0.87,10.37
LTER162FB027s,24.91293,-80.93798,TS,1,Marine,11,7,2022,-9999,-9999,-9999,-9999,-9999,-9999,-9999,-9999,-9999,-9999,-9999,-9999,-9999,1.52,0.97,4.37,0.08,297,3.56,2.34,-0.02,-0.02,1.45,8.68
LTER165FB027,24.91293,-80.93798,TS,1,Marine,11,10,2022,-9999,-9999,-9999,-9999,-9999,-9999,-9999,-9999,-9999,-9999,-9999,-9999,-9999,1.54,0.92,4.11,0.07,280.25,3.36,2.08,-0.02,-0.02,1.35,8.6
LTER166FB027,24.91293,-80.93798,TS,1,Marine,11,11,2022,-9999,-9999,-9999,-9999,-9999,-9999,-9999,-9999,-9999,-9999,-9999,-9999,-9999,1.55,0.91,5.21,0.1,340.5,4.09,2.49,-0.02,-0.02,1.37,8.05
LTER168FB027,24.91293,-80.93798,TS,1,Marine,11,1,2023,-9999,-9999,-9999,-9999,-9999,-9999,-9999,-9999,-9999,-9999,-9999,-9999,-9999,1.51,0.92,6.1,0.1,276.83,3.32,2.91,-0.02,-0.01,1.46,8.62
LTER169FB027,24.91293,-80.93798,TS,1,Marine,11,2,2023,-9999,-9999,-9999,-9999,-9999,-9999,-9999,-9999,-9999,-9999,-9999,-9999,-9999,1.56,0.91,4.81,0.09,310.58,3.73,2.39,-0.02,-0.02,1.42,8.58
LTER170FB027,24.91293,-80.93798,TS,1,Marine,11,3,2023,-9999,-9999,-9999,-9999,-9999,-9999,-9999,-9999,-9999,-9999,-9999,-9999,-9999,1.52,0.9,4.6,0.11,362,4.34,2.6,-0.02,-0.02,1.37,9.66
LTER171FB027,24.91293,-80.93798,TS,1,Marine,11,4,2023,-9999,-9999,-9999,-9999,-9999,-9999,-9999,-9999,-9999,-9999,-9999,-9999,-9999,1.53,0.92,5.46,0.12,480.42,5.77,2.07,-0.02,-0.02,1.25,8.41
LTER172FB027,24.91293,-80.93798,TS,1,Marine,11,5,2023,-9999,-9999,-9999,-9999,-9999,-9999,-9999,-9999,-9999,-9999,-9999,-9999,-9999,1.7,0.92,4.61,0.09,871.7,10.46,0.87,-0.02,-0.01,1.31,10.17
LTER173FB027,24.91293,-80.93798,TS,1,Marine,11,6,2023,-9999,-9999,-9999,-9999,-9999,-9999,-9999,-9999,-9999,-9999,-9999,-9999,-9999,1.7,0.74,4.61,0.01,170.5,2.05,0.43,-0.03,-0.03,1.01,2.4
LTER174FB027,24.91293,-80.93798,TS,1,Marine,11,7,2023,-9999,-9999,-9999,-9999,-9999,-9999,-9999,-9999,-9999,-9999,-9999,-9999,-9999,1.6,0.96,3.55,0.03,245.25,2.94,1.14,-0.02,-0.02,1.11,5.43
LTER175FB027,24.91293,-80.93798,TS,1,Marine,11,8,2023,-9999,-9999,-9999,-9999,-9999,-9999,-9999,-9999,-9999,-9999,-9999,-9999,-9999,1.62,1.01,4.68,0.18,363.1,4.36,4.04,-0.02,-0.01,1.45,15.1
LTER176FB027,24.91293,-80.93798,TS,1,Marine,11,9,2023,-9999,-9999,-9999,-9999,-9999,-9999,-9999,-9999,-9999,-9999,-9999,-9999,-9999,1.61,0.93,3.59,0.06,475.4,5.7,1.05,-0.03,-0.02,1.13,5.29
LTER177FB027,24.91293,-80.93798,TS,1,Marine,11,10,2023,-9999,-9999,-9999,-9999,-9999,-9999,-9999,-9999,-9999,-9999,-9999,-9999,-9999,1.62,0.92,4,0.04,311.4,3.74,1.11,-0.02,-0.02,1.31,4.08
LTER178FB027,24.91293,-80.93798,TS,1,Marine,11,11,2023,-9999,-9999,-9999,-9999,-9999,-9999,-9999,-9999,-9999,-9999,-9999,-9999,-9999,1.55,0.95,4,0.09,514.3,6.17,1.52,-0.02,-0.01,1.63,8.95
LTER179FB027,24.91293,-80.93798,TS,1,Marine,11,12,2023,-9999,-9999,-9999,-9999,-9999,-9999,-9999,-9999,-9999,-9999,-9999,-9999,-9999,1.58,0.98,-9999,-0.01,413.7,4.96,-0.3,-0.06,-0.02,3.12,-1.5
TS11Jan3242s,24.91293,-80.93798,TS,1,Marine,11,1,2024,-9999,-9999,-9999,-9999,-9999,-9999,-9999,-9999,-9999,-9999,-9999,-9999,-9999,1.6,0.9,5.69,0.1,379.4,4.55,2.18,-0.02,-0.02,1.16,9.22
TS11FEB27242S,24.91293,-80.93798,TS,1,Marine,11,2,2024,-9999,-9999,-9999,-9999,-9999,-9999,-9999,-9999,-9999,-9999,-9999,-9999,-9999,1.56,0.9,5.48,0.08,329.4,3.95,1.92,-0.03,-0.01,0.02,47.7
TS11MAR27242s,24.91293,-80.93798,TS,1,Marine,11,3,2024,-9999,-9999,-9999,-9999,-9999,-9999,-9999,-9999,-9999,-9999,-9999,-9999,-9999,1.54,0.9,4.27,0.09,340.2,4.08,2.12,-0.02,-0.02,1.22,8.66
TS11ABR18242s,24.91293,-80.93798,TS,1,Marine,11,4,2024,-9999,-9999,-9999,-9999,-9999,-9999,-9999,-9999,-9999,-9999,-9999,-9999,-9999,1.57,0.89,-9999,0.04,342.6,4.11,0.96,-0.01,-0.03,0.32,9.22
LTER184FB272s,24.91293,-80.93798,TS,1,Marine,11,5,2024,-9999,-9999,-9999,-9999,-9999,-9999,-9999,-9999,-9999,-9999,-9999,-9999,-9999,1.58,0.95,4.64,0.09,360.6,4.33,2,-0.02,-0.02,1.19,9.8
TS11JUN27242s,24.91293,-80.93798,TS,1,Marine,11,6,2024,-9999,-9999,-9999,-9999,-9999,-9999,-9999,-9999,-9999,-9999,-9999,-9999,-9999,1.65,0.93,4.25,0.11,599.3,7.19,1.57,-0.02,-0.02,1.27,9.7
TS11JUL1924,24.91293,-80.93798,TS,1,Marine,11,7,2024,-9999,-9999,-9999,-9999,-9999,-9999,-9999,-9999,-9999,-9999,-9999,-9999,-9999,1.58,0.94,5.13,0.11,438.8,5.27,2.04,-0.02,-0.02,1.08,7.93
TS11AUG26242s,24.91293,-80.93798,TS,1,Marine,11,8,2024,-9999,-9999,-9999,-9999,-9999,-9999,-9999,-9999,-9999,-9999,-9999,-9999,-9999,1.57,0.96,2.67,0.05,194,2.33,1.99,-0.02,-0.02,1.27,6.7
TS11SEP30242s,24.91293,-80.93798,TS,1,Marine,11,9,2024,-9999,-9999,-9999,-9999,-9999,-9999,-9999,-9999,-9999,-9999,-9999,-9999,-9999,1.5,0.96,2.63,0.03,130.8,1.57,1.75,-0.02,-0.02,1.22,7.08
TS11OCT24242s,24.91293,-80.93798,TS,1,Marine,11,10,2024,-9999,-9999,-9999,-9999,-9999,-9999,-9999,-9999,-9999,-9999,-9999,-9999,-9999,1.63,0.85,-9999,0.05,333.2,4,1.22,0,-0.02,0.11,5.79
TS11NOV25242s,24.91293,-80.93798,TS,1,Marine,11,11,2024,-9999,-9999,-9999,-9999,-9999,-9999,-9999,-9999,-9999,-9999,-9999,-9999,-9999,1.77,0.94,6.86,0.07,402.1,4.83,1.36,-0.02,-0.02,0.75,7.64
LTER179FB027,24.91293,-80.93798,TS,1,Marine,11,12,2024,-9999,-9999,-9999,-9999,-9999,-9999,-9999,-9999,-9999,-9999,-9999,-9999,-9999,1.77,0.89,3.27,0.07,366.7,4.4,1.53,-0.03,-0.02,1.37,10.41
TS11DEC08242s,24.91293,-80.93798,TS,1,Marine,11,12,2024,-9999,-9999,-9999,-9999,-9999,-9999,-9999,-9999,-9999,-9999,-9999,-9999,-9999,1.62,0.86,7.79,0.09,366.7,4.4,2,-0.02,-0.02,0.89,8.33
