Site_ID_Month_Year,Site_ID,Ecosystem,Sample,Latitude,Longitude,Month,Date,Year,WaterLevel,C1,C2,C3,C4,C5,C6,FI,BIX,HIX,DOC,SUVA254,SR,E2_E3,FMax_C1,FMax_C2,FMax_C3,FMax_C4,FMax_C5,FMax_C6,dilution_factor,Abs254,DOC_umol_L,slp274_295,slp350_400
SRS-1d-43466,SRS-1d,Peat Marsh,SRS1Jan20192sc.txt,25.7463,-80.6537,1,1/1/19,2019,166.54,34.59030026,29.86275763,14.27815462,9.367118185,9.18087541,2.720793903,1.55,0.69,13.44,23.49,2.43,0.91,8.95,5.0332,4.3453,2.0776,1.363,1.3359,0.3959,1,0.57,1957.5,-0.02,-0.0219
SRS-1d-43497,SRS-1d,Peat Marsh,SRS1Feb20192sc.txt,25.7463,-80.6537,2,2/1/19,2019,171.08,34.56998134,29.32231405,14.11356971,8.663289789,9.288189816,4.042655292,1.54,0.69,11.06,19.29,2.59,0.97,7.77,3.2418,2.7497,1.3235,0.8124,0.871,0.3791,1,0.5,1607.5,-0.0191,-0.0197
SRS-1d-43525,SRS-1d,Peat Marsh,SRS1Mar20192sc.txt,25.7463,-80.6537,3,3/1/19,2019,165.47,36.86750637,29.9468656,11.44068634,10.12582385,8.623970397,2.995147453,1.5,0.66,14.91,20.9,3.11,0.96,8.15,5.5994,4.5483,1.7376,1.5379,1.3098,0.4549,1,0.65,1741.67,-0.0196,-0.0204
SRS-1d-43586,SRS-1d,Peat Marsh,SRS11905061sc.txt,25.7463,-80.6537,5,5/1/19,2019,154.84,36.09442682,28.97537882,10.04492681,11.19949759,9.711598847,3.974171108,1.55,0.69,11.14,14.73,5.5,0.94,7.76,2.2415,1.7994,0.6238,0.6955,0.6031,0.2468,1,0.81,1227.5,-0.02,-0.02
SRS-1d-43617,SRS-1d,Peat Marsh,SRS1Jun192sc.txt,25.7463,-80.6537,6,6/1/19,2019,162.31,35.96165063,30.05856907,12.92104112,9.494386118,8.649266064,2.915087003,1.5,0.67,11.71,22.99,2.66,0.93,8.25,5.919,4.9474,2.1267,1.5627,1.4236,0.4798,1,0.61,1915.83,-0.02,-0.02
SRS-1d-43647,SRS-1d,Peat Marsh,SRS1Jul192sc.txt,25.7463,-80.6537,7,7/1/19,2019,175.05,34.10845653,29.8715886,14.3296601,8.693320381,9.884338666,3.112635722,1.48,0.62,23.56,18.79,3.03,0.98,7.56,3.3707,2.952,1.4161,0.8591,0.9768,0.3076,1,0.57,1565.83,-0.02,-0.02
SRS-1d-43709,SRS-1d,Peat Marsh,SRS11909181sc.txt,25.7463,-80.6537,9,9/1/19,2019,198.15,34.01431985,30.68780105,12.27269333,8.942440536,9.87780516,4.204940069,1.54,0.65,9.77,17.13,3.66,1.05,7.3,7.2875,6.5748,2.6294,1.9159,2.1163,0.9009,1,0.63,1427.5,-0.02,-0.02
SRS-1d-43709,SRS-1d,Peat Marsh,SRS1Sep192sc.txt,25.7463,-80.6537,9,9/1/19,2019,198.15,34.21078818,29.26142235,14.51665991,8.22087674,9.576479413,4.213773413,1.48,0.62,16,17.13,3.53,0.95,7.78,4.4694,3.8228,1.8965,1.074,1.2511,0.5505,1,0.6,1427.5,-0.02,-0.02
SRS-1d-43739,SRS-1d,Peat Marsh,SRS11910072sc.txt,25.7463,-80.6537,10,10/1/19,2019,198.19,35.62732002,29.83330308,11.10290389,8.728583859,10.0606569,4.647232255,1.5,0.66,11.67,22.47,2.94,1.03,7.77,5.6915,4.7659,1.7737,1.3944,1.6072,0.7424,1,0.66,1872.5,-0.02,-0.02
SRS-1d-43739,SRS-1d,Peat Marsh,SRS11910112sc.txt,25.7463,-80.6537,10,10/1/19,2019,198.19,34.33215037,29.74306976,13.47703711,9.075598911,9.47244512,3.899698723,,,,1872.5,22.47,,,5.8915,5.104,2.3127,1.5574,1.6255,0.6692,,,,,
SRS-1d-43862,SRS-1d,Peat Marsh,SRS1Feb202sc.txt,25.7463,-80.6537,2,2/1/20,2020,169.17,34.56512224,30.90914775,12.15906959,8.517476396,9.885574939,3.963609079,1.55,0.69,11.22,20.72,2.5,0.93,9.32,5.528,4.9433,1.9446,1.3622,1.581,0.6339,1,0.52,1726.67,-0.02,-0.02
SRS-1d-43891,SRS-1d,Peat Marsh,SRS1Mar202sc.txt,25.7463,-80.6537,3,3/1/20,2020,144.85,34.90874377,29.91284275,13.77203202,9.630444631,9.235648178,2.540288654,1.57,0.71,10.69,26.18,2.25,0.94,9.76,6.4725,5.5462,2.5535,1.7856,1.7124,0.471,1,0.59,2181.67,-0.02,-0.02
SRS-1d-43952,SRS-1d,Peat Marsh,SRS1May202sc.txt,25.7463,-80.6537,5,5/1/20,2020,135.65,34.74816437,29.62986818,14.09249002,9.558160505,9.12734195,2.843974981,1.52,0.65,10.45,15.89,2.7,0.92,6.74,4.8555,4.1403,1.9692,1.3356,1.2754,0.3974,1,0.43,1324.17,-0.02,-0.02
SRS-1d-43983,SRS-1d,Peat Marsh,SRS1Jun202sc.txt,25.7463,-80.6537,6,6/1/20,2020,175.92,34.61741915,30.11680439,13.4560947,9.268578618,8.911160038,3.629943099,1.49,0.64,12.56,18.86,3.35,0.97,7,4.8427,4.2131,1.8824,1.2966,1.2466,0.5078,1,0.63,1571.67,-0.02,-0.02
SRS-1d-44013,SRS-1d,Peat Marsh,SRS1Jul202sc.txt,25.7463,-80.6537,7,7/1/20,2020,189.43,37.30057495,31.45299471,14.93926817,11.03548719,2.330274531,2.941400449,1.47,0.64,13.15,21.6,3.18,0.97,7.3,3.9185,3.3042,1.5694,1.1593,0.2448,0.309,1,0.69,1800,-0.02,-0.02
SRS-1d-44044,SRS-1d,Peat Marsh,SRS1Aug202sc.txt,25.7463,-80.6537,8,8/1/20,2020,196.14,34.8718839,29.95951736,12.6016998,9.430954617,8.742039599,4.39390472,1.49,0.65,13.1,20.42,3.19,0.98,7.43,4.419,3.7965,1.5969,1.1951,1.1078,0.5568,1,0.65,1701.67,-0.02,-0.02
SRS-1d-44105,SRS-1d,Peat Marsh,SRS1Oct202sc.txt,25.7463,-80.6537,10,10/1/20,2020,215.43,32.78866764,28.43108322,14.86828617,7.880308161,10.2256842,5.805970613,1.49,0.65,10.45,16.2,3.01,0.98,7.47,4.222,3.6609,1.9145,1.0147,1.3167,0.7476,1,0.49,1350,-0.02,-0.02
SRS-1d-44136,SRS-1d,Peat Marsh,SRS1Nov202sc.txt,25.7463,-80.6537,11,11/1/20,2020,239.41,35.26563185,30.43107655,13.17627875,9.121849077,9.260208651,2.744955126,1.47,0.65,9.15,16.98,3.06,1,7.7,5.7094,4.9267,2.1332,1.4768,1.4992,0.4444,1,0.52,1415,-0.02,-0.02
SRS-1d-44166,SRS-1d,Peat Marsh,SRS1Dec202sc.txt,25.7463,-80.6537,12,12/1/20,2020,239.16,34.52600934,29.73594696,14.0503971,9.473779481,8.218754478,3.995112643,1.48,0.64,11.99,12.96,2.89,0.97,7.76,4.5777,3.9426,1.8629,1.2561,1.0897,0.5297,1,0.37,1080,-0.02,-0.02
SRS-1d-44197,SRS-1d,Peat Marsh,SRS1Jan212sc.txt,25.7463,-80.6537,1,1/1/21,2021,219.51,35.28215223,32.20977186,11.56773673,8.279830406,10.24934383,2.411164951,1.5,0.67,12.65,13.57,2.65,1.03,8.28,6.9901,6.3814,2.2918,1.6404,2.0306,0.4777,1,0.36,1130.83,-0.02,-0.02
SRS-1d-44228,SRS-1d,Peat Marsh,SRS1Feb212sc.txt,25.7463,-80.6537,2,2/1/21,2021,210.31,34.73604379,31.41029446,11.67210736,8.693243644,9.981864345,3.506446401,1.5,0.66,14.58,14.85,3.7,0.95,8.16,5.2672,4.7629,1.7699,1.3182,1.5136,0.5317,1,0.55,1237.5,-0.02,-0.02
SRS-1d-44256,SRS-1d,Peat Marsh,SRS1Mar212sc.txt,25.7463,-80.6537,3,3/1/21,2021,193.6,34.45841246,31.88708043,10.89233494,8.581980869,10.80204122,3.378150086,1.48,0.66,13.41,20.95,2.96,0.93,8.25,5.9152,5.4738,1.8698,1.4732,1.8543,0.5799,1,0.62,1745.83,-0.02,-0.02
SRS-1d-44287,SRS-1d,Peat Marsh,SRS1Apr211sc.txt,25.7463,-80.6537,4,4/1/21,2021,180.95,36.27461519,29.63818901,11.6691031,10.81993293,8.932410353,2.66574942,1.5,0.65,12.61,64.84,0.94,0.96,8.37,3.3747,2.7573,1.0856,1.0066,0.831,0.248,1,0.61,5403.16,-0.02,-0.02
SRS-1d-44317,SRS-1d,Peat Marsh,SRS1May212sc.txt,25.7463,-80.6537,5,5/1/21,2021,171.93,36.42788636,30.73943367,10.32469528,9.089046772,9.038764165,4.380173754,1.52,0.66,13.7,28.68,2.62,0.93,8,3.9121,3.3012,1.1088,0.9761,0.9707,0.4704,1,0.75,2390.06,-0.02,-0.02
SRS-1d-44348,SRS-1d,Peat Marsh,SRS1Jun212sc.txt,25.7463,-80.6537,6,6/1/21,2021,164.13,,,,,,,1.54,0.65,9.1,23.46,3.03,0.95,5.77,,,,,,,1,0.71,1955.4,-0.02,-0.02
SRS-1d-44409,SRS-1d,Peat Marsh,SRS1Aug212sc.txt,25.7463,-80.6537,8,8/1/21,2021,184.43,35.03754583,29.75664272,14.01878547,8.936912954,9.176754232,3.073358782,1.49,0.65,14.27,25.69,2.8,0.99,7.56,5.5805,4.7394,2.2328,1.4234,1.4616,0.4895,1,0.72,2140.83,-0.02,-0.02
SRS-1d-44501,SRS-1d,Peat Marsh,SRS1d1Nov212sc.txt,25.7463,-80.6537,11,11/1/21,2021,218.08,35.81705656,29.33720361,13.12170222,9.903595657,8.606302649,3.214139304,1.48,0.64,12.96,20.11,3.08,0.95,7.89,5.4169,4.4369,1.9845,1.4978,1.3016,0.4861,1,0.62,1675.83,-0.02,-0.02
SRS-1d-44531,SRS-1d,Peat Marsh,SRS1d1Dec212sc.txt,25.7463,-80.6537,12,12/1/21,2021,202.62,38.0417004,32.1658103,13.34693608,10.69935731,3.021791928,2.724403985,1.49,0.64,12.36,17.36,3.23,0.96,7.95,4.6051,3.8938,1.6157,1.2952,0.3658,0.3298,1,0.56,1446.67,-0.02,-0.02
SRS-1d-44562,SRS-1d,Peat Marsh,SRS1dJan5222sc.txt,25.7463,-80.6537,1,1/1/22,2022,197.08,35.71531663,30.88456281,11.86633499,9.880547089,9.310025724,2.343212748,1.49,0.66,13.78,20.12,2.95,0.93,8.09,4.2068,3.6378,1.3977,1.1638,1.0966,0.276,1,0.59,1676.67,-0.02,-0.02
SRS-1d-44593,SRS-1d,Peat Marsh,SRS1dFeb1222Sc.txt,25.7463,-80.6537,2,2/1/22,2022,192.63,39.12515935,32.25667726,8.068009031,10.70512525,7.674822221,2.170206884,1.5,0.66,13.72,20.28,2.61,0.95,8.28,2.5474,2.1002,0.5253,0.697,0.4997,0.1413,1,0.53,1690,-0.02,-0.02
SRS-1d-44652,SRS-1d,Peat Marsh,SRS1Apr4222sc.txt,25.7463,-80.6537,4,4/1/22,2022,177.3,34.58098688,29.9490656,14.27358705,9.147267358,8.663629733,3.385463371,1.53,0.66,10.9,20.57,2.43,0.93,8.09,5.7845,5.0097,2.3876,1.5301,1.4492,0.5663,1,0.5,1714.17,-0.02,-0.02
SRS-1d-44713,SRS-1d,Peat Marsh,SRS1dJun222sc.txt,25.7463,-80.6537,6,6/1/22,2022,185.03,36.57157427,30.31557475,11.20485361,9.958453324,8.676805856,3.272738181,1.55,0.66,9.14,12.28,5.05,0.92,7.85,4.8766,4.0424,1.4941,1.3279,1.157,0.4364,1,0.62,1023.33,-0.02,-0.02
SRS-1d-44743,SRS-1d,Peat Marsh,SRS1dJul7222sc.txt,25.7463,-80.6537,7,7/1/22,2022,202.15,36.33327669,31.33501297,10.62528168,10.24921129,8.643708394,2.813508981,1.47,0.63,12.36,18.25,3.18,0.97,7.01,4.9176,4.2411,1.4381,1.3872,1.1699,0.3808,1,0.58,1520.83,-0.02,-0.02
SRS-1d-44774,SRS-1d,Peat Marsh,SRS1dAug2222sc.txt,25.7463,-80.6537,8,8/1/22,2022,203.43,36.37659203,30.50598295,11.2719546,10.16331142,8.552665366,3.129493632,1.48,0.63,16.44,20.83,2.59,0.92,6.89,5.6666,4.7521,1.7559,1.5832,1.3323,0.4875,1,0.54,1736,-0.02,-0.02
SRS-1d-44805,SRS-1d,Peat Marsh,SRS1dSep1222sc.txt,25.7463,-80.6537,9,9/1/22,2022,201.84,36.68918116,30.4777399,11.07475482,10.30883549,8.614307519,2.835181106,1.5,0.64,12.11,22.85,2.63,0.96,7.52,4.0142,3.3346,1.2117,1.1279,0.9425,0.3102,1,0.6,1904.26,-0.02,-0.02
SRS-1d-44835,SRS-1d,Peat Marsh,SRS1dOct11222c.txt,25.7463,-80.6537,10,10/1/22,2022,224.69,34.92982328,29.29037243,14.04866741,9.818746211,9.281179848,2.631210823,1.49,0.64,12.7,15.82,2.65,0.96,7.37,5.2437,4.3971,2.109,1.474,1.3933,0.395,1,0.42,1318.33,-0.02,-0.02
SRS-1d-44866,SRS-1d,Peat Marsh,SRS1dNov3222sc.txt,25.7463,-80.6537,11,11/1/22,2022,228.37,34.98109256,30.64110769,11.60044214,8.393158415,9.436849148,4.947350049,1.48,0.64,13.4,20.2,2.77,0.96,7.68,6.0129,5.2669,1.994,1.4427,1.6221,0.8504,1,0.56,1683.33,-0.02,-0.02
SRS-1d-44896,SRS-1d,Peat Marsh,SRS1Dec1222sc.txt,25.7463,-80.6537,12,12/1/22,2022,226.63,35.25195496,29.74865247,13.59488993,9.783435744,8.815386484,2.805680416,1.48,0.66,13.1,20.96,2.91,0.96,7.6,5.5133,4.6526,2.1262,1.5301,1.3787,0.4388,1,0.61,1746.67,-0.02,-0.02
SRS-2-41000,SRS-2,Peat Marsh,SRS2April2012c.txt,25.54973,-80.78521,4,4/1/12,2012,61.32,37.16042538,29.14470037,10.36943702,10.93694874,8.063101658,4.325386825,1.58,0.69,10.73,30.69,0.42,1.27,5.85,3.6865,2.8913,1.0287,1.085,0.7999,0.4291,1,0.13,2557.33,-0.018,-0.0142
SRS-2-41061,SRS-2,Peat Marsh,SRS2Jun212sc.txt,25.54973,-80.78521,6,6/1/12,2012,87.1,39.19922021,30.99097748,8.698607883,10.60758291,7.928819575,2.574791932,1.49,0.62,14.39,28.2,2.7,0.96,7.93,7.842,6.1999,1.7402,2.1221,1.5862,0.5151,1,0.76,2349.73,-0.02,-0.02
SRS-2-41091,SRS-2,Peat Marsh,SRS2July2012c.txt,25.54973,-80.78521,7,7/1/12,2012,96.72,37.44062116,29.27708519,10.43620843,10.49528586,8.624098768,3.726700586,1.43,0.54,20,3.65,3.56,0.91,5.78,3.1054,2.4283,0.8656,0.8705,0.7153,0.3091,5.05,0.13,304.08,-0.0167,-0.0184
SRS-2-41244,SRS-2,Peat Marsh,SRS2Dec2012c.txt,25.54973,-80.78521,12,12/1/12,2012,100.88,35.18895953,29.74274734,12.62028615,9.502225737,8.558188584,4.387592655,1.53,0.67,10.62,18.68,2.52,0.94,7.31,3.4703,2.9332,1.2446,0.9371,0.844,0.4327,4,0.47,1556.67,-0.0184,-0.0195
SRS-2-41306,SRS-2,Peat Marsh,SRS2Feb2013c.txt,25.54973,-80.78521,2,2/1/13,2013,83.45,35.9672645,29.65975971,12.31690754,10.21278078,8.743862093,3.099425387,1.53,0.7,11.19,18.26,2.79,0.92,7.48,5.164,4.2584,1.7684,1.4663,1.2554,0.445,1,0.51,1521.67,-0.0185,-0.02
SRS-2-41334,SRS-2,Peat Marsh,SRS2Mar2013c.txt,25.54973,-80.78521,3,3/1/13,2013,74.55,37.16675101,30.07608242,10.19877309,10.500617,8.169316679,3.888459797,1.54,0.67,11.22,20.11,3.03,0.94,7.74,4.1865,3.3878,1.1488,1.1828,0.9202,0.438,1,0.61,1675.83,-0.0189,-0.0202
SRS-2-41365,SRS-2,Peat Marsh,SRS2April2013c.txt,25.54973,-80.78521,4,4/1/13,2013,69.13,33.03364361,29.28169775,15.19522191,8.431553198,10.34723767,3.710645868,1.61,0.68,10.23,32.77,2.84,0.94,6.75,1.0398,0.9217,0.4783,0.2654,0.3257,0.1168,1,0.93,2730.5,-0.0175,-0.0187
SRS-2-41395,SRS-2,Peat Marsh,SRS2May2013c.txt,25.54973,-80.78521,5,5/1/13,2013,79.8,34.93046161,30.40097027,11.67658486,8.722452869,9.706052872,4.563477519,1.55,0.67,9.6,19.44,2.73,0.95,7.62,5.2417,4.562,1.7522,1.3089,1.4565,0.6848,1,0.53,1619.67,-0.0187,-0.0196
SRS-2-41456,SRS-2,Peat Marsh,SRS2July2013c.txt,25.54973,-80.78521,7,7/1/13,2013,104.31,41.4445285,29.11307908,13.09243024,11.60607005,2.661207779,2.082684349,1.48,0.6,12.32,11.58,3.63,0.94,5.94,0.9313,0.6542,0.2942,0.2608,0.0598,0.0468,1,0.42,965,-0.0169,-0.018
SRS-2-41518,SRS-2,Peat Marsh,SRS2Sep2013c.txt,25.54973,-80.78521,9,9/1/13,2013,107.77,43.13152046,32.1106869,10.94319958,12.00348821,0.118046176,1.693058672,1.5,0.64,10.92,14.41,2.91,0.96,7.4,4.0557,3.0194,1.029,1.1287,0.0111,0.1592,1,0.42,1200.83,-0.0187,-0.0195
SRS-2-41548,SRS-2,Peat Marsh,SRS2Oct2013c.txt,25.54973,-80.78521,10,10/1/13,2013,106.6,37.60030529,29.2769539,11.14302978,10.76565929,8.238549032,2.975502719,,,,14.87,,,,3.5471,2.7619,1.0512,1.0156,0.7772,0.2807,,,1239.17,,
SRS-2-41579,SRS-2,Peat Marsh,SRS2Nov2013c.txt,25.54973,-80.78521,11,11/1/13,2013,99.81,36.30039945,31.01708394,9.56572609,10.34908273,9.535561832,3.232145958,,,,14.78,,,,3.9713,3.3933,1.0465,1.1322,1.0432,0.3536,,,1231.67,,
SRS-2-41640,SRS-2,Peat Marsh,SRS2JAN2014c.txt,25.54973,-80.78521,1,1/1/14,2014,89.36,35.66068275,29.54106991,13.2005755,10.03858479,8.616996926,2.942090118,,,,14.93,,,,4.3623,3.6137,1.6148,1.228,1.0541,0.3599,,,1244.17,,
SRS-2-41671,SRS-2,Peat Marsh,SRS2FEB2014c.txt,25.54973,-80.78521,2,2/1/14,2014,82.6,35.7943916,29.27237273,13.34692706,9.578627496,9.297514526,2.710166589,1.55,0.67,12.14,18.19,2.86,0.9,7.44,3.6162,2.9573,1.3484,0.9677,0.9393,0.2738,1,0.52,1515.42,-0.0182,-0.0202
SRS-2-41699,SRS-2,Peat Marsh,SRS2MAR2014c.txt,25.54973,-80.78521,3,3/1/14,2014,73.92,37.31397846,29.97364854,10.01355653,10.47965758,7.820901433,4.398257452,1.56,0.71,10.72,20.48,2.88,0.92,7.61,4.8994,3.9356,1.3148,1.376,1.0269,0.5775,1,0.59,1706.67,-0.0185,-0.0201
SRS-2-41730,SRS-2,Peat Marsh,SRS2APR2014c.txt,25.54973,-80.78521,4,4/1/14,2014,70.2,37.39351935,30.08242327,10.80821748,10.13516312,7.917190153,3.663486629,1.55,0.72,10.76,24.92,2.49,0.93,8.01,5.4169,4.3578,1.5657,1.4682,1.1469,0.5307,1,0.62,2076.67,-0.019,-0.0205
SRS-2-41883,SRS-2,Peat Marsh,SRS2SEP2014c.txt,25.54973,-80.78521,9,9/1/14,2014,92.44,35.54954003,28.14017636,13.04561527,9.096644512,9.076837302,5.091186525,1.51,0.68,9.1,12.19,3.12,0.96,7.19,4.8459,3.8359,1.7783,1.24,1.2373,0.694,1,0.38,1015.83,-0.0186,-0.0195
SRS-2-41913,SRS-2,Peat Marsh,SRS2OCT2014c.txt,25.54973,-80.78521,10,10/1/14,2014,94.35,35.60463259,29.34634982,12.81042416,9.733551738,8.63960753,3.865434162,1.51,0.66,12.06,17.81,2.86,0.96,7.65,4.3255,3.5652,1.5563,1.1825,1.0496,0.4696,1,0.51,1484.17,-0.019,-0.0198
SRS-2-41944,SRS-2,Peat Marsh,SRS2NOV2014c.txt,25.54973,-80.78521,11,11/1/14,2014,93.71,37.72679119,29.62673106,10.1062256,10.73040839,7.808965708,4.000878055,1.52,0.66,11.82,17.44,2.75,0.99,7.74,3.9529,3.1042,1.0589,1.1243,0.8182,0.4192,1,0.48,1453.33,-0.0191,-0.0192
SRS-2-42461,SRS-2,Peat Marsh,SR21604I2s,25.54973,-80.78521,4,4/1/16,2016,97.24,29.27684501,27.70100243,12.08283487,8.741388557,14.59510746,7.602821666,1.48,0.64,10.38,17.75,2.76,0.99,7.49,0.7097,0.6715,0.2929,0.2119,0.3538,0.1843,1,0.49,1479.17,-0.02,-0.02
SRS-2-42491,SRS-2,Peat Marsh,SR21605I2s,25.54973,-80.78521,5,5/1/16,2016,97.28,36.74460004,30.28948158,9.687335051,9.96781238,9.353039194,3.957731756,1.48,0.64,9.9,17.13,2.74,1,7.91,3.5503,2.9266,0.936,0.9631,0.9037,0.3824,1,0.47,1427.5,-0.02,-0.02
SRS-2-42522,SRS-2,Peat Marsh,SR21606I2s,25.54973,-80.78521,6,6/1/16,2016,93.67,36.57451098,30.00386067,10.20504461,9.722460535,9.501544269,3.992578929,1.49,0.62,13.12,17.72,2.99,0.95,7.21,3.4105,2.7978,0.9516,0.9066,0.886,0.3723,1,0.53,1476.67,-0.02,-0.02
SRS-2-42552,SRS-2,Peat Marsh,SR21607I2s,25.54973,-80.78521,7,7/1/16,2016,94.47,39.11678253,30.86987239,7.820390932,11.00838211,7.938141632,3.246430409,1.5,0.63,11.99,19.22,2.86,0.95,7.46,4.4847,3.5392,0.8966,1.2621,0.9101,0.3722,1,0.55,1601.67,-0.02,-0.02
SRS-2-42583,SRS-2,Peat Marsh,SR21608I2s,25.54973,-80.78521,8,8/1/16,2016,96.42,38.12017516,30.4139768,8.916978917,10.13498262,9.162566024,3.251320482,1.51,0.62,12.37,17.32,2.83,0.96,7.36,4.222,3.3685,0.9876,1.1225,1.0148,0.3601,1,0.49,1443.33,-0.02,-0.02
SRS-2-42614,SRS-2,Peat Marsh,SR21610I2s,25.54973,-80.78521,9,9/1/16,2016,106.98,37.57968266,29.77748994,10.63237267,10.16792339,8.88004811,2.962483231,1.45,0.57,13.4,16.24,8.93,0.96,7.36,4.0618,3.2185,1.1492,1.099,0.9598,0.3202,1,1.45,1353.33,-0.02,-0.02
SRS-2-42644,SRS-2,Peat Marsh,SR21611I2s,25.54973,-80.78521,10,10/1/16,2016,107.75,37.35001043,31.13913815,8.773737479,10.19668197,8.711133139,3.829298831,1.5,0.64,10.31,12.77,2.82,0.96,7.6,2.8637,2.3875,0.6727,0.7818,0.6679,0.2936,1,0.36,1064.17,-0.02,-0.02
SRS-2-42675,SRS-2,Peat Marsh,SR21612I2s,25.54973,-80.78521,11,11/1/16,2016,102.95,37.5920784,31.18811254,8.293078747,10.40660302,8.568204582,3.951922711,1.52,0.64,10.51,13.02,2.76,0.95,7.67,2.965,2.4599,0.6541,0.8208,0.6758,0.3117,1,0.36,1085,-0.02,-0.02
SRS-2-42705,SRS-2,Peat Marsh,SRS 2 September 2016,25.54973,-80.78521,12,12/1/16,2016,95.54,,,,,,,1.53,0.65,11.69,15.45,2.65,0.93,8.32,,,,,,,1,0.41,1287.5,-0.02,-0.02
SRS-2-42736,SRS-2,Peat Marsh,SR21701I2s,25.54973,-80.78521,1,1/1/17,2017,84.58,37.68184886,31.99544202,8.133553119,10.46232479,8.397959974,3.328871237,1.56,0.67,11.53,16.93,2.6,0.92,8.26,3.4061,2.8921,0.7352,0.9457,0.7591,0.3009,1,0.44,1410.83,-0.02,-0.02
SRS-2-42767,SRS-2,Peat Marsh,SR21702I2s,25.54973,-80.78521,2,2/1/17,2017,75.63,38.00051865,32.61907277,7.224564672,10.20390522,8.80643891,3.145499774,1.56,0.66,11.59,17.07,2.69,0.92,8.24,3.9565,3.3962,0.7522,1.0624,0.9169,0.3275,1,0.46,1422.5,-0.02,-0.02
SRS-2-42795,SRS-2,Peat Marsh,SR21703I2s,25.54973,-80.78521,3,3/1/17,2017,67.25,38.55994875,32.51467277,6.620881968,10.3062676,8.666120265,3.33210864,1.57,0.71,9.7,26.35,2.13,0.95,8.7,4.0931,3.4514,0.7028,1.094,0.9199,0.3537,1,0.56,2195.83,-0.02,-0.02
SRS-2-42826,SRS-2,Peat Marsh,SR21704I2s,25.54973,-80.78521,4,4/1/17,2017,59.43,34.68525261,31.75713054,10.93092668,8.116018474,10.58099294,3.929678756,1.57,0.72,8.69,46.82,2.05,0.98,10.21,5.3921,4.9369,1.6993,1.2617,1.6449,0.6109,1,0.96,3901.67,-0.02,-0.02
SRS-2-42856,SRS-2,Peat Marsh,SR21705I2s,25.54973,-80.78521,5,5/1/17,2017,57.41,34.05057219,32.44620709,10.16411978,7.583687384,11.69995888,4.05545467,1.58,0.7,8.12,31.79,2.36,0.96,8.03,7.9504,7.5758,2.3732,1.7707,2.7318,0.9469,1,0.75,2649.5,-0.02,-0.02
SRS-2-42887,SRS-2,Peat Marsh,SR21706I2s,25.54973,-80.78521,6,6/1/17,2017,73.53,34.30585283,31.63926712,10.34503696,7.502871513,11.39294949,4.814022092,1.52,0.64,11.25,18.84,3.13,0.93,6.79,6.7799,6.2529,2.0445,1.4828,2.2516,0.9514,1,0.59,1570,-0.02,-0.02
SRS-2-42917,SRS-2,Peat Marsh,SR21707I2s,25.54973,-80.78521,7,7/1/17,2017,97.87,36.65202538,30.64170253,10.87966044,9.348240827,8.917875682,3.560495142,1.48,0.6,12.66,16.76,3.52,0.94,6.29,4.9566,4.1438,1.4713,1.2642,1.206,0.4815,1,0.59,1396.25,-0.02,-0.02
SRS-2-42948,SRS-2,Peat Marsh,SR21708I2s,25.54973,-80.78521,8,8/1/17,2017,111.27,37.8518483,29.75174926,11.58423592,9.481133583,7.795776223,3.535256717,1.48,0.61,9.94,11.81,3.56,0.95,6.2,4.7389,3.7248,1.4503,1.187,0.976,0.4426,1,0.42,984.5,-0.02,-0.02
SRS-2-42979,SRS-2,Peat Marsh,SR21709I2s,25.54973,-80.78521,9,9/1/17,2017,126.11,35.67140032,28.30487147,13.38606268,9.167715262,8.76026125,4.709689017,1.47,0.61,11.45,31.95,1.03,0.94,6.05,2.9766,2.3619,1.117,0.765,0.731,0.393,1,0.33,2662.83,-0.0173,-0.0184
SRS-2-43009,SRS-2,Peat Marsh,SR21710I2s,25.54973,-80.78521,10,10/1/17,2017,132.98,36.18166197,28.06324706,13.02322777,9.918152631,8.29778575,4.515924815,1.45,0.63,10.63,31.73,1.04,0.95,6.42,2.4004,1.8618,0.864,0.658,0.5505,0.2996,1,0.33,2643.83,-0.02,-0.02
SRS-2-43040,SRS-2,Peat Marsh,SR21711I2s,25.54973,-80.78521,11,11/1/17,2017,130.55,35.05661655,28.2537953,14.11511787,8.976190126,9.067483398,4.530796755,1.47,0.64,10.36,9.66,3,1,6.92,2.3808,1.9188,0.9586,0.6096,0.6158,0.3077,1,0.29,805.25,-0.02,-0.02
SRS-2-43070,SRS-2,Peat Marsh,SR2Dec2017,25.54973,-80.78521,12,12/1/17,2017,119.46,34.07813865,28.36357045,14.90434525,8.520770511,9.824179808,4.308995337,1.48,0.64,9.89,10.99,2.91,1,7.36,2.0681,1.7213,0.9045,0.5171,0.5962,0.2615,1,0.32,915.83,-0.0191,-0.0191
SRS-2-43221,SRS-2,Peat Marsh,SRS2May20181sc.txt,25.54973,-80.78521,5,5/1/18,2018,70.78,33.77351299,30.33727178,12.20545703,9.13017809,10.09797547,4.45560463,1.58,0.71,8.72,33.56,1.7,1.28,6.67,4.5192,4.0594,1.6332,1.2217,1.3512,0.5962,1,0.57,2796.75,-0.0191,-0.0149
SRS-2-43252,SRS-2,Peat Marsh,SRS2Jun20181sc.txt,25.54973,-80.78521,6,6/1/18,2018,96.58,34.54183845,30.9515424,11.48148915,8.152920784,9.936674332,4.935534884,1.52,0.62,14.25,16.85,3.09,1.05,5.08,5.0019,4.482,1.6626,1.1806,1.4389,0.7147,1,0.52,1404.17,-0.0155,-0.0147
SRS-2-43282,SRS-2,Peat Marsh,SRS2Jul20181sc.txt,25.54973,-80.78521,7,7/1/18,2018,106.38,44.11374014,31.45599834,9.9626401,12.20838522,0,2.259236198,1.48,0.63,13.4,7.82,6.14,0.96,6.97,4.2508,3.0311,0.96,1.1764,0,0.2177,1,0.48,651.58,-0.0185,-0.0193
SRS-2-43313,SRS-2,Peat Marsh,SRS2Aug20181sc.txt,25.54973,-80.78521,8,8/1/18,2018,107.25,34.99108083,33.06181808,8.27297671,8.579595521,9.7000437,5.39448516,1.48,0.61,14.85,14.69,3.34,0.95,6.74,4.8843,4.615,1.1548,1.1976,1.354,0.753,1,0.49,1224.17,-0.0182,-0.0192
SRS-2-43344,SRS-2,Peat Marsh,SRS2Sep20181sc.txt,25.54973,-80.78521,9,9/1/18,2018,117.69,35.36815276,29.96092557,11.8487156,10.45425343,8.464722424,3.903230223,1.46,0.62,11.85,12.91,1.47,1.12,5.54,3.3581,2.8447,1.125,0.9926,0.8037,0.3706,1,0.19,1075.83,-0.0175,-0.0157
SRS-2-43344,SRS-2,Peat Marsh,SRS2Sep20182sc.txt,25.54973,-80.78521,9,9/1/18,2018,117.69,35.80351603,28.41778697,12.59772492,10.23578077,8.523267839,4.421923475,1.51,0.59,14.2,12.91,0.85,1.23,4.74,1.7311,1.374,0.6091,0.4949,0.4121,0.2138,2,0.11,1075.83,-0.02,-0.01
SRS-2-43374,SRS-2,Peat Marsh,SRS2Oct20181sc.txt,25.54973,-80.78521,10,10/1/18,2018,110.37,33.51249796,29.01976801,14.07286391,9.18477373,10.09638948,4.113706911,1.52,0.63,12.49,11.9,4.96,1,7.15,4.1026,3.5526,1.7228,1.1244,1.236,0.5036,1,0.59,991.67,-0.0191,-0.019
SRS-2-43405,SRS-2,Peat Marsh,SRS2Nov20181sc.txt,25.54973,-80.78521,11,11/1/18,2018,99.58,34.71231103,30.09329424,12.15186017,9.846540497,9.736872168,3.459121892,1.5,0.63,16.97,14.84,3.23,0.96,7.32,4.5579,3.9514,1.5956,1.2929,1.2785,0.4542,1,0.48,1236.67,-0.0191,-0.0198
SRS-2-43435,SRS-2,Peat Marsh,SRS2Dec20181sc.txt,25.54973,-80.78521,12,12/1/18,2018,89.27,32.945531,28.44914401,14.31865161,9.832865144,10.49274748,3.961060759,1.52,0.64,15.1,17.11,3.1,0.94,7.91,3.7295,3.2205,1.6209,1.1131,1.1878,0.4484,1,0.53,1425.83,-0.0195,-0.0208
SRS-2-43466,SRS-2,Peat Marsh,SRS2Jan20191sc.txt,25.54973,-80.78521,1,1/1/19,2019,81.15,36.53498862,31.62205068,9.387415689,10.27777544,9.11526799,3.062501575,1.51,0.63,15.66,19.81,2.69,0.91,7.94,4.3496,3.7647,1.1176,1.2236,1.0852,0.3646,1,0.53,1650.83,-0.02,-0.02
SRS-2-43497,SRS-2,Peat Marsh,SRS2Feb20191sc.txt,25.54973,-80.78521,2,2/1/19,2019,79.19,30.99465751,28.23772232,16.32552698,10.93460103,9.715588606,3.791903552,,,,18.43,,,,4.1597,3.7897,2.191,1.4675,1.3039,0.5089,,,1535.83,,
SRS-2-43525,SRS-2,Peat Marsh,SRS2Mar20191sc.txt,25.54973,-80.78521,3,3/1/19,2019,73.42,36.36621689,31.70499855,8.878165351,10.04594545,9.618837633,3.385836128,1.51,0.67,9.69,20.62,2.9,0.94,7.2,5.5089,4.8028,1.3449,1.5218,1.4571,0.5129,1,0.6,1718.33,-0.02,-0.02
SRS-2-43556,SRS-2,Peat Marsh,SRS2Apr192sc.txt,25.54973,-80.78521,4,4/1/19,2019,67.11,32.2451838,30.68299096,12.9810055,10.35974052,9.926036957,3.805042265,1.54,0.69,9.15,28.19,2.46,0.94,8.13,5.249,4.9947,2.1131,1.6864,1.6158,0.6194,1,0.69,2349.17,-0.02,-0.02
SRS-2-43586,SRS-2,Peat Marsh,SRS21905061sc.txt,25.54973,-80.78521,5,5/1/19,2019,66.06,36.04375229,30.28760006,12.09068707,9.526708685,8.735237753,3.316014141,1.52,0.66,9.37,20.62,2.93,0.94,7.08,5.2098,4.3778,1.7476,1.377,1.2626,0.4793,1,0.6,1718.33,-0.02,-0.02
SRS-2-43586,SRS-2,Peat Marsh,SRS2May191sc.txt,25.54973,-80.78521,5,5/1/19,2019,66.06,36.30932625,29.15505677,12.64057302,10.17837433,8.29583433,3.420835295,1.51,0.67,9.69,20.62,2.9,0.94,7.2,4.7042,3.7773,1.6377,1.3187,1.0748,0.4432,1,0.6,1718.33,-0.02,-0.02
SRS-2-43617,SRS-2,Peat Marsh,SRS2Jun192sc.txt,25.54973,-80.78521,6,6/1/19,2019,72.94,38.40893021,30.15335752,8.275278489,11.13030173,7.971577276,4.060554776,1.54,0.68,9.06,23.48,2.87,0.95,6.59,3.3135,2.6013,0.7139,0.9602,0.6877,0.3503,1,0.68,1956.67,-0.02,-0.02
SRS-2-43647,SRS-2,Peat Marsh,SRS2Jul192sc.txt,25.54973,-80.78521,7,7/1/19,2019,88.38,37.51291684,31.38973221,8.943662536,10.74921698,8.51590474,2.888566691,1.46,0.53,18,14.47,3.76,0.92,5.94,4.683,3.9186,1.1165,1.3419,1.0631,0.3606,1,0.54,1205.83,-0.02,-0.02
SRS-2-43709,SRS-2,Peat Marsh,SRS21909181sc.txt,25.54973,-80.78521,9,9/1/19,2019,102.82,34.96774534,30.25334927,11.50405082,8.264059003,10.1669847,4.84381087,1.46,0.63,12.1,14.27,2.6,0.95,6.45,5.2959,4.5819,1.7423,1.2516,1.5398,0.7336,1,0.37,1189.17,-0.02,-0.02
SRS-2-43709,SRS-2,Peat Marsh,SRS2Sep192sc.txt,25.54973,-80.78521,9,9/1/19,2019,102.82,37.24455821,29.28476297,11.18845466,10.33628834,8.230324219,3.715611604,1.46,0.55,20,14.27,3.92,0.95,6.59,3.5795,2.8145,1.0753,0.9934,0.791,0.3571,1,0.56,1189.17,-0.02,-0.02
SRS-2-43739,SRS-2,Peat Marsh,SRS21910072sc.txt,25.54973,-80.78521,10,10/1/19,2019,101.32,37.06436289,29.39525791,11.08378526,10.05591289,8.87039139,3.530289654,1.47,0.61,15.26,18.34,3.28,0.96,7.03,3.5266,2.7969,1.0546,0.9568,0.844,0.3359,1,0.6,1528.33,-0.02,-0.02
SRS-2-43862,SRS-2,Peat Marsh,SRS2Feb202sc.txt,25.54973,-80.78521,2,2/1/20,2020,82.35,36.33980036,30.06948558,11.36760903,9.584242232,9.623246609,3.015616197,1.51,0.63,13.27,16.95,3.06,0.98,7.1,5.0311,4.163,1.5738,1.3269,1.3323,0.4175,1,0.52,1412.5,-0.02,-0.02
SRS-2-43891,SRS-2,Peat Marsh,SRS2Mar202sc.txt,25.54973,-80.78521,3,3/1/20,2020,73.38,35.02915265,30.29548338,11.45332666,8.840643802,10.02013337,4.361260139,1.51,0.65,13.57,20.76,2.79,0.95,7.97,6.0199,5.2064,1.9683,1.5193,1.722,0.7495,1,0.58,1730,-0.02,-0.02
SRS-2-43983,SRS-2,Peat Marsh,SRS2Jun202sc.txt,25.54973,-80.78521,6,6/1/20,2020,75.02,38.9631763,31.08781262,7.365474476,10.93469892,7.552090987,4.096746701,1.5,0.62,15.32,23.77,3.52,0.97,6.23,5.3032,4.2313,1.0025,1.4883,1.0279,0.5576,1,0.84,1980.83,-0.02,-0.02
SRS-2-44013,SRS-2,Peat Marsh,SRS2Jul202sc.txt,25.54973,-80.78521,7,7/1/20,2020,93.58,36.69281685,30.18730377,12.20663889,8.796898429,8.573227407,3.54311466,1.48,0.59,15.72,22.09,3.56,0.92,6.34,4.4293,3.644,1.4735,1.0619,1.0349,0.4277,1,0.79,1840.83,-0.02,-0.02
SRS-2-44044,SRS-2,Peat Marsh,SRS2Aug202sc.txt,25.54973,-80.78521,8,8/1/20,2020,106,37.92958409,30.26779161,10.99124956,9.638683392,8.041170794,3.131520565,1.47,0.6,14.85,17.52,3.62,0.95,6.52,4.599,3.67,1.3327,1.1687,0.975,0.3797,1,0.63,1460,-0.02,-0.02
SRS-2-44105,SRS-2,Peat Marsh,SRS2Oct202sc.txt,25.54973,-80.78521,10,10/1/20,2020,117.14,37.40178172,30.69860694,10.09012399,9.425062127,9.073390388,3.311034836,1.47,0.62,10.56,15.95,3.42,0.99,6.69,5.7644,4.7313,1.5551,1.4526,1.3984,0.5103,1,0.54,1329.17,-0.02,-0.02
SRS-2-44136,SRS-2,Peat Marsh,SRS2Nov202sc.txt,25.54973,-80.78521,11,11/1/20,2020,130.94,37.40204422,30.17079047,11.31394364,10.29512133,8.381643108,2.436457228,1.47,0.62,12.47,14.19,3.23,0.96,6.92,4.5485,3.6691,1.3759,1.252,1.0193,0.2963,1,0.46,1182.5,-0.02,-0.02
SRS-2-44166,SRS-2,Peat Marsh,SRS2Dec202sc.txt,25.54973,-80.78521,12,12/1/20,2020,129.5,37.50885675,30.59364537,10.74271663,10.05501605,8.676141652,2.423623557,1.46,0.63,13.51,13.64,3.18,0.96,7.23,5.3997,4.4042,1.5465,1.4475,1.249,0.3489,1,0.43,1136.67,-0.02,-0.02
SRS-2-44197,SRS-2,Peat Marsh,SRS2Jan212sc.txt,25.54973,-80.78521,1,1/1/21,2021,118.43,36.94645186,30.66317105,10.39651706,10.06235058,9.502689633,2.428819822,1.47,0.64,15.58,14.63,3.01,0.98,7.63,5.4397,4.5146,1.5307,1.4815,1.3991,0.3576,1,0.44,1219.17,-0.02,-0.02
SRS-2-44228,SRS-2,Peat Marsh,SRS2Feb212sc.txt,25.54973,-80.78521,2,2/1/21,2021,108.51,37.91668054,30.34649838,9.996170369,10.06360518,8.572546538,3.104498984,1.48,0.65,14.05,17.01,2.94,0.96,7.77,4.5544,3.6451,1.2007,1.2088,1.0297,0.3729,1,0.5,1417.5,-0.02,-0.02
SRS-2-44256,SRS-2,Peat Marsh,SRS2Mar212sc.txt,25.54973,-80.78521,3,3/1/21,2021,98.5,37.42090425,30.663743,10.07274373,10.05673315,9.018133723,2.76774216,1.48,0.63,13.47,19.11,3.09,0.94,7.49,5.3757,4.405,1.447,1.4447,1.2955,0.3976,1,0.59,1592.5,-0.02,-0.02
SRS-2-44317,SRS-2,Peat Marsh,SRS2May212sc.txt,25.54973,-80.78521,5,5/1/21,2021,82.2,32.43705036,30.78558582,12.88090956,7.365107914,11.61485098,4.916495375,1.5,0.63,14.09,26.7,2.66,0.95,7.67,5.0498,4.7927,2.0053,1.1466,1.8082,0.7654,1,0.71,2225.4,-0.02,-0.02
SRS-2-44409,SRS-2,Peat Marsh,SRS2Aug212sc.txt,25.54973,-80.78521,8,8/1/21,2021,89.25,37.80511148,28.99649073,12.66527241,9.842260111,7.814682216,2.876183049,1.45,0.59,13.87,15.17,3.03,0.98,6.37,5.3326,4.0901,1.7865,1.3883,1.1023,0.4057,1,0.46,1264.17,-0.02,-0.02
SRS-2-44501,SRS-2,Peat Marsh,SRS21Nov212sc.txt,25.54973,-80.78521,11,11/1/21,2021,105.44,36.13151736,29.54345989,12.22289039,10.02795475,8.818749187,3.255428423,1.47,0.6,12.28,18.62,3.28,0.95,7.5,4.4462,3.6355,1.5041,1.234,1.0852,0.4006,1,0.61,1551.67,-0.02,-0.02
SRS-2-44531,SRS-2,Peat Marsh,SRS21Dec212sc.txt,25.54973,-80.78521,12,12/1/21,2021,100.91,38.15671394,29.11623174,11.32710095,10.58020478,8.06888121,2.750867375,1.48,0.64,11.88,21.29,2.3,0.97,7.89,5.3999,4.1205,1.603,1.4973,1.1419,0.3893,1,0.49,1774.17,-0.02,-0.02
SRS-2-44562,SRS-2,Peat Marsh,SRS2Jan5222sc.txt,25.54973,-80.78521,1,1/1/22,2022,96.72,35.52696363,29.56291514,13.82135724,9.896418784,8.836453156,2.355892053,1.5,0.65,13.65,18.7,2.89,0.93,7.91,3.8243,3.1823,1.4878,1.0653,0.9512,0.2536,1,0.54,1558.33,-0.02,-0.02
SRS-2-44593,SRS-2,Peat Marsh,SRS2Feb1222sc.txt,25.54973,-80.78521,2,2/1/22,2022,97.78,36.4175799,31.58730765,9.546756272,10.1279163,9.1748444,3.145595479,1.51,0.62,14.04,18.17,0.55,0.95,6.97,4.7687,4.1362,1.2501,1.3262,1.2014,0.4119,1,0.1,1514.17,-0.0183,-0.0192
SRS-2-44621,SRS-2,Peat Marsh,SRS2Mar1222sc.txt,25.54973,-80.78521,3,3/1/22,2022,95.45,33.17702376,31.18755253,11.0748074,10.75439384,10.1198865,3.686335973,1.5,0.63,12.57,18.39,2.77,0.92,7.27,5.2497,4.9349,1.7524,1.7017,1.6013,0.5833,1,0.51,1532.5,-0.02,-0.02
SRS-2-44652,SRS-2,Peat Marsh,SRS2Apr4222sc.txt,25.54973,-80.78521,4,4/1/22,2022,91.05,34.4175019,31.00387188,11.46065626,8.32026368,10.04116941,4.756536869,1.49,0.65,13.33,14.83,4.52,0.96,8.05,5.6179,5.0607,1.8707,1.3581,1.639,0.7764,1,0.67,1235.83,-0.02,-0.02
SRS-2-44682,SRS-2,Peat Marsh,SRS2May3222sc.txt,25.54973,-80.78521,5,5/1/22,2022,85.54,36.30688801,29.18739312,12.97882163,9.83620415,8.660567401,3.030125692,1.49,0.61,11.62,18.57,2.53,0.95,7.01,5.5836,4.4887,1.996,1.5127,1.3319,0.466,1,0.47,1547.5,-0.02,-0.02
SRS-2-44713,SRS-2,Peat Marsh,SRS2Jun2222sc.txt,25.54973,-80.78521,6,6/1/22,2022,102.84,36.35793461,29.12907132,13.6088428,9.642624274,8.206911541,3.054615456,1.5,0.63,12.25,18.33,2.84,0.94,7.69,5.8549,4.6908,2.1915,1.5528,1.3216,0.4919,1,0.52,1527.5,-0.02,-0.02
SRS-2-44743,SRS-2,Peat Marsh,SRS2Jul7222sc.txt,25.54973,-80.78521,7,7/1/22,2022,99.35,39.98342286,29.89287813,9.505099043,10.85802417,7.158070337,2.602505456,1.47,0.61,11.02,11.36,2.99,0.96,6.65,7.6218,5.6983,1.8119,2.0698,1.3645,0.4961,1,0.34,946.67,-0.02,-0.02
SRS-2-44774,SRS-2,Peat Marsh,SRS2Aug2222sc.txt,25.54973,-80.78521,8,8/1/22,2022,99.87,37.77564015,28.69062431,11.93734904,10.33552556,7.613889441,3.646971487,1.45,0.56,20,12.89,2.79,0.88,5.56,3.6129,2.744,1.1417,0.9885,0.7282,0.3488,1,0.36,1074.33,-0.02,-0.02
SRS-2-44805,SRS-2,Peat Marsh,SRS2Sep1222sc.txt,25.54973,-80.78521,9,9/1/22,2022,106.86,35.24398229,29.60525586,9.212176364,9.389739094,11.42283235,5.12601405,,,,,,,,3.1758,2.6677,0.8301,0.8461,1.0293,0.4619,,,,,
SRS-2-44835,SRS-2,Peat Marsh,SRS2Oct10222sc.txt,25.54973,-80.78521,10,10/1/22,2022,113.8,36.53199234,31.02886125,9.43985371,10.35934238,9.189711388,3.450238929,1.47,0.62,13.38,15.08,2.79,0.97,6.98,4.2353,3.5973,1.0944,1.201,1.0654,0.4,1,0.42,1256.67,-0.02,-0.02
SRS-2-44866,SRS-2,Peat Marsh,SRS2Nov3222sc.txt,25.54973,-80.78521,11,11/1/22,2022,108.88,36.21171771,29.47593685,13.21856572,9.181091877,8.52006848,3.392619365,1.47,0.62,11.71,16.9,2.66,0.96,7.56,3.8073,3.0991,1.3898,0.9653,0.8958,0.3567,1,0.45,1408.33,-0.02,-0.02
SRS-2-44896,SRS-2,Peat Marsh,SRS2Dec1222sc.txt,25.54973,-80.78521,12,12/1/22,2022,112.15,43.278076,31.60072836,5.07721049,12.5665098,5.985290988,1.492184359,1.5,0.65,11.11,17.63,2.5,0.95,8.11,1.8301,1.3363,0.2147,0.5314,0.2531,0.0631,1,0.44,1469.17,-0.02,-0.02
SRS-3-43466,SRS-3,Peat Marsh,SRS3Jan20192sc.txt,25.46821,-80.85328,1,1/1/19,2019,18.52,34.45043461,28.86014406,13.17288458,9.068075602,11.01463056,3.433830587,1.55,0.66,15.06,15.26,2.75,0.94,8.07,3.8405,3.2173,1.4685,1.0109,1.2279,0.3828,1,0.42,1271.67,-0.0193,-0.0204
SRS-3-43497,SRS-3,Peat Marsh,SRS3Feb20192sc.txt,25.46821,-80.85328,2,2/1/19,2019,16.57,34.4736057,30.56628598,12.5985818,9.09668092,10.20584568,3.058999916,1.53,0.66,16.17,10.23,4.2,0.95,7.85,4.5067,3.9959,1.647,1.1892,1.3342,0.3999,1,0.43,852.5,-0.0194,-0.0204
SRS-3-43525,SRS-3,Peat Marsh,SRS3Mar20192sc.txt,25.46821,-80.85328,3,3/1/19,2019,5.25,36.01288209,30.81336003,10.69656662,9.905283398,9.288873767,3.283034096,1.54,0.67,13.66,19.54,2.76,0.97,7.45,4.5512,3.8941,1.3518,1.2518,1.1739,0.4149,1,0.54,1628.33,-0.0192,-0.0199
SRS-3-43556,SRS-3,Peat Marsh,SRS3Apr192sc.txt,25.46821,-80.85328,4,4/1/19,2019,-1.62,35.99453654,30.40252819,10.57607327,9.729773159,9.205745556,4.091343278,1.55,0.69,11.92,20.83,2.51,0.94,8.82,4.032,3.4056,1.1847,1.0899,1.0312,0.4583,1,0.52,1735.83,-0.02,-0.02
SRS-3-43586,SRS-3,Peat Marsh,SRS3May192sc.txt,25.46821,-80.85328,5,5/1/19,2019,-1.03,35.52813911,29.45241607,12.88900809,9.85829869,8.744356533,3.527781503,1.53,0.67,13,22.38,2.79,0.95,7.78,3.974,3.2944,1.4417,1.1027,0.9781,0.3946,1,0.62,1865,-0.02,-0.02
SRS-3-43617,SRS-3,Peat Marsh,SRS31906062sc.txt,25.46821,-80.85328,6,6/1/19,2019,16.87,36.47156645,29.02085022,11.75653345,11.27764154,8.895812064,2.577596278,1.54,0.65,15.25,19.85,2.93,0.95,7.13,3.4652,2.7573,1.117,1.0715,0.8452,0.2449,1,0.58,1654.17,-0.02,-0.02
SRS-3-43617,SRS-3,Peat Marsh,SRS3Jun192sc.txt,25.46821,-80.85328,6,6/1/19,2019,16.87,36.4075337,29.94141474,10.3851523,10.10366844,8.984598485,4.177632332,1.52,0.64,14.99,19.85,2.9,0.94,7.17,3.1818,2.6167,0.9076,0.883,0.7852,0.3651,1,0.58,1654.17,-0.02,-0.02
SRS-3-43647,SRS-3,Peat Marsh,SRS3Jul20192sc.txt,25.46821,-80.85328,7,7/1/19,2019,29.81,36.74274395,31.52527775,9.143915253,10.17655671,9.118077685,3.293428645,1.49,0.56,20,11.16,3.37,0.93,6.46,4.2662,3.6604,1.0617,1.1816,1.0587,0.3824,1,0.38,930,-0.02,-0.02
SRS-3-43709,SRS-3,Peat Marsh,SRS31909102sc.txt,25.46821,-80.85328,9,9/1/19,2019,40.21,38.06444814,30.8695167,9.178094081,10.67089047,8.763979468,2.453071143,1.49,0.63,10.18,11.21,3.63,0.98,6.95,6.1401,4.9795,1.4805,1.7213,1.4137,0.3957,1,0.41,934.17,-0.02,-0.02
SRS-3-43739,SRS-3,Peat Marsh,SRS31910072sc.txt,25.46821,-80.85328,10,10/1/19,2019,38.4,34.8080118,28.73009651,12.85210282,9.292341005,9.980213175,4.337234698,1.51,0.64,12.19,13.11,3.01,0.96,7.22,3.7294,3.0782,1.377,0.9956,1.0693,0.4647,1,0.39,1092.5,-0.02,-0.02
SRS-3-43862,SRS-3,Peat Marsh,SRS3Feb202sc.txt,25.46821,-80.85328,2,2/1/20,2020,19.76,37.48283856,31.62431636,10.49642517,9.629162822,8.643364618,2.123892477,1.53,0.67,11.96,17.73,2.78,1.04,7.65,4.9962,4.2153,1.3991,1.2835,1.1521,0.2831,1,0.49,1477.5,-0.02,-0.02
SRS-3-43891,SRS-3,Peat Marsh,SRS3Mar202sc.txt,25.46821,-80.85328,3,3/1/20,2020,5.92,36.76893217,31.30107756,10.11098121,9.597829906,9.622594783,2.59858437,1.54,0.66,12.17,18.68,2.75,0.95,8.33,6.3843,5.4349,1.7556,1.6665,1.6708,0.4512,1,0.51,1556.67,-0.02,-0.02
SRS-3-43952,SRS-3,Peat Marsh,SRS3May202sc.txt,25.46821,-80.85328,5,5/1/20,2020,-4.51,37.0052526,31.57756847,10.01827546,9.773537644,8.649532889,2.975832939,1.51,0.63,14.34,25.91,3.18,0.91,6.46,5.7911,4.9417,1.5678,1.5295,1.3536,0.4657,1,0.83,2159.17,-0.02,-0.02
SRS-3-43983,SRS-3,Peat Marsh,SRS3Jun202sc.txt,25.46821,-80.85328,6,6/1/20,2020,9.19,38.65214432,31.00868938,9.383734433,10.77403596,7.584991791,2.596404116,1.53,0.63,13.36,23.74,3.1,0.95,7.25,4.8263,3.8719,1.1717,1.3453,0.9471,0.3242,1,0.74,1978.33,-0.02,-0.02
SRS-3-44013,SRS-3,Peat Marsh,SRS3Jul202sc.txt,25.46821,-80.85328,7,7/1/20,2020,33.35,43.02980785,32.08711331,10.88352961,11.77804699,0,2.221502226,1.47,0.62,12.08,13.4,3.48,0.95,6.39,3.0546,2.2778,0.7726,0.8361,0,0.1577,1,0.47,1116.67,-0.02,-0.02
SRS-3-44044,SRS-3,Peat Marsh,SRS3Aug202sc.txt,25.46821,-80.85328,8,8/1/20,2020,43.47,36.22109611,30.45862965,10.7746029,10.02682792,9.060171188,3.458672231,1.48,0.63,11.52,13.4,2.81,0.99,6.54,4.2529,3.5763,1.2651,1.1773,1.0638,0.4061,1,0.38,1116.67,-0.02,-0.02
SRS-3-44105,SRS-3,Peat Marsh,SRS3Oct202sc.txt,25.46821,-80.85328,10,10/1/20,2020,55.17,35.44207317,29.32202119,11.99520192,9.584916034,8.796481407,4.859306277,1.51,0.65,10.27,13.42,2.99,1.01,7.38,2.8365,2.3467,0.96,0.7671,0.704,0.3889,1,0.4,1118.33,-0.02,-0.02
SRS-3-44136,SRS-3,Peat Marsh,SRS3Nov202sc.txt,25.46821,-80.85328,11,11/1/20,2020,72,36.92272364,30.23269659,9.990814608,10.56915409,8.33744408,3.947166987,1.49,0.66,8.92,11,2.75,1.01,7.22,4.3413,3.5547,1.1747,1.2427,0.9803,0.4641,1,0.3,916.67,-0.02,-0.02
SRS-3-44166,SRS-3,Peat Marsh,SRS3Dec202sc.txt,25.46821,-80.85328,12,12/1/20,2020,66.31,36.41859941,29.88966449,11.01553704,10.11709075,8.40238685,4.156721459,1.47,0.66,11.03,11.72,2.89,0.98,7.75,3.2347,2.6548,0.9784,0.8986,0.7463,0.3692,1,0.34,976.67,-0.02,-0.02
SRS-3-44197,SRS-3,Peat Marsh,SRS3Jan212sc.txt,25.46821,-80.85328,1,1/1/21,2021,54.74,37.02569005,31.17716504,10.31223519,9.608239359,9.679218362,2.197451999,1.5,0.65,13.52,13.28,2.94,0.97,8.15,5.1121,4.3046,1.4238,1.3266,1.3364,0.3034,1,0.39,1106.67,-0.02,-0.02
SRS-3-44228,SRS-3,Peat Marsh,SRS3Feb212sc.txt,25.46821,-80.85328,2,2/1/21,2021,44.76,36.71094602,31.13013284,9.965680139,9.721807244,9.310776436,3.160657326,1.48,0.67,11.52,15.28,2.81,0.99,7.9,4.5461,3.855,1.2341,1.2039,1.153,0.3914,1,0.43,1273.33,-0.02,-0.02
SRS-3-44256,SRS-3,Peat Marsh,SRS3Mar212sc.txt,25.46821,-80.85328,3,3/1/21,2021,35.21,36.72925879,30.7271083,9.633063454,9.89439804,9.744860538,3.271310874,1.49,0.64,12.55,16.75,2.87,0.93,8.15,5.158,4.3151,1.3528,1.3895,1.3685,0.4594,1,0.48,1395.83,-0.02,-0.02
SRS-3-44287,SRS-3,Peat Marsh,SRS3Apr211sc.txt,25.46821,-80.85328,4,4/1/21,2021,27.25,35.8442953,31.37027804,11.35186961,8.996356663,9.116778523,3.32042186,1.52,0.64,11.46,68.78,0.95,0.94,8.03,4.6732,4.0899,1.48,1.1729,1.1886,0.4329,1,0.65,5731.49,-0.02,-0.02
SRS-3-44317,SRS-3,Peat Marsh,SRS3May212sc.txt,25.46821,-80.85328,5,5/1/21,2021,16.87,39.95490605,31.11537926,6.733472512,11.69436326,7.969380654,2.53249826,1.5,0.64,13.76,24.42,2.66,0.96,7.88,7.1769,5.5891,1.2095,2.1006,1.4315,0.4549,1,0.65,2034.73,-0.02,-0.02
SRS-3-44348,SRS-3,Peat Marsh,SRS3Jun212sc.txt,25.46821,-80.85328,6,6/1/21,2021,12.8,38.50409133,31.30190929,8.345913527,10.28027818,8.5966645,2.971143169,1.54,0.65,13.7,26.35,2.81,0.94,8.53,7.5242,6.1168,1.6309,2.0089,1.6799,0.5806,1,0.74,2196.07,-0.02,-0.02
SRS-3-44409,SRS-3,Peat Marsh,SRS3Aug212sc.txt,25.46821,-80.85328,8,8/1/21,2021,27.62,35.8985605,29.25326136,12.7294197,9.409581646,8.887764283,3.821412506,1.5,0.62,13.09,18.36,2.83,0.98,6.9,3.1921,2.6012,1.1319,0.8367,0.7903,0.3398,1,0.52,1530,-0.02,-0.02
SRS-3-44501,SRS-3,Peat Marsh,SRS31Nov212sc.txt,25.46821,-80.85328,11,11/1/21,2021,44.41,35.0465649,29.11100336,13.29732983,9.182564497,9.830460299,3.532077112,1.51,0.64,10.16,16.76,2.57,0.95,8.08,4.1922,3.4822,1.5906,1.0984,1.1759,0.4225,1,0.43,1396.67,-0.02,-0.02
SRS-3-44531,SRS-3,Peat Marsh,SRS31Dec212sc.txt,25.46821,-80.85328,12,12/1/21,2021,38.24,36.23930779,29.54660074,11.69048208,9.838318912,9.133250927,3.552039555,1.52,0.66,10.29,15.19,2.9,0.97,8.41,3.6647,2.9879,1.1822,0.9949,0.9236,0.3592,1,0.44,1265.83,-0.02,-0.02
SRS-3-44562,SRS-3,Peat Marsh,SRS3Jan5222sc.txt,25.46821,-80.85328,1,1/1/22,2022,32.75,34.67345066,29.11001752,14.70201852,9.410709817,9.525398282,2.578405205,1.53,0.67,12.17,18.01,2.72,0.93,8.48,3.3256,2.792,1.4101,0.9026,0.9136,0.2473,1,0.49,1500.83,-0.02,-0.02
SRS-3-44593,SRS-3,Peat Marsh,SRS3Feb1222sc.txt,25.46821,-80.85328,2,2/1/22,2022,33.41,34.26055336,29.04973346,14.17174803,8.934954422,9.574402296,4.008608428,1.54,0.69,12.17,20.28,2.47,0.96,8.92,2.77,2.3487,1.1458,0.7224,0.7741,0.3241,1,0.5,1690,-0.02,-0.02
SRS-3-44621,SRS-3,Peat Marsh,SRS3Mar1222sc.txt,25.46821,-80.85328,3,3/1/22,2022,30.04,37.58481077,30.65681886,9.131885685,10.71976466,7.925951699,3.980768318,1.53,0.66,12.19,20.45,2.54,0.92,8.18,4.7529,3.8768,1.1548,1.3556,1.0023,0.5034,1,0.52,1704.17,-0.02,-0.02
SRS-3-44652,SRS-3,Peat Marsh,SRS3Apr4222sc.txt,25.46821,-80.85328,4,4/1/22,2022,27.81,36.31152212,30.01303369,11.80197819,9.279874515,8.44594404,4.147647447,1.52,0.64,11.82,18.05,2.77,0.95,7.64,6.4356,5.3193,2.0917,1.6447,1.4969,0.7351,1,0.5,1504.17,-0.02,-0.02
SRS-3-44682,SRS-3,Peat Marsh,SRS3May2222sc.txt,25.46821,-80.85328,5,5/1/22,2022,21.08,36.43495872,29.98095828,12.45786262,9.528263166,8.664320655,2.933636565,1.53,0.63,11.98,19.91,2.46,0.96,7.37,5.415,4.4558,1.8515,1.4161,1.2877,0.436,1,0.49,1659.17,-0.02,-0.02
SRS-3-44713,SRS-3,Peat Marsh,SRS3Jun2222sc.txt,25.46821,-80.85328,6,6/1/22,2022,43.1,36.28072769,30.50475668,12.13430772,9.284471043,9.096707279,2.699029589,1.53,0.63,12.54,9.66,4.97,0.93,7.65,6.0866,5.1176,2.0357,1.5576,1.5261,0.4528,1,0.48,804.92,-0.02,-0.02
SRS-3-44743,SRS-3,Peat Marsh,SRS3Jul7222sc.txt,25.46821,-80.85328,7,7/1/22,2022,34.9,37.69850904,29.55137167,11.3408621,10.33879434,8.075979674,2.994483186,1.5,0.64,10.19,12.21,2.95,0.98,6.97,4.5032,3.53,1.3547,1.235,0.9647,0.3577,1,0.36,1017.5,-0.02,-0.02
SRS-3-44805,SRS-3,Peat Marsh,SRS3Sep1222sc.txt,25.46821,-80.85328,9,9/1/22,2022,45.7,34.76871272,29.29353461,13.44443493,8.767323954,9.550171694,4.175822085,1.51,0.64,12.14,12.92,3.1,0.99,7.2,3.6552,3.0796,1.4134,0.9217,1.004,0.439,1,0.4,1076.67,-0.02,-0.02
SRS-3-44835,SRS-3,Peat Marsh,SRS3Oct11222sc.txt,25.46821,-80.85328,10,10/1/22,2022,52.87,35.93008283,29.67251552,11.90494494,9.8101205,8.910691292,3.771644918,1.49,0.63,10.51,11.74,2.9,0.97,7.37,3.7391,3.0879,1.2389,1.0209,0.9273,0.3925,1,0.34,978.33,-0.02,-0.02
SRS-3-44866,SRS-3,Peat Marsh,SRS3Nov3222sc.txt,25.46821,-80.85328,11,11/1/22,2022,42.92,33.4374871,28.06232708,14.13646437,8.454348993,10.34012856,5.569243899,1.49,0.64,12.18,12.68,2.92,0.96,7.61,2.4292,2.0387,1.027,0.6142,0.7512,0.4046,1,0.37,1056.67,-0.02,-0.02
SRS-3-44896,SRS-3,Peat Marsh,SRS3Dec1222sc.txt,25.46821,-80.85328,12,12/1/22,2022,42.09,37.25722067,29.64864187,11.7770372,9.743424353,8.294811152,3.27886476,1.51,0.64,11.82,15.09,2.65,0.95,7.83,4.1588,3.3095,1.3146,1.0876,0.9259,0.366,1,0.4,1257.5,-0.02,-0.02
SRS-4-40940,SRS-4,Riverine Mangrove,SRS4Feb2012c.txt,25.40976,-80.96431,2,2/1/12,2012,-16.36,36.97408515,31.25529992,8.243176502,11.13658177,9.577590786,2.813265867,1.56,0.65,13.62,13.96,0.72,1.05,6.28,3.9678,3.3541,0.8846,1.1951,1.0278,0.3019,1,0.1,1163.33,-0.0185,-0.0175
SRS-4-40969,SRS-4,Riverine Mangrove,SRS4Mar2012c.txt,25.40976,-80.96431,3,3/1/12,2012,-20.66,38.33846819,31.34335081,6.23930238,12.27501216,9.256256419,2.547610039,1.53,0.64,13.57,19.51,0.56,1.08,5.96,4.2558,3.4793,0.6926,1.3626,1.0275,0.2828,1,0.11,1625.83,-0.0186,-0.0172
SRS-4-41000,SRS-4,Riverine Mangrove,SRS4April2012c.txt,25.40976,-80.96431,4,4/1/12,2012,-11.43,36.90435116,30.15813686,9.594594595,11.14912785,9.157561817,3.036227717,1.52,0.65,13.55,13.88,1.22,1.12,5.27,3.8506,3.1467,1.0011,1.1633,0.9555,0.3168,1,0.17,1156.67,-0.0174,-0.0155
SRS-4-41030,SRS-4,Riverine Mangrove,SRS4May2012c.txt,25.40976,-80.96431,5,5/1/12,2012,-5.79,38.80091046,30.10799554,8.165044312,12.89650831,7.329652768,2.699888614,1.5,0.62,14.46,17.01,1.12,0.89,6.09,3.2048,2.4868,0.6744,1.0652,0.6054,0.223,4.27107,0.19,1417.5,-0.0166,-0.0186
SRS-4-41091,SRS-4,Riverine Mangrove,SRS4July2012c.txt,25.40976,-80.96431,7,7/1/12,2012,0.01,38.81416935,28.85098462,9.23758617,11.76029716,8.472454434,2.864508265,1.46,0.55,16,13.33,0.68,0.98,5.41,4.7127,3.503,1.1216,1.4279,1.0287,0.3478,6,0.09,1110.83,-0.0165,-0.0169
SRS-4-41122,SRS-4,Riverine Mangrove,SRS4Aug2012c.txt,25.40976,-80.96431,8,8/1/12,2012,1.75,38.30519905,30.10197826,7.971266247,11.81026731,8.13475844,3.676530696,1.5,0.62,16.39,12.15,4.61,1,5.7,3.7487,2.9459,0.7801,1.1558,0.7961,0.3598,1,0.56,1012.5,-0.0168,-0.0168
SRS-4-41244,SRS-4,Riverine Mangrove,SRS4Dec2012c.txt,25.40976,-80.96431,12,12/1/12,2012,-4.61,38.04180873,28.54279458,10.33562457,11.6025229,7.949977669,3.527271539,1.53,0.66,12.29,16.38,2.63,1,6.8,3.4922,2.6202,0.9488,1.0651,0.7298,0.3238,1,0.43,1365,-0.0184,-0.0183
SRS-4-41306,SRS-4,Riverine Mangrove,SRS4Feb2013c.txt,25.40976,-80.96431,2,2/1/13,2013,-15.38,34.71175584,28.20742276,14.58647325,10.49830445,9.18896006,2.807083647,1.54,0.67,13.04,17.21,3.08,0.99,7.26,0.737,0.5989,0.3097,0.2229,0.1951,0.0596,1,0.53,1434.17,-0.0192,-0.0194
SRS-4-41334,SRS-4,Riverine Mangrove,SRS4Mar2013c.txt,25.40976,-80.96431,3,3/1/13,2013,-14.74,35.08473776,27.94693858,13.71382713,11.1551716,9.521786338,2.577538592,1.55,0.67,13.77,18.17,3.19,1.02,6.73,0.7432,0.592,0.2905,0.2363,0.2017,0.0546,1,0.58,1514.17,-0.0188,-0.0185
SRS-4-41365,SRS-4,Riverine Mangrove,SRS4April2013c.txt,25.40976,-80.96431,4,4/1/13,2013,-20.13,35.66746777,27.21943049,12.34797174,12.4644964,9.456703809,2.843929794,1.54,0.67,14.16,17.43,3.5,1.06,6.35,0.9795,0.7475,0.3391,0.3423,0.2597,0.0781,1,0.61,1452.5,-0.0187,-0.0176
SRS-4-41395,SRS-4,Riverine Mangrove,SRS4May2013c.txt,25.40976,-80.96431,5,5/1/13,2013,-10.32,36.02642626,29.83277132,13.2750671,10.07959994,8.0999243,2.686211089,1.53,0.67,9.84,17.91,2.96,0.96,7.56,1.5705,1.3005,0.5787,0.4394,0.3531,0.1171,1,0.53,1492.5,-0.0187,-0.0196
SRS-4-41426,SRS-4,Riverine Mangrove,SRS4June2013c.txt,25.40976,-80.96431,6,6/1/13,2013,-5.75,39.21578964,29.04888926,7.893765749,12.8638755,7.861081531,3.116598311,1.5,0.62,12.57,12.57,3.82,0.98,5.68,3.7195,2.7552,0.7487,1.2201,0.7456,0.2956,1,0.48,1047.5,-0.0167,-0.017
SRS-4-41456,SRS-4,Riverine Mangrove,SRS4July2013c.txt,25.40976,-80.96431,7,7/1/13,2013,0.06,40.7201426,29.41176471,13.06238859,12.49197861,1.960784314,2.352941176,1.51,0.63,13.39,12.02,3.83,1.01,5.62,0.5711,0.4125,0.1832,0.1752,0.0275,0.033,1,0.46,1001.67,-0.017,-0.0168
SRS-4-41487,SRS-4,Riverine Mangrove,SRS4Aug2013c.txt,25.40976,-80.96431,8,8/1/13,2013,-3.63,36.77199873,29.49297786,13.04352138,11.13822106,7.050900579,2.502380386,1.51,0.64,11.5,13.66,3.22,1.02,6.07,3.7075,2.9736,1.3151,1.123,0.7109,0.2523,1,0.44,1138.33,-0.0178,-0.0174
SRS-4-41518,SRS-4,Riverine Mangrove,SRS4Sep2013c.txt,25.40976,-80.96431,9,9/1/13,2013,4.74,39.69508617,30.48060456,6.274326639,12.53308423,7.934226757,3.082671649,1.51,0.63,13.28,14.18,3.39,1.01,6.18,3.3145,2.5451,0.5239,1.0465,0.6625,0.2574,1,0.48,1181.67,-0.0177,-0.0175
SRS-4-41548,SRS-4,Riverine Mangrove,SRS4Oct2013c.txt,25.40976,-80.96431,10,10/1/13,2013,5.64,38.84685335,30.04345472,7.188771189,12.01460523,8.43965625,3.466659262,,,,11.9,,,,2.7981,2.164,0.5178,0.8654,0.6079,0.2497,,,991.67,,
SRS-4-41579,SRS-4,Riverine Mangrove,SRS4Nov2013c.txt,25.40976,-80.96431,11,11/1/13,2013,-3.78,39.09921518,30.66885323,6.262152981,12.8288626,8.505329741,2.635586272,1.51,0.63,13.64,15.24,2.96,0.99,6.9,3.3379,2.6182,0.5346,1.0952,0.7261,0.225,1,0.45,1270,-0.02,-0.02
SRS-4-41640,SRS-4,Riverine Mangrove,srs420140122c.txt,25.40976,-80.96431,1,1/1/14,2014,-12.94,35.84044027,29.88427236,8.869850315,9.390917429,10.40182666,5.612692961,1.5,0.65,15.23,13.91,4.1,1.07,5.5,1.8365,1.5313,0.4545,0.4812,0.533,0.2876,1,0.57,1159.17,-0.0174,-0.0163
SRS-4-41671,SRS-4,Riverine Mangrove,SRS4FEB2014c.txt,25.40976,-80.96431,2,2/1/14,2014,-8.9,36.24399015,29.47215385,10.98542334,10.37583054,8.459056534,4.463545586,1.55,0.67,11.98,6,8.67,1.04,6.57,2.842,2.311,0.8614,0.8136,0.6633,0.35,1,0.52,499.67,-0.0184,-0.0178
SRS-4-41699,SRS-4,Riverine Mangrove,SRS4MAR2014c.txt,25.40976,-80.96431,3,3/1/14,2014,-11.83,38.10604112,29.87931801,7.768318638,12.09626494,8.685127581,3.464929719,1.55,0.68,13.46,17.57,3.19,1.06,6.25,3.2586,2.5551,0.6643,1.0344,0.7427,0.2963,1,0.56,1464.17,-0.0183,-0.0172
SRS-4-41730,SRS-4,Riverine Mangrove,SRS4APR2014c.txt,25.40976,-80.96431,4,4/1/14,2014,-11.37,38.0522294,29.90418503,8.71819191,10.95243741,7.949732171,4.423224082,1.54,0.67,13.6,18.14,3.14,1.07,6.18,3.5306,2.7746,0.8089,1.0162,0.7376,0.4104,1,0.57,1511.67,-0.0184,-0.0173
SRS-4-41760,SRS-4,Riverine Mangrove,srs420140501c.txt,,,5,5/1/14,2014,-14.16,36.25498008,28.81158294,8.953454475,12.22038675,10.46934214,3.29025362,,,,,,,,1.8655,1.4825,0.4607,0.6288,0.5387,0.1693,,,,,
SRS-4-41883,SRS-4,Riverine Mangrove,SRS4SEP2014c.txt,25.40976,-80.96431,9,9/1/14,2014,5.75,39.09189553,28.36947718,9.42337964,11.69593324,8.173245916,3.246068498,1.5,0.6,13.48,12.23,4.01,1.01,5.51,2.5579,1.8563,0.6166,0.7653,0.5348,0.2124,1,0.49,1019.17,-0.0167,-0.0165
SRS-4-41913,SRS-4,Riverine Mangrove,SRS41910012sc.txt,25.40976,-80.96431,10,10/1/14,2014,5.32,37.6142268,29.12967174,10.11766333,11.41619622,8.443921881,3.278320034,1.48,0.64,13.09,14.02,3.41,1.06,5.92,4.3508,3.3694,1.1703,1.3205,0.9767,0.3792,1,0.48,1168.33,-0.02,-0.02
SRS-4-41913,SRS-4,Riverine Mangrove,SRS4OCT2014c.txt,25.40976,-80.96431,10,10/1/14,2014,5.32,35.6829838,29.25645903,11.2109027,9.935951458,9.029399726,4.884303292,1.48,0.62,12.69,11.9,3.53,1.01,5.67,2.9639,2.4301,0.9312,0.8253,0.75,0.4057,1,0.42,991.67,-0.0169,-0.0166
SRS-4-41944,SRS-4,Riverine Mangrove,SRS4NOV2014c.txt,25.40976,-80.96431,11,11/1/14,2014,-1.44,37.04834999,29.89541245,9.038799853,11.75498289,8.775881068,3.486573743,1.52,0.64,13.81,15.42,3.05,1.05,6.16,3.8328,3.0928,0.9351,1.2161,0.9079,0.3607,1,0.47,1285,-0.018,-0.0172
SRS-4-42461,SRS-4,Riverine Mangrove,SR41604I2s,25.40976,-80.96431,4,4/1/16,2016,-7.66,34.43679974,28.36540296,14.78551716,8.98754944,9.418677112,4.006053592,1.5,0.65,12.01,17.76,2.93,1.04,7.03,2.7078,2.2304,1.1626,0.7067,0.7406,0.315,1,0.52,1480,-0.02,-0.02
SRS-4-42491,SRS-4,Riverine Mangrove,SR41605I2s,25.40976,-80.96431,5,5/1/16,2016,-1.44,37.5545109,30.85517103,8.369673935,10.93218644,9.298859772,2.98959792,1.52,0.65,12.5,17.27,3.13,1.04,6.23,3.7547,3.0849,0.8368,1.093,0.9297,0.2989,1,0.54,1439.17,-0.02,-0.02
SRS-4-42522,SRS-4,Riverine Mangrove,SR41606I2s,25.40976,-80.96431,6,6/1/16,2016,-1.61,38.52029477,30.8351854,6.651070301,12.04234413,9.195227512,2.75587788,1.5,0.64,12.3,18.96,3.11,1.05,6.17,3.2931,2.6361,0.5686,1.0295,0.7861,0.2356,1,0.59,1580,-0.02,-0.02
SRS-4-42552,SRS-4,Riverine Mangrove,SR41607I2s,25.40976,-80.96431,7,7/1/16,2016,-6.55,38.76204101,30.70004769,6.509298999,11.91034812,8.998569385,3.119694802,1.5,0.63,12.66,15.58,3.4,1.04,6.29,4.0642,3.2189,0.6825,1.2488,0.9435,0.3271,1,0.53,1298.33,-0.02,-0.02
SRS-4-42583,SRS-4,Riverine Mangrove,SR41608I2s,25.40976,-80.96431,8,8/1/16,2016,-2.69,38.46241315,30.42197787,8.245113312,11.03442002,8.826171497,3.009904142,1.5,0.63,11.56,16.46,3.22,1.04,6.17,3.3825,2.6754,0.7251,0.9704,0.7762,0.2647,1,0.53,1371.67,-0.02,-0.02
SRS-4-42614,SRS-4,Riverine Mangrove,SR41610I2s,25.40976,-80.96431,9,9/1/16,2016,6.59,37.66724466,29.5667159,9.604392781,11.10076424,8.949328881,3.111553529,1.45,0.57,15.72,15.2,9.54,1.04,6.17,3.5191,2.7623,0.8973,1.0371,0.8361,0.2907,1,1.45,1266.67,-0.02,-0.02
SRS-4-42644,SRS-4,Riverine Mangrove,SR41611I2s,25.40976,-80.96431,10,10/1/16,2016,50.45,39.2756371,30.06285177,6.44491886,12.57931117,7.603421764,4.033859337,1.49,0.61,10.47,12.2,3.44,1.02,5.84,2.6308,2.0137,0.4317,0.8426,0.5093,0.2702,1,0.42,1016.67,-0.02,-0.02
SRS-4-42675,SRS-4,Riverine Mangrove,SR41612I2s,25.40976,-80.96431,11,11/1/16,2016,47.06,37.9479881,30.96706488,7.670965052,11.07373385,8.746280243,3.593967884,1.51,0.65,10.71,12.63,3.01,1.02,7.02,2.6397,2.1541,0.5336,0.7703,0.6084,0.25,1,0.38,1052.5,-0.02,-0.02
SRS-4-42705,SRS-4,Riverine Mangrove,SRS 4 September 2016,25.40976,-80.96431,12,12/1/16,2016,34.19,,,,,,,1.54,0.65,11.72,16.35,2.63,1.04,6.67,,,,,,,1,0.43,1362.5,-0.02,-0.02
SRS-4-42736,SRS-4,Riverine Mangrove,SR41701I2s,25.40976,-80.96431,1,1/1/17,2017,35.64,39.23624677,31.50419056,5.852920789,11.69197807,8.411368076,3.303295734,1.55,0.65,12.99,17.27,2.95,1.07,6.39,3.1132,2.4997,0.4644,0.9277,0.6674,0.2621,1,0.51,1439.17,-0.02,-0.02
SRS-4-42767,SRS-4,Riverine Mangrove,SR41702I2s,25.40976,-80.96431,2,2/1/17,2017,28.85,39.9880728,32.01708146,4.725088655,11.95701948,8.457663759,2.855073853,1.53,0.65,13.39,16.83,3.15,1.07,6.38,3.755,3.0065,0.4437,1.1228,0.7942,0.2681,1,0.53,1402.5,-0.02,-0.02
SRS-4-42795,SRS-4,Riverine Mangrove,SR41703I2s,25.40976,-80.96431,3,3/1/17,2017,22.27,39.57793287,31.83449651,5.461393597,11.8356043,8.556552565,2.734020162,1.54,0.66,12.88,16.71,3.11,1.06,6.22,3.5727,2.8737,0.493,1.0684,0.7724,0.2468,1,0.52,1392.5,-0.02,-0.02
SRS-4-42826,SRS-4,Riverine Mangrove,SR41704I2s,25.40976,-80.96431,4,4/1/17,2017,33.2,37.64309482,30.17600402,8.701839566,11.6631438,9.259569303,2.556348492,1.51,0.65,12.98,14.13,3.54,1.07,5.99,3.5974,2.8838,0.8316,1.1146,0.8849,0.2443,1,0.5,1177.5,-0.02,-0.02
SRS-4-42856,SRS-4,Riverine Mangrove,SR41705I2s,25.40976,-80.96431,5,5/1/17,2017,35.57,37.54586609,29.34953538,9.188706219,12.31117465,8.775315702,2.829401954,1.51,0.64,13.98,14.09,3.9,1.04,5.83,3.1516,2.4636,0.7713,1.0334,0.7366,0.2375,1,0.55,1174.17,-0.02,-0.02
SRS-4-42887,SRS-4,Riverine Mangrove,SR41706I2s,25.40976,-80.96431,6,6/1/17,2017,41.84,38.01039347,29.07886471,9.420364342,12.36137285,8.440408886,2.68859574,1.49,0.61,13.84,16.05,3.93,1,5.22,3.328,2.546,0.8248,1.0823,0.739,0.2354,1,0.63,1337.5,-0.02,-0.02
SRS-4-42917,SRS-4,Riverine Mangrove,SR41707I2s,25.40976,-80.96431,7,7/1/17,2017,45.63,39.62815378,28.99615972,7.915926828,12.88557625,7.767270925,2.806912499,1.49,0.61,12.29,14.67,3.89,1.01,5.42,3.8387,2.8088,0.7668,1.2482,0.7524,0.2719,1,0.57,1222.25,-0.02,-0.02
SRS-4-42948,SRS-4,Riverine Mangrove,SR41708I2s,25.40976,-80.96431,8,8/1/17,2017,51.95,38.44371239,28.60468258,9.47739247,12.16784961,7.907179748,3.399183198,1.48,0.61,12.03,13.89,3.82,1,5.86,3.6994,2.7526,0.912,1.1709,0.7609,0.3271,1,0.53,1157.33,-0.02,-0.02
SRS-4-43009,SRS-4,Riverine Mangrove,SR41710I2s,25.40976,-80.96431,10,10/1/17,2017,15.43,36.92432977,28.99192079,11.96772604,9.992928016,8.36101408,3.762081306,1.49,0.61,9.59,36.35,0.99,1.02,5.67,3.446,2.7057,1.1169,0.9326,0.7803,0.3511,1,0.36,3029.5,-0.02,-0.02
SRS-4-43040,SRS-4,Riverine Mangrove,SR41711I2s,25.40976,-80.96431,11,11/1/17,2017,8.28,35.98330171,27.74497154,12.39772296,9.589373814,9.067172676,5.217457306,1.47,0.62,11.32,10.38,3.27,1.04,6.28,2.3704,1.8277,0.8167,0.6317,0.5973,0.3437,1,0.34,865.25,-0.02,-0.02
SRS-4-43070,SRS-4,Riverine Mangrove,SR4Dec2017,25.40976,-80.96431,12,12/1/17,2017,-0.98,35.69343635,28.06836806,12.89315539,10.14594552,8.940919379,4.258175291,1.49,0.65,12.54,12.24,2.7,0.99,7.51,2.2867,1.7982,0.826,0.65,0.5728,0.2728,1,0.33,1020,-0.0194,-0.0196
SRS-4-43221,SRS-4,Riverine Mangrove,SRS4May20182sc.txt,25.40976,-80.96431,5,5/1/18,2018,-13.52,33.90574231,30.29592178,12.13977711,9.241292399,10.2206128,4.196653609,1.52,0.65,13.88,16.66,3.54,1.08,6.24,4.4662,3.9907,1.5991,1.2173,1.3463,0.5528,1,0.59,1388.33,-0.0187,-0.0174
SRS-4-43252,SRS-4,Riverine Mangrove,SRS4Jun20182sc.txt,25.40976,-80.96431,6,6/1/18,2018,-5.33,39.06670188,30.4600461,7.95716481,12.61405109,7.029149059,2.872887053,1.54,0.62,13.32,15.05,1.13,1.05,5.45,3.2541,2.5372,0.6628,1.0507,0.5855,0.2393,1,0.17,1254.17,-0.017,-0.0162
SRS-4-43282,SRS-4,Riverine Mangrove,SRS4Jul20182sc.txt,25.40976,-80.96431,7,7/1/18,2018,1.64,44.91289058,30.88645459,8.704205236,13.93077058,0,1.565679022,1.52,0.64,12.21,6.04,5.8,1.26,5.14,3.3333,2.2923,0.646,1.0339,0,0.1162,1,0.35,503.25,-0.0168,-0.0134
SRS-4-43313,SRS-4,Riverine Mangrove,SRS4Aug20182sc.txt,25.40976,-80.96431,8,8/1/18,2018,-1.13,36.25603024,29.38653205,10.25016164,11.20380962,9.013030288,3.890436167,1.54,0.65,11.79,13.31,3.23,1.26,5.91,2.916,2.3635,0.8244,0.9011,0.7249,0.3129,1,0.43,1109.17,-0.0187,-0.0149
SRS-4-43344,SRS-4,Riverine Mangrove,SRS4Sep20182sc.txt,25.40976,-80.96431,9,9/1/18,2018,8.16,37.93061926,30.42659632,8.738820593,11.92105177,7.833521253,3.149390811,1.52,0.65,13.35,11.8,2.88,1.09,6.02,3.465,2.7795,0.7983,1.089,0.7156,0.2877,1,0.34,983.33,-0.0181,-0.0166
SRS-4-43374,SRS-4,Riverine Mangrove,SRS4Oct20182sc.txt,25.40976,-80.96431,10,10/1/18,2018,2.67,34.93134361,28.23986654,13.47920142,10.46895338,9.537646433,3.342988615,1.53,0.66,11.8,9.86,2.94,1.29,5.51,3.8108,3.0808,1.4705,1.1421,1.0405,0.3647,1,0.29,821.58,-0.0179,-0.0138
SRS-4-43405,SRS-4,Riverine Mangrove,SRS4Nov20182sc.txt,25.40976,-80.96431,11,11/1/18,2018,-1.44,36.04824069,29.11409727,11.114152,11.10502933,9.473895472,3.144585238,1.5,0.63,15.74,13,3.08,1.05,6.34,3.9515,3.1914,1.2183,1.2173,1.0385,0.3447,1,0.4,1083.33,-0.0185,-0.0177
SRS-4-43435,SRS-4,Riverine Mangrove,SRS4Dec20182sc.txt,25.40976,-80.96431,12,12/1/18,2018,-3.7,34.86044413,29.07491728,12.92564281,10.50377024,9.572360574,3.062864966,1.53,0.66,14.23,13.36,3.14,1.05,6.65,3.361,2.8032,1.2462,1.0127,0.9229,0.2953,1,0.42,1113.33,-0.0188,-0.0179
SRS-4-43466,SRS-4,Riverine Mangrove,SRS4Jan20192sc.txt,25.40976,-80.96431,1,1/1/19,2019,-12.85,35.57547037,30.23788298,11.38178576,9.968563787,9.637310562,3.198986534,1.54,0.69,11.88,16.19,2.59,1.27,6.32,3.7911,3.2223,1.2129,1.0623,1.027,0.3409,1,0.42,1349.17,-0.0192,-0.0151
SRS-4-43497,SRS-4,Riverine Mangrove,SRS4Feb20192sc.txt,25.40976,-80.96431,2,2/1/19,2019,-10.91,33.90403051,29.62807762,13.48806582,10.8292783,9.718385742,2.432162007,1.54,0.65,16.17,12.53,3.91,1.1,6.1,3.9645,3.4645,1.5772,1.2663,1.1364,0.2844,1,0.49,1044.17,-0.0186,-0.017
SRS-4-43525,SRS-4,Riverine Mangrove,SRS4Mar20192sc.txt,25.40976,-80.96431,3,3/1/19,2019,-7.41,37.58070737,31.37399587,7.804088615,11.56568113,9.357024267,2.318502742,1.51,0.66,15.67,15.7,3.44,1.14,5.71,4.4818,3.7416,0.9307,1.3793,1.1159,0.2765,1,0.54,1308.33,-0.0182,-0.0159
SRS-4-43556,SRS-4,Riverine Mangrove,SRS4Apr192sc.txt,25.40976,-80.96431,4,4/1/19,2019,-5.99,38.2574145,31.05907951,6.874793056,12.15079703,9.308925784,2.348990114,1.5,0.63,15.8,14.94,3.53,1.04,5.78,4.044,3.2831,0.7267,1.2844,0.984,0.2483,1,0.53,1245,-0.02,-0.02
SRS-4-43586,SRS-4,Riverine Mangrove,SRS41905141sc.txt,25.40976,-80.96431,5,5/1/19,2019,-7.36,37.38839737,29.16616168,10.52599685,11.89653779,8.655516503,2.367389811,1.52,0.66,14.54,15.5,3.66,1.06,5.72,3.7019,2.8878,1.0422,1.1779,0.857,0.2344,1,0.57,1291.67,-0.02,-0.02
SRS-4-43586,SRS-4,Riverine Mangrove,SRS4May192sc.txt,25.40976,-80.96431,5,5/1/19,2019,-7.36,37.00687477,30.95470689,9.209264957,10.56321955,9.118879587,3.147054259,1.51,0.65,15.71,15.5,3.64,1.05,5.76,4.0534,3.3905,1.0087,1.157,0.9988,0.3447,1,0.56,1291.67,-0.02,-0.02
SRS-4-43617,SRS-4,Riverine Mangrove,SRS41906032sc.txt,25.40976,-80.96431,6,6/1/19,2019,1.61,37.77780133,28.89663724,8.818635607,12.62439459,9.183208453,2.699322785,1.49,0.65,15,15.85,3.83,1.06,5.63,3.5646,2.7266,0.8321,1.1912,0.8665,0.2547,1,0.61,1320.83,-0.02,-0.02
SRS-4-43617,SRS-4,Riverine Mangrove,SRS4Jun192sc.txt,25.40976,-80.96431,6,6/1/19,2019,1.61,38.1042576,30.28199668,7.669321537,12.15515112,8.656368749,3.132904319,1.48,0.65,16.03,15.85,3.79,1.07,5.7,3.2389,2.574,0.6519,1.0332,0.7358,0.2663,1,0.6,1320.83,-0.02,-0.02
SRS-4-43647,SRS-4,Riverine Mangrove,SRS4Jul192sc.txt,25.40976,-80.96431,7,7/1/19,2019,2.5,34.77581646,29.14386061,13.4555738,9.701696771,9.248996533,3.674055829,1.48,0.54,21,13.12,4.18,1.02,5.24,3.0497,2.5558,1.18,0.8508,0.8111,0.3222,1,0.55,1093.33,-0.02,-0.02
SRS-4-43709,SRS-4,Riverine Mangrove,SRS41909122sc.txt,25.40976,-80.96431,9,9/1/19,2019,7.19,37.66334596,28.85178429,9.281137458,12.65422571,9.221271222,2.328235349,1.48,0.61,13.05,14.16,4.08,1.06,5.43,4.0264,3.0844,0.9922,1.3528,0.9858,0.2489,1,0.58,1180,-0.02,-0.02
SRS-4-43862,SRS-4,Riverine Mangrove,SRS4Feb202sc.txt,25.40976,-80.96431,2,2/1/20,2020,-15.77,38.23319198,30.25587268,8.708247963,11.42897984,9.055129366,2.318578167,1.53,0.65,14.41,16.37,3.08,1.04,6.54,4.012,3.1749,0.9138,1.1993,0.9502,0.2433,1,0.5,1364.17,-0.02,-0.02
SRS-4-43891,SRS-4,Riverine Mangrove,SRS4Mar202sc.txt,25.40976,-80.96431,3,3/1/20,2020,-18.03,37.3611628,29.43054712,9.550627828,11.65252992,9.747497502,2.257634821,1.52,0.66,15.42,16.59,3.16,1.06,6.45,3.8145,3.0048,0.9751,1.1897,0.9952,0.2305,1,0.52,1382.5,-0.02,-0.02
SRS-4-43952,SRS-4,Riverine Mangrove,SRS4May202sc.txt,25.40976,-80.96431,5,5/1/20,2020,-8.83,37.5574363,29.9295327,9.022720256,11.69793502,8.79206698,3.000308748,1.5,0.66,13.93,15.94,3.65,1.07,5.93,4.1359,3.2959,0.9936,1.2882,0.9682,0.3304,1,0.58,1328.33,-0.02,-0.02
SRS-4-43983,SRS-4,Riverine Mangrove,SRS4Jun202sc.txt,25.40976,-80.96431,6,6/1/20,2020,-1.48,36.10874857,28.81191894,11.22972696,11.09188492,7.810071267,4.947649353,1.48,0.62,15.24,15.87,4.08,1.06,5.35,1.2312,0.9824,0.3829,0.3782,0.2663,0.1687,1,0.65,1322.5,-0.02,-0.02
SRS-4-44013,SRS-4,Riverine Mangrove,SRS4Jul202sc.txt,25.40976,-80.96431,7,7/1/20,2020,1,37.66993501,30.05353986,8.930092964,11.19504534,8.994951229,3.156435593,1.48,0.62,14.12,17.74,3.84,1.04,5.52,2.9621,2.3632,0.7022,0.8803,0.7073,0.2482,1,0.68,1478.33,-0.02,-0.02
SRS-4-44044,SRS-4,Riverine Mangrove,SRS4Aug202sc.txt,25.40976,-80.96431,8,8/1/20,2020,5.04,36.78048684,30.67325522,9.88085375,9.501124393,9.638221486,3.526058311,1.49,0.61,14.47,13.44,3.94,1.06,5.45,3.7291,3.1099,1.0018,0.9633,0.9772,0.3575,1,0.53,1120,-0.02,-0.02
SRS-4-44075,SRS-4,Riverine Mangrove,SRS4Sep20c.txt,25.40976,-80.96431,9,9/1/20,2020,14.05,36.64933612,29.81400363,10.92234003,10.5961982,8.834486429,3.183635594,1.49,0.61,14.04,10.96,4.84,1.04,5.76,2.6857,2.1848,0.8004,0.7765,0.6474,0.2333,1,0.53,913.33,-0.02,-0.02
SRS-4-44105,SRS-4,Riverine Mangrove,SRS4Oct202sc.txt,25.40976,-80.96431,10,10/1/20,2020,16.64,35.47731576,30.05526733,11.01190018,10.24369968,9.661776252,3.550040796,1.46,0.61,12.26,12.29,3.51,1.02,6.04,2.3045,1.9523,0.7153,0.6654,0.6276,0.2306,1,0.43,1024.17,-0.02,-0.02
SRS-4-44136,SRS-4,Riverine Mangrove,SRS4Nov202sc.txt,25.40976,-80.96431,11,11/1/20,2020,10.82,37.68229724,29.84083934,10.13370447,11.41246164,7.881902315,3.048794994,1.48,0.63,10.34,10.21,2.91,1.02,6.78,3.1678,2.5086,0.8519,0.9594,0.6626,0.2563,1,0.3,850.83,-0.02,-0.02
SRS-4-44166,SRS-4,Riverine Mangrove,SRS4Dec202sc.txt,25.40976,-80.96431,12,12/1/20,2020,-0.46,36.24962275,29.85591809,11.07496954,10.65691962,9.166918167,2.995651834,1.49,0.65,10.79,11.14,2.85,1.07,6.82,3.243,2.671,0.9908,0.9534,0.8201,0.268,1,0.32,928.33,-0.02,-0.02
SRS-4-44197,SRS-4,Riverine Mangrove,SRS4Jan212sc.txt,25.40976,-80.96431,1,1/1/21,2021,-6.59,36.07094081,30.1798704,10.31760638,9.471043481,11.2193799,2.741159036,1.51,0.66,12.85,13.6,2.72,1.02,7.68,3.724,3.1158,1.0652,0.9778,1.1583,0.283,1,0.37,1133.33,-0.02,-0.02
SRS-4-44228,SRS-4,Riverine Mangrove,SRS4Feb212sc.txt,25.40976,-80.96431,2,2/1/21,2021,-4.75,38.657327,30.30759137,8.053529389,11.33398943,8.959515264,2.688047547,1.51,0.66,12.92,14.85,2.83,1.04,7.22,4.0066,3.1412,0.8347,1.1747,0.9286,0.2786,1,0.42,1237.5,-0.02,-0.02
SRS-4-44256,SRS-4,Riverine Mangrove,SRS4Mar212sc.txt,25.40976,-80.96431,3,3/1/21,2021,-7.26,38.33232357,30.39849903,8.151738425,11.69796939,9.070299216,2.349170364,1.51,0.65,13.96,18.05,2.99,1.03,6.61,3.9227,3.1108,0.8342,1.1971,0.9282,0.2404,1,0.54,1504.17,-0.02,-0.02
SRS-4-44287,SRS-4,Riverine Mangrove,SRS4Apr211sc.txt,25.40976,-80.96431,4,4/1/21,2021,-5.95,39.10797159,29.76590344,8.488243891,13.20735366,6.76392913,2.666598292,1.51,0.67,12.75,69.99,0.79,1.07,6.58,3.0505,2.3218,0.6621,1.0302,0.5276,0.208,1,0.55,5832.33,-0.02,-0.02
SRS-4-44317,SRS-4,Riverine Mangrove,SRS4May212sc.txt,25.40976,-80.96431,5,5/1/21,2021,-14.14,38.52510065,29.47908094,8.374296581,12.11659512,9.179474632,2.325452079,1.52,0.67,12.36,21.74,2.94,1.06,6.65,3.4641,2.6507,0.753,1.0895,0.8254,0.2091,1,0.64,1812.06,-0.02,-0.02
SRS-4-44348,SRS-4,Riverine Mangrove,SRS4Jun212sc.txt,25.40976,-80.96431,6,6/1/21,2021,-7.12,39.65596667,29.43494242,6.978681696,13.20068611,8.228375398,2.501347709,1.5,0.66,16.25,19.37,2.94,1.08,6.24,4.0459,3.0031,0.712,1.3468,0.8395,0.2552,1,0.57,1614.4,-0.02,-0.02
SRS-4-44409,SRS-4,Riverine Mangrove,SRS4Aug212sc.txt,25.40976,-80.96431,8,8/1/21,2021,1.44,38.10357375,29.13183722,10.76451036,10.74877564,7.878173987,3.373129044,1.49,0.62,14.54,17.86,3.36,1.03,5.65,3.8746,2.9623,1.0946,1.093,0.8011,0.343,1,0.6,1488.33,-0.02,-0.02
SRS-4-44501,SRS-4,Riverine Mangrove,SRS48Nov212sc.txt,25.40976,-80.96431,11,11/1/21,2021,11.54,37.43891812,29.31268407,9.844799629,11.23575675,9.066040129,3.101801295,1.49,0.61,11.68,14.65,3.14,0.99,6.39,3.3941,2.6574,0.8925,1.0186,0.8219,0.2812,1,0.46,1220.83,-0.02,-0.02
SRS-4-44531,SRS-4,Riverine Mangrove,SRS4Dec6212sc.txt,25.40976,-80.96431,12,12/1/21,2021,1.56,34.80041693,29.04267657,13.36670728,8.793693204,9.794911696,4.201594316,,,,14.76,,,,2.3705,1.9783,0.9105,0.599,0.6672,0.2862,,,1230,,
SRS-4-44593,SRS-4,Riverine Mangrove,SRS4Feb7222sc.txt,25.40976,-80.96431,2,2/1/22,2022,-7.2,35.9850535,29.32261959,11.70323494,10.20650318,9.020983388,3.761605396,1.53,0.68,11.95,18.61,2.58,1.02,7.42,3.4573,2.8172,1.1244,0.9806,0.8667,0.3614,1,0.48,1550.83,-0.02,-0.02
SRS-4-44621,SRS-4,Riverine Mangrove,SRS4Mar7222sc.txt,25.40976,-80.96431,3,3/1/22,2022,-9.36,37.67760854,29.80061542,9.802351716,11.1267592,8.599484899,2.993180218,1.53,0.67,12.6,18.59,2.9,1.01,7.25,3.906,3.0894,1.0162,1.1535,0.8915,0.3103,1,0.54,1549.17,-0.02,-0.02
SRS-4-44652,SRS-4,Riverine Mangrove,SRS4Apr7222sc.txt,25.40976,-80.96431,4,4/1/22,2022,-8.63,36.52913439,29.6741327,10.66436511,10.70815089,8.850623105,3.573593803,1.51,0.66,12.76,17.34,3.11,1.04,6.59,4.3382,3.5241,1.2665,1.2717,1.0511,0.4244,1,0.54,1445,-0.02,-0.02
SRS-4-44682,SRS-4,Riverine Mangrove,SRS4May9222sc.txt,25.40976,-80.96431,5,5/1/22,2022,0.01,36.13928737,29.44787917,11.20688171,10.19339728,9.991044828,3.021509635,1.51,0.66,12.38,18.15,3.09,1.06,6.31,4.197,3.4199,1.3015,1.1838,1.1603,0.3509,1,0.56,1512.5,-0.02,-0.02
SRS-4-44713,SRS-4,Riverine Mangrove,SRS4Jun6222sc.txt,25.40976,-80.96431,6,6/1/22,2022,7.02,36.66056166,29.31459566,11.40344698,11.16394289,8.933267587,2.524185216,1.51,0.6,14,15.32,3.52,0.98,5.46,3.1226,2.4969,0.9713,0.9509,0.7609,0.215,1,0.54,1276.67,-0.02,-0.02
SRS-4-44743,SRS-4,Riverine Mangrove,SRS4Jul11222sc.txt,25.40976,-80.96431,7,7/1/22,2022,-2.48,,,,,,,1.48,0.62,13.01,12.43,3.46,1.05,5.66,,,,,,,1,0.43,1035.83,-0.02,-0.02
SRS-4-44774,SRS-4,Riverine Mangrove,SRS4Aug10222sc.txt,25.40976,-80.96431,8,8/1/22,2022,4.02,37.91654158,31.51023899,6.919389027,12.31043549,9.195527779,2.147867143,1.5,0.64,12.59,14.78,3.18,1.04,5.96,4.1679,3.4637,0.7606,1.3532,1.0108,0.2361,1,0.47,1231.67,-0.02,-0.02
SRS-4-44805,SRS-4,Riverine Mangrove,SRS4Sep7222sc.txt,25.40976,-80.96431,9,9/1/22,2022,17.11,39.10493284,28.312511,10.0604141,11.8528946,6.808610476,3.860636988,1.47,0.6,11.33,13.58,3.17,1.02,5.54,3.3335,2.4135,0.8576,1.0104,0.5804,0.3291,1,0.43,1131.26,-0.02,-0.02
SRS-4-44835,SRS-4,Riverine Mangrove,SRS4Oct4222sc.txt,25.40976,-80.96431,10,10/1/22,2022,17.8,37.55386579,28.95934019,11.64264752,9.894941252,8.650164188,3.299041053,1.44,0.59,12.55,11.74,3.24,0.98,5.46,3.4423,2.6545,1.0672,0.907,0.7929,0.3024,1,0.38,978.33,-0.02,-0.02
SRS-4-44866,SRS-4,Riverine Mangrove,SRS4Nov7222sc.txt,25.40976,-80.96431,11,11/1/22,2022,11.52,35.17812311,28.69355198,12.96119744,9.282740649,9.834111927,4.050274891,1.49,0.65,10.81,12.68,2.76,1.03,6.71,2.2139,1.8058,0.8157,0.5842,0.6189,0.2549,1,0.35,1056.67,-0.02,-0.02
SRS-4-44896,SRS-4,Riverine Mangrove,SRS4Dec6222sc.txt,25.40976,-80.96431,12,12/1/22,2022,5.44,36.31897563,31.07772601,9.950027997,9.627798379,9.747181811,3.278290176,1.52,0.64,11.24,14.58,2.81,1.03,6.93,3.4377,2.9416,0.9418,0.9113,0.9226,0.3103,1,0.41,1215,-0.02,-0.02
SRS-5-43466,SRS-5,Riverine Mangrove,SRS5Jan20192sc.txt,25.37702,-81.03235,1,1/1/19,2019,-18.96,36.8390538,30.10397341,9.868777056,11.19066945,9.516079159,2.481447124,1.51,0.66,17.16,11.77,3.23,1.11,6.18,3.8124,3.1154,1.0213,1.1581,0.9848,0.2568,1,0.38,980.83,-0.0189,-0.0171
SRS-5-43497,SRS-5,Riverine Mangrove,SRS5Feb20192sc.txt,25.37702,-81.03235,2,2/1/19,2019,-17.11,37.43332411,29.41773019,9.428793446,11.47813031,8.444953706,3.797068237,1.52,0.64,18.07,14.06,3.41,1.08,5.93,2.8422,2.2336,0.7159,0.8715,0.6412,0.2883,1,0.48,1171.67,-0.0186,-0.0171
SRS-5-43525,SRS-5,Riverine Mangrove,SRS5Mar20192sc.txt,25.37702,-81.03235,3,3/1/19,2019,-12.22,38.83291603,29.20585099,7.413175518,13.26656524,7.854036635,3.427455584,1.49,0.67,14.33,9.94,3.52,1.14,5.86,3.2415,2.4379,0.6188,1.1074,0.6556,0.2861,1,0.35,828.25,-0.0187,-0.0163
SRS-5-43556,SRS-5,Riverine Mangrove,SRS5Apr192sc.txt,25.37702,-81.03235,4,4/1/19,2019,-11.94,39.05746881,30.12261435,7.19692931,11.75605075,7.900629065,3.966307709,1.52,0.63,14.76,9.21,3.48,1.06,5.92,3.6632,2.8252,0.675,1.1026,0.741,0.372,1,0.32,767.25,-0.02,-0.02
SRS-5-43586,SRS-5,Riverine Mangrove,SRS51905141sc.txt,25.37702,-81.03235,5,5/1/19,2019,-11.96,38.33701822,28.88949226,8.997582199,11.53045524,8.00977464,4.235677437,1.51,0.66,12.2,10.48,3.67,1.09,5.63,2.9651,2.2344,0.6959,0.8918,0.6195,0.3276,1,0.39,873.33,-0.02,-0.02
SRS-5-43586,SRS-5,Riverine Mangrove,SRS5May192sc.txt,25.37702,-81.03235,5,5/1/19,2019,-11.96,37.98751216,30.78660852,7.468649661,11.8529907,8.817838578,3.086400385,1.52,0.65,13.63,10.48,3.66,1.09,5.69,3.6321,2.9436,0.7141,1.1333,0.8431,0.2951,1,0.38,873.33,-0.02,-0.02
SRS-5-43617,SRS-5,Riverine Mangrove,SRS51906032sc.txt,25.37702,-81.03235,6,6/1/19,2019,-5.09,38.19093008,28.79673758,7.224160238,13.00545374,9.598912527,3.183805827,1.52,0.67,12.99,9.16,3.55,1.12,5.67,2.3319,1.7583,0.4411,0.7941,0.5861,0.1944,1,0.33,763,-0.02,-0.02
SRS-5-43617,SRS-5,Riverine Mangrove,SRS5Jun192sc.txt,25.37702,-81.03235,6,6/1/19,2019,-5.09,39.22714083,29.19377724,7.195541295,13.0808268,8.209231871,3.093481957,1.49,0.64,14.44,9.16,3.54,1.12,5.78,3.0687,2.2838,0.5629,1.0233,0.6422,0.242,1,0.32,763,-0.02,-0.02
SRS-5-43647,SRS-5,Riverine Mangrove,SRS5Jul192sc.txt,25.37702,-81.03235,7,7/1/19,2019,-4.19,39.10113979,29.40872677,7.181033137,12.56530669,8.60186642,3.141927193,1.48,0.55,,13.77,4.26,1.01,5.28,3.2556,2.4486,0.5979,1.0462,0.7162,0.2616,1,0.59,1147.5,-0.02,-0.02
SRS-5-43709,SRS-5,Riverine Mangrove,SRS51909122sc.txt,25.37702,-81.03235,9,9/1/19,2019,2.12,36.32417048,27.97672659,9.039161293,13.18766437,10.17040746,3.301869799,1.49,0.62,12.26,13.7,4.2,1.05,5.53,2.0165,1.5531,0.5018,0.7321,0.5646,0.1833,1,0.58,1141.67,-0.02,-0.02
SRS-5-43709,SRS-5,Riverine Mangrove,SRS51909181sc.txt,25.37702,-81.03235,9,9/1/19,2019,2.12,37.8210985,28.77499385,10.31117124,10.99378009,8.743894297,3.355062023,1.49,0.65,12.81,13.7,2.7,1.08,5.29,4.3051,3.2754,1.1737,1.2514,0.9953,0.3819,1,0.37,1141.67,-0.02,-0.02
SRS-5-43739,SRS-5,Riverine Mangrove,SRS51910012sc.txt,25.37702,-81.03235,10,10/1/19,2019,12.43,38.1451745,27.74209405,7.994428969,13.33114862,9.203670326,3.583483533,1.5,0.66,9.99,11.08,3.71,1.25,5.02,2.328,1.6931,0.4879,0.8136,0.5617,0.2187,1,0.41,923.33,-0.02,-0.01
SRS-5-43862,SRS-5,Riverine Mangrove,SRS5Feb202sc.txt,25.37702,-81.03235,2,2/1/20,2020,-22.86,39.48824208,30.57352855,7.933420646,12.2622515,7.956877847,1.785679379,1.52,0.64,16.45,13.2,3.24,1.08,6.29,4.0402,3.1281,0.8117,1.2546,0.8141,0.1827,1,0.43,1100,-0.02,-0.02
SRS-5-43891,SRS-5,Riverine Mangrove,SRS5Mar202sc.txt,25.37702,-81.03235,3,3/1/20,2020,-23.12,37.04693451,29.21427694,8.915407298,12.16979973,9.199533112,3.454048409,1.5,0.65,13.29,12.04,3.2,1.09,6.62,2.4122,1.9022,0.5805,0.7924,0.599,0.2249,1,0.39,1003.33,-0.02,-0.02
SRS-5-43952,SRS-5,Riverine Mangrove,SRS5May202sc.txt,25.37702,-81.03235,5,5/1/20,2020,-13.85,39.02578251,29.91722957,7.276186852,13.2584911,6.265816763,4.256493198,1.5,0.65,12.27,12.07,3.67,1.09,5.86,2.051,1.5723,0.3824,0.6968,0.3293,0.2237,1,0.44,1005.83,-0.02,-0.02
SRS-5-43983,SRS-5,Riverine Mangrove,SRS5Jun202sc.txt,25.37702,-81.03235,6,6/1/20,2020,-6.99,37.98572001,29.28105191,8.709380965,13.67438792,6.779461319,3.569997879,1.49,0.61,14.68,11.53,4.13,1.11,5.16,1.612,1.2426,0.3696,0.5803,0.2877,0.1515,1,0.48,960.83,-0.02,-0.02
SRS-5-44013,SRS-5,Riverine Mangrove,SRS5Jul202sc.txt,25.37702,-81.03235,7,7/1/20,2020,-7.17,45.6245412,30.96884699,7.630491056,14.36592873,0,1.410192018,1.5,0.64,13.69,12.22,3.79,1.09,5.51,3.5427,2.4047,0.5925,1.1155,0,0.1095,1,0.46,1018.33,-0.02,-0.02
SRS-5-44044,SRS-5,Riverine Mangrove,SRS5Aug202sc.txt,25.37702,-81.03235,8,8/1/20,2020,-2.61,38.51706887,29.35275668,7.856605926,12.81267011,8.722361907,2.738536509,1.49,0.61,14.74,12.71,3.99,1.07,5.32,2.9719,2.2648,0.6062,0.9886,0.673,0.2113,1,0.51,1059.17,-0.02,-0.02
SRS-5-44075,SRS-5,Riverine Mangrove,SRS5Sep20c.txt,25.37702,-81.03235,9,9/1/20,2020,6.96,38.25882795,28.41660406,7.808039068,12.70097671,7.78174305,5.033809166,1.48,0.6,14.32,12.7,3.57,1.02,5.81,2.0369,1.5129,0.4157,0.6762,0.4143,0.268,1,0.45,1058.33,-0.02,-0.02
SRS-5-44105,SRS-5,Riverine Mangrove,SRS5Oct202sc.txt,25.37702,-81.03235,10,10/1/20,2020,9.51,37.00201555,28.90526922,9.747192629,11.78116902,8.123236395,4.44111719,1.47,0.61,12.55,13.85,3.65,1.02,5.77,3.2127,2.5097,0.8463,1.0229,0.7053,0.3856,1,0.51,1154.17,-0.02,-0.02
SRS-5-44136,SRS-5,Riverine Mangrove,SRS5Nov202sc.txt,25.37702,-81.03235,11,11/1/20,2020,-0.77,37.20597186,29.63016004,7.479145036,12.74390462,8.555010562,4.385807884,1.48,0.63,10.37,11.26,3,1.08,5.95,2.0784,1.6552,0.4178,0.7119,0.4779,0.245,1,0.34,938.33,-0.02,-0.02
SRS-5-44166,SRS-5,Riverine Mangrove,SRS5Dec202sc.txt,25.37702,-81.03235,12,12/1/20,2020,-13.29,38.56303795,28.54300872,8.741135712,12.44248362,7.814107075,3.896226926,1.48,0.64,11.65,12.03,2.98,1.03,6.68,2.8495,2.1091,0.6459,0.9194,0.5774,0.2879,1,0.36,1002.5,-0.02,-0.02
SRS-5-44197,SRS-5,Riverine Mangrove,SRS5Jan212sc.txt,25.37702,-81.03235,1,1/1/21,2021,-16.98,37.61343938,29.94034873,9.727745488,11.52238197,9.063679005,2.132405425,1.51,0.65,13.83,14,2.86,1.03,7.3,2.951,2.349,0.7632,0.904,0.7111,0.1673,1,0.4,1166.67,-0.02,-0.02
SRS-5-44228,SRS-5,Riverine Mangrove,SRS5Feb212sc.txt,25.37702,-81.03235,2,2/1/21,2021,-13.63,37.95830859,29.02753835,9.637699005,12.4422361,8.29337544,2.64084252,1.52,0.66,12.91,11.38,2.9,1.07,6.56,2.6203,2.0038,0.6653,0.8589,0.5725,0.1823,1,0.33,948.33,-0.02,-0.02
SRS-5-44256,SRS-5,Riverine Mangrove,SRS5Mar212sc.txt,25.37702,-81.03235,3,3/1/21,2021,-14.75,37.12713672,29.09029087,8.80189175,12.12327285,9.855954994,3.001452814,1.52,0.65,12.95,18,2.94,1.05,6.76,2.4022,1.8822,0.5695,0.7844,0.6377,0.1942,1,0.53,1500,-0.02,-0.02
SRS-5-44287,SRS-5,Riverine Mangrove,SRS5Apr211sc.txt,25.37702,-81.03235,4,4/1/21,2021,-12.72,39.47217177,29.24435044,7.924320099,13.89227339,5.981746707,3.485137589,1.49,0.68,12.2,15.27,1.9,1.14,5.97,1.717,1.2721,0.3447,0.6043,0.2602,0.1516,1,0.29,1272.5,-0.02,-0.02
SRS-5-44317,SRS-5,Riverine Mangrove,SRS5May212sc.txt,25.37702,-81.03235,5,5/1/21,2021,-19.76,37.75871627,28.64050758,7.810767525,12.55697918,9.615621535,3.617407909,1.51,0.66,13.6,12.52,3.27,1.1,6.14,2.4519,1.8598,0.5072,0.8154,0.6244,0.2349,1,0.41,1043.06,-0.02,-0.02
SRS-5-44348,SRS-5,Riverine Mangrove,SRS5Jun212sc.txt,25.37702,-81.03235,6,6/1/21,2021,-13.08,39.71048622,28.51364455,6.653276077,13.82324422,8.383432608,2.915916332,1.49,0.66,13.84,11.53,3.38,1.14,5.9,2.8667,2.0584,0.4803,0.9979,0.6052,0.2105,1,0.39,960.83,-0.02,-0.02
SRS-5-44409,SRS-5,Riverine Mangrove,SRS5Aug212sc.txt,25.37702,-81.03235,8,8/1/21,2021,-5.43,39.49301034,29.00682659,8.159294623,12.27999145,8.091815963,2.969061034,1.5,0.62,13.63,14.58,3.64,1.09,5.42,3.5116,2.5792,0.7255,1.0919,0.7195,0.264,1,0.53,1215,-0.02,-0.02
SRS-5-44501,SRS-5,Riverine Mangrove,SRS58Nov212sc.txt,25.37702,-81.03235,11,11/1/21,2021,5.04,37.98509085,30.6481517,7.34844707,12.0181058,9.143682791,2.856521795,1.49,0.61,11.79,14.26,3.51,1.03,5.9,2.9707,2.3969,0.5747,0.9399,0.7151,0.2234,1,0.5,1188.33,-0.02,-0.02
SRS-5-44531,SRS-5,Riverine Mangrove,SRS56Dec212sc.txt,25.37702,-81.03235,12,12/1/21,2021,-4.39,36.2843492,28.25115911,8.816295375,11.88510686,10.61008707,4.153002375,,,,12.49,,,,2.5669,1.9986,0.6237,0.8408,0.7506,0.2938,,,1040.83,,
SRS-5-44593,SRS-5,Riverine Mangrove,SRS5Feb7222sc.txt,25.37702,-81.03235,2,2/1/22,2022,-15.19,36.4399827,29.23671296,10.05981593,11.60369337,8.268321425,4.39147362,1.55,0.67,13.32,16.85,3.03,1.1,6.49,2.4429,1.96,0.6744,0.7779,0.5543,0.2944,1,0.51,1404.17,-0.02,-0.02
SRS-5-44621,SRS-5,Riverine Mangrove,SRS5Mar7222sc.txt,25.37702,-81.03235,3,3/1/22,2022,-16.84,36.89431332,29.27365611,10.50721158,11.20628397,8.43688183,3.681653191,1.55,0.66,13.46,16.85,3.03,1.04,6.55,3.8421,3.0485,1.0942,1.167,0.8786,0.3834,1,0.51,1404.17,-0.02,-0.02
SRS-5-44682,SRS-5,Riverine Mangrove,SRS5May9222sc.txt,25.37702,-81.03235,5,5/1/22,2022,-6.55,36.38566864,28.87729427,11.07269107,11.57129405,9.271236937,2.821815038,1.52,0.66,11.37,10.57,3.41,1.12,5.83,2.3571,1.8707,0.7173,0.7496,0.6006,0.1828,1,0.36,880.83,-0.02,-0.02
SRS-5-44713,SRS-5,Riverine Mangrove,SRS5Jun6222sc.txt,25.37702,-81.03235,6,6/1/22,2022,-2.29,36.58199052,28.14028436,11.29099526,11.86919431,9.781990521,2.335545024,1.5,0.62,14,14.6,3.36,1.03,5.54,1.9297,1.4844,0.5956,0.6261,0.516,0.1232,1,0.49,1216.67,-0.02,-0.02
SRS-5-44743,SRS-5,Riverine Mangrove,SRS5Jul11222sc.txt,25.37702,-81.03235,7,7/1/22,2022,-10.33,36.24681487,29.36363237,12.38357789,10.15288639,9.009533433,2.843555048,1.51,0.63,12.99,13.28,3.39,1.07,5.6,3.3002,2.6735,1.1275,0.9244,0.8203,0.2589,1,0.45,1106.67,-0.02,-0.02
SRS-5-44774,SRS-5,Riverine Mangrove,SRS5Aug10222sc.txt,25.37702,-81.03235,8,8/1/22,2022,-2.9,36.40708032,28.69403984,9.643690026,12.38483006,9.035822151,3.8345376,1.48,0.62,13.79,12.71,3.93,1.06,5.38,1.9046,1.5011,0.5045,0.6479,0.4727,0.2006,1,0.5,1059.17,-0.02,-0.02
SRS-5-44805,SRS-5,Riverine Mangrove,SRS5Sep7222sc.txt,25.37702,-81.03235,9,9/1/22,2022,10.25,38.34631578,29.54204554,10.61353691,10.51526342,7.604299207,3.378539139,1.48,0.61,12.76,15.1,3.18,1.04,5.38,3.7069,2.8558,1.026,1.0165,0.7351,0.3266,1,0.48,1258.59,-0.02,-0.02
SRS-5-44835,SRS-5,Riverine Mangrove,SRS5Oct4222sc.txt,25.37702,-81.03235,10,10/1/22,2022,10.26,38.2592023,28.92408476,10.76314686,10.313767,8.386426731,3.353372346,1.46,0.6,10.91,9.85,3.45,1.04,5.33,3.8312,2.8964,1.0778,1.0328,0.8398,0.3358,1,0.34,820.5,-0.02,-0.02
SRS-5-44866,SRS-5,Riverine Mangrove,SRS5Nov7222sc.txt,25.37702,-81.03235,11,11/1/22,2022,5.62,36.35804458,28.54485809,10.32775841,10.56208078,9.263056149,4.944201986,1.5,0.65,11.05,12.87,3.11,1.05,6.12,2.4826,1.9491,0.7052,0.7212,0.6325,0.3376,1,0.4,1072.5,-0.02,-0.02
SRS-5-44896,SRS-5,Riverine Mangrove,SRS5Dec6222sc.txt,25.37702,-81.03235,12,12/1/22,2022,-2.61,36.44785672,28.80922928,11.5702146,10.1664605,9.093476039,3.912762868,1.52,0.64,13.17,13.67,3.18,1.04,6.29,2.7107,2.1426,0.8605,0.7561,0.6763,0.291,1,0.44,1139.17,-0.02,-0.02
SRS-6-40940,SRS-6,Riverine Mangrove,SRS6Feb2012c.txt,25.36463,-81.07795,2,2/1/12,2012,-21.34,38.07143433,30.84535999,6.274691607,12.89808917,9.195355962,2.715068935,1.54,0.67,12.87,8.27,3.63,1.07,5.96,1.8888,1.5303,0.3113,0.6399,0.4562,0.1347,1,0.3,688.75,-0.0184,-0.0172
SRS-6-40969,SRS-6,Riverine Mangrove,SRS6Mar2012c.txt,25.36463,-81.07795,3,3/1/12,2012,-23.81,37.34348484,30.01880475,5.957895702,13.41558501,9.769297803,3.49493189,1.55,0.66,14.02,12.69,3.31,1.08,5.91,1.6284,1.309,0.2598,0.585,0.426,0.1524,1,0.42,1057.5,-0.0183,-0.017
SRS-6-41000,SRS-6,Riverine Mangrove,SRS6April2012c.txt,25.36463,-81.07795,4,4/1/12,2012,-14.96,36.28681012,29.14689376,8.340375739,12.58098767,9.061951505,4.582981213,1.54,0.67,10.84,7.18,3.76,1.1,5.44,1.6746,1.3451,0.3849,0.5806,0.4182,0.2115,1,0.27,598,-0.0178,-0.0162
SRS-6-41030,SRS-6,Riverine Mangrove,SRS6May2012c.txt,25.36463,-81.07795,5,5/1/12,2012,-10.5,35.63975313,29.65260546,9.836482789,12.26060953,8.131322772,4.479226315,1.52,0.67,12.86,7.86,3.69,1.04,5.73,1.1203,0.9321,0.3092,0.3854,0.2556,0.1408,1,0.29,655.08,-0.0175,-0.0167
SRS-6-41091,SRS-6,Riverine Mangrove,SRS6July2012c.txt,25.36463,-81.07795,7,7/1/12,2012,-6.55,35.11732379,29.62853169,8.948076528,11.15773151,10.16350079,4.984835701,1.48,0.57,19,16.93,0.71,1.02,5.34,1.54,1.2993,0.3924,0.4893,0.4457,0.2186,4,0.12,1410.83,-0.0167,-0.0164
SRS-6-41244,SRS-6,Riverine Mangrove,SRS6Dec2012c.txt,25.36463,-81.07795,12,12/1/12,2012,-11.48,36.9844409,29.45745669,7.414996783,12.60692416,9.58802926,3.948152208,1.53,0.67,13,9.12,3.18,1.08,5.81,1.5522,1.2363,0.3112,0.5291,0.4024,0.1657,1,0.29,760.17,-0.0179,-0.0166
SRS-6-41306,SRS-6,Riverine Mangrove,SRS6Feb2013c.txt,25.36463,-81.07795,2,2/1/13,2013,-20.68,35.71743675,28.21221014,10.92314479,12.44030151,9.950706792,2.756200012,1.55,0.68,13.16,8.46,3.19,0.99,6.59,1.8622,1.4709,0.5695,0.6486,0.5188,0.1437,1,0.27,704.75,-0.0191,-0.0193
SRS-6-41334,SRS-6,Riverine Mangrove,SRS6Mar2013c.txt,25.36463,-81.07795,3,3/1/13,2013,-12.33,35.86454727,28.1948379,11.14783339,12.46065471,10.0133774,2.318749344,1.55,0.68,11.71,7.78,3.34,1.08,6.3,2.7346,2.1498,0.85,0.9501,0.7635,0.1768,1,0.26,647.92,-0.0191,-0.0178
SRS-6-41365,SRS-6,Riverine Mangrove,SRS6April2013c.txt,25.36463,-81.07795,4,4/1/13,2013,-22.08,35.19886927,26.95397739,9.854195596,13.46707003,10.73695695,3.788930768,1.53,0.7,11.87,7.35,3.54,1.1,6.37,1.4195,1.087,0.3974,0.5431,0.433,0.1528,1,0.26,612.67,-0.0193,-0.0175
SRS-6-41395,SRS-6,Riverine Mangrove,SRS6May2013c.txt,25.36463,-81.07795,5,5/1/13,2013,-15,36.58965291,29.36828953,7.721141018,13.80106309,9.087058724,3.432794731,1.52,0.68,12.2,7.21,3.47,1.09,5.98,1.7278,1.3868,0.3646,0.6517,0.4291,0.1621,1,0.25,601.17,-0.0184,-0.0169
SRS-6-41426,SRS-6,Riverine Mangrove,SRS6June2013c.txt,25.36463,-81.07795,6,6/1/13,2013,-14.01,38.52723994,29.4875285,5.951611257,13.30690441,8.981862728,3.744853166,1.51,0.64,13.28,11.78,3.74,1.08,5.69,2.2644,1.7331,0.3498,0.7821,0.5279,0.2201,1,0.44,981.67,-0.0177,-0.0163
SRS-6-41456,SRS-6,Riverine Mangrove,SRS6July2013c.txt,25.36463,-81.07795,7,7/1/13,2013,-6.87,40.87683426,29.48039452,10.84315612,14.67404378,2.946836661,1.178734664,1.56,0.63,12.26,8.06,3.97,1.08,5.14,0.6797,0.4902,0.1803,0.244,0.049,0.0196,1,0.32,671.29,-0.0169,-0.0156
SRS-6-41487,SRS-6,Riverine Mangrove,SRS6Aug2013c.txt,25.36463,-81.07795,8,8/1/13,2013,-9,36.63778951,30.40183871,6.662793928,13.32306216,9.620387442,3.354128255,1.53,0.67,11.64,8.56,3.51,1.09,5.7,1.4506,1.2037,0.2638,0.5275,0.3809,0.1328,1,0.3,713,-0.0181,-0.0165
SRS-6-41518,SRS-6,Riverine Mangrove,SRS6Sep2013c.txt,25.36463,-81.07795,9,9/1/13,2013,0.24,39.73014005,29.89099841,4.61081828,14.27084933,8.249321938,3.247871996,1.53,0.64,15.27,11.52,3.82,1.05,5.58,2.3291,1.7523,0.2703,0.8366,0.4836,0.1904,1,0.44,960,-0.0174,-0.0166
SRS-6-41548,SRS-6,Riverine Mangrove,SRS6Oct2013c.txt,25.36463,-81.07795,10,10/1/13,2013,1.84,39.38449224,29.99810419,4.172898279,14.10275314,8.876624608,3.465127546,,,,9.47,,,,1.8697,1.4241,0.1981,0.6695,0.4214,0.1645,,,789.08,,
SRS-6-41640,SRS-6,Riverine Mangrove,srs620140122c.txt,25.36463,-81.07795,1,1/1/14,2014,-15.48,37.51683304,29.12382703,9.042814698,12.95983584,9.027851998,2.328837398,,,,9.17,,,,3.5103,2.725,0.8461,1.2126,0.8447,0.2179,,,764.25,,
SRS-6-41671,SRS-6,Riverine Mangrove,SRS6FEB2014c.txt,25.36463,-81.07795,2,2/1/14,2014,-9.79,37.22813239,29.21394799,8.666272656,12.17100079,8.845547675,3.875098503,1.53,0.67,12.74,7.16,4.33,1.07,6.02,1.8897,1.4829,0.4399,0.6178,0.449,0.1967,1,0.31,596.92,-0.0183,-0.017
SRS-6-41699,SRS-6,Riverine Mangrove,SRS6MAR2014c.txt,25.36463,-81.07795,3,3/1/14,2014,-14.48,38.13932609,29.85438936,6.025025952,13.50756109,8.882529529,3.591167971,1.52,0.68,11.48,8.62,3.13,1.11,6.2,2.7188,2.1282,0.4295,0.9629,0.6332,0.256,1,0.27,718.5,-0.019,-0.0171
SRS-6-41730,SRS-6,Riverine Mangrove,SRS6APR2014c.txt,25.36463,-81.07795,4,4/1/14,2014,-15.56,37.82968996,29.63423346,6.826689527,12.46463781,8.546935276,4.697813973,1.53,0.72,9.76,5.86,2.9,1.16,6.66,2.6477,2.0741,0.4778,0.8724,0.5982,0.3288,1,0.17,488.63,-0.02,-0.0172
SRS-6-41883,SRS-6,Riverine Mangrove,SRS6SEP2014c.txt,25.36463,-81.07795,9,9/1/14,2014,-2.47,38.47420794,28.87795951,9.782683289,11.34965115,8.503946014,3.011552099,1.49,0.63,13.34,9.6,4.06,1.06,5.36,3.3638,2.5248,0.8553,0.9923,0.7435,0.2633,1,0.39,799.83,-0.0171,-0.0162
SRS-6-41913,SRS-6,Riverine Mangrove,SRS6OCT2014c.txt,25.36463,-81.07795,10,10/1/14,2014,-1.44,36.75236245,28.76813098,8.487843522,12.36207254,9.357375936,4.272214573,1.53,0.64,12.19,8.5,3.76,1.08,5.28,1.9485,1.5252,0.45,0.6554,0.4961,0.2265,1,0.32,708.58,-0.0171,-0.0158
SRS-6-41944,SRS-6,Riverine Mangrove,SRS6NOV2014c.txt,25.36463,-81.07795,11,11/1/14,2014,-21.86,35.21453529,29.31935709,8.237596087,12.31306778,9.517819706,5.397624039,1.51,0.66,13.66,10.67,3.47,1.08,5.92,1.2598,1.0489,0.2947,0.4405,0.3405,0.1931,1,0.37,889.58,-0.0182,-0.0169
SRS-6-42461,SRS-6,Riverine Mangrove,SR61604I2s,25.36463,-81.07795,4,4/1/16,2016,-13.69,34.69924535,29.21388363,14.13682063,9.477397311,9.409798186,3.062854895,1.52,0.66,11.25,9.99,3.3,1.09,6.21,2.8232,2.3769,1.1502,0.7711,0.7656,0.2492,1,0.33,832.88,-0.02,-0.02
SRS-6-42491,SRS-6,Riverine Mangrove,SR61605I2s,25.36463,-81.07795,5,5/1/16,2016,-8.01,37.60130561,29.9642069,6.641197307,12.83729901,9.287661579,3.668329593,1.5,0.66,11.84,8,3.38,1.09,5.86,2.0275,1.6157,0.3581,0.6922,0.5008,0.1978,1,0.27,666.33,-0.02,-0.02
SRS-6-42522,SRS-6,Riverine Mangrove,SR61606I2s,25.36463,-81.07795,6,6/1/16,2016,-9.39,37.64539913,29.69469509,6.034230349,13.67883095,9.489206527,3.457637946,1.54,0.67,10.84,8.61,3.6,1.1,5.76,1.4143,1.1156,0.2267,0.5139,0.3565,0.1299,1,0.31,717.25,-0.02,-0.02
SRS-6-42552,SRS-6,Riverine Mangrove,SR61607I2s,25.36463,-81.07795,7,7/1/16,2016,-14.82,37.53232361,29.19591183,5.904445265,13.573862,9.793539383,3.999917908,1.5,0.68,11.13,8.34,3.48,1.1,5.97,1.8288,1.4226,0.2877,0.6614,0.4772,0.1949,1,0.29,695.25,-0.02,-0.02
SRS-6-42583,SRS-6,Riverine Mangrove,SR61608I2s,25.36463,-81.07795,8,8/1/16,2016,-10.06,37.01557679,29.46798104,7.033386008,12.43885921,10.13118619,3.913010761,1.51,0.64,11.66,9.58,3.55,1.09,5.7,1.4757,1.1748,0.2804,0.4959,0.4039,0.156,1,0.34,798.33,-0.02,-0.02
SRS-6-42614,SRS-6,Riverine Mangrove,SR61610I2s,25.36463,-81.07795,9,9/1/16,2016,-2.06,37.36760986,28.28604173,8.235852039,13.1323111,9.318684793,3.659500474,1.46,0.6,13.98,9.73,15.01,1.09,5.7,1.8911,1.4315,0.4168,0.6646,0.4716,0.1852,1,1.46,810.42,-0.02,-0.02
SRS-6-42644,SRS-6,Riverine Mangrove,SR61611I2s,25.36463,-81.07795,10,10/1/16,2016,-1.82,38.88709086,30.08177444,5.197747427,13.37950676,8.334951561,4.118928949,1.51,0.64,10.43,9.04,3.54,1.07,5.81,1.8023,1.3942,0.2409,0.6201,0.3863,0.1909,1,0.32,753.42,-0.02,-0.02
SRS-6-42675,SRS-6,Riverine Mangrove,SR61612I2s,25.36463,-81.07795,11,11/1/16,2016,-4.39,39.20854517,30.41405944,3.827727806,13.33105201,8.748044583,4.470570982,1.54,0.65,10.2,8.33,3.48,1.09,6.02,1.6041,1.2443,0.1566,0.5454,0.3579,0.1829,1,0.29,693.92,-0.02,-0.02
SRS-6-42705,SRS-6,Riverine Mangrove,SRS 6 September 2016,25.36463,-81.07795,12,12/1/16,2016,-19.13,,,,,,,1.52,0.65,11.92,9.56,3.24,1.09,6.27,,,,,,,1,0.31,797,-0.02,-0.02
SRS-6-42736,SRS-6,Riverine Mangrove,SR61701I2s,25.36463,-81.07795,1,1/1/17,2017,-17.15,38.63752122,30.41383701,5.500848896,13.14091681,8.416808149,3.890067912,1.53,0.67,11.82,9.22,3.04,1.1,6.38,1.8206,1.4331,0.2592,0.6192,0.3966,0.1833,1,0.28,768.33,-0.02,-0.02
SRS-6-42767,SRS-6,Riverine Mangrove,SR61702I2s,25.36463,-81.07795,2,2/1/17,2017,-23.1,38.31880274,30.84059863,5.886055294,12.72087277,8.795281831,3.438388736,1.52,0.69,11.72,7.24,3.45,1.15,6.17,1.6438,1.323,0.2525,0.5457,0.3773,0.1475,1,0.25,603,-0.02,-0.02
SRS-6-42795,SRS-6,Riverine Mangrove,SR61703I2s,25.36463,-81.07795,3,3/1/17,2017,-27.9,37.10467577,30.43163174,6.945531495,12.58660173,8.989187466,3.9423718,1.52,0.67,10.18,7.98,3.26,1.1,6.15,1.28,1.0498,0.2396,0.4342,0.3101,0.136,1,0.26,664.67,-0.02,-0.02
SRS-6-42826,SRS-6,Riverine Mangrove,SR61704I2s,25.36463,-81.07795,4,4/1/17,2017,-17.12,35.65342614,27.99231969,10.08520341,12.27649106,9.828393136,4.164166567,1.53,0.67,9.32,6.11,3.6,1.17,5.64,1.4855,1.1663,0.4202,0.5115,0.4095,0.1735,1,0.22,508.75,-0.02,-0.02
SRS-6-42856,SRS-6,Riverine Mangrove,SR61705I2s,25.36463,-81.07795,5,5/1/17,2017,-16.59,35.79996978,26.9617767,9.191720804,13.59117691,9.161504759,5.293851035,1.52,0.64,9.98,8.25,4.12,1.1,5.57,1.1848,0.8923,0.3042,0.4498,0.3032,0.1752,1,0.34,687.75,-0.02,-0.02
SRS-6-42887,SRS-6,Riverine Mangrove,SR61706I2s,25.36463,-81.07795,6,6/1/17,2017,-11.91,37.15342695,27.09932774,9.121285652,13.22646088,8.982059748,4.417439039,1.49,0.61,12.89,10.39,4.04,1.05,5.24,1.868,1.3625,0.4586,0.665,0.4516,0.2221,1,0.42,865.83,-0.02,-0.02
SRS-6-42917,SRS-6,Riverine Mangrove,SR61707I2s,25.36463,-81.07795,7,7/1/17,2017,-8.84,38.74796024,27.81980913,8.150785409,14.06319537,7.995846314,3.222403534,1.5,0.61,13.5,10.26,3.7,1.07,5.32,2.3508,1.6878,0.4945,0.8532,0.4851,0.1955,1,0.38,854.75,-0.02,-0.02
SRS-6-42948,SRS-6,Riverine Mangrove,SR61708I2s,25.36463,-81.07795,8,8/1/17,2017,-5.24,38.47739099,28.02383692,8.593656082,13.69420735,8.178055608,3.032853046,1.49,0.62,13.01,11.15,3.41,1.05,5.43,2.2405,1.6318,0.5004,0.7974,0.4762,0.1766,1,0.38,929.25,-0.02,-0.02
SRS-6-43009,SRS-6,Riverine Mangrove,SR61710I2s,25.36463,-81.07795,10,10/1/17,2017,3.18,37.88719371,28.42447659,9.423089624,12.56191797,8.60412126,3.099200845,1.51,0.63,10.23,43.2,0.88,1.07,5.11,2.2946,1.7215,0.5707,0.7608,0.5211,0.1877,1,0.38,3599.83,-0.02,-0.02
SRS-6-43040,SRS-6,Riverine Mangrove,SR61711I2s,25.36463,-81.07795,11,11/1/17,2017,-3.8,36.89476595,27.54453886,9.418941794,11.63121994,9.479276652,5.031256809,1.52,0.65,10.82,9.49,3.58,1.06,5.84,2.2014,1.6435,0.562,0.694,0.5656,0.3002,1,0.34,790.58,-0.02,-0.02
SRS-6-43070,SRS-6,Riverine Mangrove,SR6Dec2017,25.36463,-81.07795,12,12/1/17,2017,-12.17,36.22245505,28.24962823,11.02473976,10.80336623,9.728606192,3.971204542,1.53,0.67,11.01,9.83,3.05,1.07,6.4,2.1435,1.6717,0.6524,0.6393,0.5757,0.235,1,0.3,818.75,-0.0188,-0.0177
SRS-6-43405,SRS-6,Riverine Mangrove,SRS6Nov20182sc.txt,25.36463,-81.07795,11,11/1/18,2018,-8.55,38.89070652,30.50126565,5.355328638,13.34527233,8.954247241,2.953179619,1.5,0.65,17.4,8.57,3.85,1.1,6.21,2.2585,1.7713,0.311,0.775,0.52,0.1715,1,0.33,714.5,-0.0189,-0.0173
SRS-6-43435,SRS-6,Riverine Mangrove,SRS6Dec20182sc.txt,25.36463,-81.07795,12,12/1/18,2018,-10.59,36.00314491,28.1428917,10.23102976,13.02919119,9.769373438,2.824369002,1.52,0.67,18.31,7.31,3.28,1.12,6.28,1.7859,1.396,0.5075,0.6463,0.4846,0.1401,1,0.24,609.25,-0.0192,-0.0171
SRS-6-43466,SRS-6,Riverine Mangrove,SRS6Jan20192sc.txt,25.36463,-81.07795,1,1/1/19,2019,-18.96,36.08756942,29.09696157,9.854107577,11.78009137,10.46383261,2.717437456,1.51,0.66,19.94,8.24,3.76,1.1,6.24,2.1248,1.7132,0.5802,0.6936,0.6161,0.16,1,0.31,686.75,-0.0192,-0.0174
SRS-6-43497,SRS-6,Riverine Mangrove,SRS6Feb20192sc.txt,25.36463,-81.07795,2,2/1/19,2019,-17.11,35.98215413,29.28784882,9.663706385,12.63731639,10.22349425,2.205480029,1.49,0.67,17.09,10.09,3.17,1.14,6.06,1.7098,1.3917,0.4592,0.6005,0.4858,0.1048,1,0.32,840.83,-0.0191,-0.0167
SRS-6-43525,SRS-6,Riverine Mangrove,SRS6Mar20192sc.txt,25.36463,-81.07795,3,3/1/19,2019,-12.22,36.67303559,29.54860282,7.363267256,13.27680917,9.761165512,3.377119656,1.51,0.69,18.7,7.81,3.2,1.18,6.18,1.5355,1.2372,0.3083,0.5559,0.4087,0.1414,1,0.25,650.83,-0.0193,-0.0164
SRS-6-43556,SRS-6,Riverine Mangrove,SRS6Apr192sc.txt,25.36463,-81.07795,4,4/1/19,2019,-11.94,34.53984287,29.78194645,8.164983165,12.55411255,11.16722783,3.791887125,1.53,0.65,9.98,7.27,3.27,1.1,6.27,0.8617,0.743,0.2037,0.3132,0.2786,0.0946,1,0.24,605.83,-0.02,-0.02
SRS-6-43586,SRS-6,Riverine Mangrove,SRS6May192sc.txt,25.36463,-81.07795,5,5/1/19,2019,-11.96,36.55230242,29.79176857,8.145831878,12.07637482,9.228914821,4.204807491,1.49,0.71,10.62,7.11,3.13,1.08,7.02,2.0924,1.7054,0.4663,0.6913,0.5283,0.2407,1,0.22,592.25,-0.02,-0.02
SRS-6-43617,SRS-6,Riverine Mangrove,SRS61906032sc.txt,25.36463,-81.07795,6,6/1/19,2019,-5.09,38.7710905,28.37497293,8.526765499,13.62097139,8.205855138,2.500344536,1.57,0.68,8.91,7.7,3.41,1.16,5.97,3.9386,2.8825,0.8662,1.3837,0.8336,0.254,1,0.26,641.92,-0.02,-0.02
SRS-6-43617,SRS-6,Riverine Mangrove,SRS6Jun192sc.txt,25.36463,-81.07795,6,6/1/19,2019,-5.09,39.68113,29.8782035,2.251966506,15.64112323,8.532098452,4.015478305,1.5,0.67,9.64,7.7,3.25,1.1,6.47,1.8766,1.413,0.1065,0.7397,0.4035,0.1899,1,0.25,641.92,-0.02,-0.02
SRS-6-43647,SRS-6,Riverine Mangrove,SRS6Jul192sc.txt,25.36463,-81.07795,7,7/1/19,2019,-4.19,41.7380661,32.57853937,5.079559364,14.60628315,5.99755202,0,1.49,0.55,,11.24,3.53,1.08,5.78,0.6138,0.4791,0.0747,0.2148,0.0882,0,1,0.4,936.67,-0.02,-0.02
SRS-6-43709,SRS-6,Riverine Mangrove,SRS61909122sc.txt,25.36463,-81.07795,9,9/1/19,2019,2.12,34.77657694,28.25848605,9.353113602,12.28435255,11.28862635,4.03884451,1.52,0.63,13.14,12.19,4.26,1.08,5.41,1.5542,1.2629,0.418,0.549,0.5045,0.1805,1,0.52,1015.83,-0.02,-0.02
SRS-6-43709,SRS-6,Riverine Mangrove,SRS61909181sc.txt,25.36463,-81.07795,9,9/1/19,2019,2.12,37.83636045,28.44456821,9.621791103,11.85061419,9.240178636,3.006487412,1.49,0.67,10.92,12.19,2.32,1.24,4.97,3.6685,2.7579,0.9329,1.149,0.8959,0.2915,1,0.28,1015.83,-0.02,-0.01
SRS-6-43891,SRS-6,Riverine Mangrove,SRS6Mar202sc.txt,25.36463,-81.07795,3,3/1/20,2020,-23.12,36.06523487,29.44757092,10.63512117,12.21775583,9.824279315,1.810037901,1.53,0.7,10.37,9.15,3.24,1.15,6.85,1.5701,1.282,0.463,0.5319,0.4277,0.0788,1,0.3,762.17,-0.02,-0.02
SRS-6-43952,SRS-6,Riverine Mangrove,SRS6May202sc.txt,25.36463,-81.07795,5,5/1/20,2020,-13.85,36.60127336,29.43734148,6.529841089,14.52197319,9.614886899,3.29468399,1.51,0.68,10.84,8.87,3.4,1.13,6.26,1.4142,1.1374,0.2523,0.5611,0.3715,0.1273,1,0.3,738.75,-0.02,-0.02
SRS-6-43983,SRS-6,Riverine Mangrove,SRS6Jun202sc.txt,25.36463,-81.07795,6,6/1/20,2020,-6.99,35.71725202,28.34895586,10.18925012,13.40175605,6.671214998,5.671570954,1.49,0.67,11.17,7.81,3.81,1.25,5.24,1.2041,0.9557,0.3435,0.4518,0.2249,0.1912,1,0.3,650.5,-0.02,-0.01
SRS-6-44013,SRS-6,Riverine Mangrove,SRS6Jul202sc.txt,25.36463,-81.07795,7,7/1/20,2020,-7.17,46.10861797,30.75708468,7.248815757,14.68669492,0,1.19878667,1.51,0.71,8.9,6.2,3.33,1.15,6.5,2.2193,1.4804,0.3489,0.7069,0,0.0577,1,0.21,516.25,-0.02,-0.02
SRS-6-44044,SRS-6,Riverine Mangrove,SRS6Aug202sc.txt,25.36463,-81.07795,8,8/1/20,2020,-2.61,37.187528,29.4843652,6.401756115,13.59869187,9.501836753,3.825822059,1.5,0.63,13,8.66,3.71,1.1,5.7,1.6602,1.3163,0.2858,0.6071,0.4242,0.1708,1,0.32,721.25,-0.02,-0.02
SRS-6-44075,SRS-6,Riverine Mangrove,SRS6Sep20c.txt,25.36463,-81.07795,9,9/1/20,2020,6.96,39.2937907,30.06702449,6.697000245,13.66237092,7.656049914,2.623763725,1.51,0.64,15.75,10.65,3.38,1.11,5.67,2.8844,2.2071,0.4916,1.0029,0.562,0.1926,1,0.36,887.5,-0.02,-0.02
SRS-6-44105,SRS-6,Riverine Mangrove,SRS6Oct202sc.txt,25.36463,-81.07795,10,10/1/20,2020,9.51,36.06139955,28.62663657,10.18329571,12.1282167,10.1020316,2.898419865,1.49,0.6,13.65,13.04,3.54,1.04,5.6,1.9969,1.5852,0.5639,0.6716,0.5594,0.1605,1,0.46,1086.67,-0.02,-0.02
SRS-6-44136,SRS-6,Riverine Mangrove,SRS6Nov202sc.txt,25.36463,-81.07795,11,11/1/20,2020,-0.77,37.75588497,29.99877237,9.64153086,11.96636283,8.039468434,2.597980542,1.5,0.67,9.49,9.35,2.96,1.1,5.86,2.4604,1.9549,0.6283,0.7798,0.5239,0.1693,1,0.28,778.83,-0.02,-0.02
SRS-6-44166,SRS-6,Riverine Mangrove,SRS6Dec202sc.txt,25.36463,-81.07795,12,12/1/20,2020,-13.29,37.37166782,30.04030911,9.631873149,12.28203015,8.447097076,2.227022693,1.5,0.64,11.82,10.32,3.08,1.06,6.37,1.6781,1.3489,0.4325,0.5515,0.3793,0.1,1,0.32,860,-0.02,-0.02
SRS-6-44197,SRS-6,Riverine Mangrove,SRS6Jan212sc.txt,25.36463,-81.07795,1,1/1/21,2021,-16.98,37.48714488,29.77567811,9.168916313,12.13041522,9.507970176,1.929875305,1.52,0.65,15.49,12.73,2.91,1.05,6.95,2.3329,1.853,0.5706,0.7549,0.5917,0.1201,1,0.37,1060.83,-0.02,-0.02
SRS-6-44228,SRS-6,Riverine Mangrove,SRS6Feb212sc.txt,25.36463,-81.07795,2,2/1/21,2021,-13.63,37.52508042,29.65858785,8.826714227,12.05611644,9.495525335,2.437975732,1.52,0.69,11.09,7.4,2.97,1.11,6.35,2.3565,1.8625,0.5543,0.7571,0.5963,0.1531,1,0.22,616.83,-0.02,-0.02
SRS-6-44256,SRS-6,Riverine Mangrove,SRS6Mar212sc.txt,25.36463,-81.07795,3,3/1/21,2021,-14.75,34.33054609,28.53721482,10.45318468,11.38639414,11.02714979,4.265510478,1.52,0.68,12.15,11.22,2.94,1.05,7.02,1.6628,1.3822,0.5063,0.5515,0.5341,0.2066,1,0.33,935,-0.02,-0.02
SRS-6-44287,SRS-6,Riverine Mangrove,SRS6Apr211sc.txt,25.36463,-81.07795,4,4/1/21,2021,-12.72,37.40859092,29.49978492,8.738401032,12.97548086,5.920850489,5.456891784,1.56,0.72,10.28,44.19,0.45,1.2,5.99,1.2175,0.9601,0.2844,0.4223,0.1927,0.1776,1,0.2,3682.44,-0.02,-0.02
SRS-6-44317,SRS-6,Riverine Mangrove,SRS6May212sc.txt,25.36463,-81.07795,5,5/1/21,2021,-19.76,36.14683083,29.09712722,8.579571363,12.13178295,10.25535796,3.789329685,1.49,0.69,12.04,8.57,2.92,1.12,6.24,1.5854,1.2762,0.3763,0.5321,0.4498,0.1662,1,0.25,714.06,-0.02,-0.02
SRS-6-44348,SRS-6,Riverine Mangrove,SRS6Jun212sc.txt,25.36463,-81.07795,6,6/1/21,2021,-13.08,37.27010858,28.4356304,8.096609794,12.90937292,9.754043873,3.534234434,1.49,0.68,10.73,7.03,3.13,1.15,6.52,1.682,1.2833,0.3654,0.5826,0.4402,0.1595,1,0.22,586.07,-0.02,-0.02
SRS-6-44409,SRS-6,Riverine Mangrove,SRS6Aug212sc.txt,25.36463,-81.07795,8,8/1/21,2021,-5.43,38.16902936,28.4644872,8.256184001,12.93938956,9.107840301,3.063069579,1.5,0.65,12.12,8.4,3.33,1.14,5.64,2.1109,1.5742,0.4566,0.7156,0.5037,0.1694,1,0.28,700.17,-0.02,-0.02
SRS-6-44501,SRS-6,Riverine Mangrove,SRS68Nov212sc.txt,25.36463,-81.07795,11,11/1/21,2021,5.04,36.91367832,30.14639128,7.266606143,12.27303677,9.201467696,4.198819791,1.5,0.63,11.14,,0,1.05,6.01,1.9517,1.5939,0.3842,0.6489,0.4865,0.222,1,0.4,,-0.02,-0.02
SRS-6-44531,SRS-6,Riverine Mangrove,SRS66Dec212sc.txt,25.36463,-81.07795,12,12/1/21,2021,-4.39,36.216971,27.93984962,8.073039742,12.74543502,10.17615467,4.848549946,,,,8.74,,,,1.6859,1.3006,0.3758,0.5933,0.4737,0.2257,,,728.58,,
SRS-6-44593,SRS-6,Riverine Mangrove,SRS6Feb7222sc.txt,25.36463,-81.07795,2,2/1/22,2022,-15.19,35.53378797,28.80843149,9.902045877,11.87600744,8.411655301,5.468071916,1.56,0.68,12.61,10.55,3.1,1.1,6.53,1.4329,1.1617,0.3993,0.4789,0.3392,0.2205,1,0.33,879.17,-0.02,-0.02
SRS-6-44621,SRS-6,Riverine Mangrove,SRS6Mar7222sc.txt,25.36463,-81.07795,3,3/1/22,2022,-16.84,35.77699196,29.06176879,10.8812301,11.26475607,9.896025756,3.119227318,1.53,0.67,11.6,10.94,3.11,1.06,6.67,2.0336,1.6519,0.6185,0.6403,0.5625,0.1773,1,0.34,911.67,-0.02,-0.02
SRS-6-44652,SRS-6,Riverine Mangrove,SRS6Apr7222sc.txt,25.36463,-81.07795,4,4/1/22,2022,-15.81,34.49460803,28.27848243,9.920657093,12.12214338,9.73068112,5.453427949,1.53,0.66,11.52,8.92,3.25,1.13,5.97,1.2347,1.0122,0.3551,0.4339,0.3483,0.1952,1,0.29,743.08,-0.02,-0.02
SRS-6-44682,SRS-6,Riverine Mangrove,SRS6May9222sc.txt,25.36463,-81.07795,5,5/1/22,2022,-6.55,35.13849984,28.12013694,11.53127918,11.72061417,8.901338313,4.588131549,1.51,0.69,9.21,7.49,3.2,1.15,6.37,1.3548,1.0842,0.4446,0.4519,0.3432,0.1769,1,0.24,624.17,-0.02,-0.02
SRS-6-44713,SRS-6,Riverine Mangrove,SRS6Jun6222sc.txt,25.36463,-81.07795,6,6/1/22,2022,-2.29,34.25699538,28.66069003,11.60010867,11.43710948,8.143167617,5.901928824,1.53,0.65,11.75,9.72,3.5,1.08,5.63,1.0088,0.844,0.3416,0.3368,0.2398,0.1738,1,0.34,809.92,-0.02,-0.02
SRS-6-44743,SRS-6,Riverine Mangrove,SRS6Jul11222sc.txt,25.36463,-81.07795,7,7/1/22,2022,-10.33,36.58612685,29.39744902,11.60047925,10.66320545,8.947158226,2.80558121,1.48,0.64,,8.21,2.07,0.98,5.27,2.9315,2.3555,0.9295,0.8544,0.7169,0.2248,1,0.17,684.58,-0.02,-0.02
SRS-6-44743,SRS-6,Riverine Mangrove,SRS6Jul7222sc.txt,25.36463,-81.07795,7,7/1/22,2022,-10.33,34.51460481,28.62665685,10.19268532,11.59793814,10.66519391,4.402920962,1.49,0.65,12.79,8.21,4.02,1.12,6.11,1.1249,0.933,0.3322,0.378,0.3476,0.1435,1,0.33,684.58,-0.02,-0.02
SRS-6-44774,SRS-6,Riverine Mangrove,SRS6Aug8222sc.txt,25.36463,-81.07795,8,8/1/22,2022,-2.9,36.8001683,28.18260709,9.59055408,11.92573698,9.043574302,4.457359245,1.52,0.68,11.55,7.72,3.11,1.1,6.07,1.3994,1.0717,0.3647,0.4535,0.3439,0.1695,1,0.24,643.67,-0.02,-0.02
SRS-6-44805,SRS-6,Riverine Mangrove,SRS6Sep7222sc.txt,25.36463,-81.07795,9,9/1/22,2022,10.25,38.62339211,29.65045291,8.926086833,12.18445637,8.060027827,2.555583951,1.5,0.65,9.98,9.08,2.97,1.1,5.89,2.7204,2.0884,0.6287,0.8582,0.5677,0.18,1,0.27,756.5,-0.02,-0.02
SRS-6-44866,SRS-6,Riverine Mangrove,SRS6Nov7222sc.txt,25.36463,-81.07795,11,11/1/22,2022,5.62,36.05554572,28.8979367,8.394799473,11.33337267,10.10208296,5.216262465,1.48,0.66,12.24,8.9,3.15,1.09,5.81,1.8331,1.4692,0.4268,0.5762,0.5136,0.2652,1,0.28,741.42,-0.02,-0.02
SRS-6-44896,SRS-6,Riverine Mangrove,SRS6Dec6222sc.txt,25.36463,-81.07795,12,12/1/22,2022,-2.61,36.54864653,28.95089578,10.63815876,10.6348895,9.196416896,4.030992546,1.54,0.67,11.44,9.95,3.25,1.08,6.14,2.2359,1.7711,0.6508,0.6506,0.5626,0.2466,1,0.32,829.25,-0.02,-0.02
TS/Ph-10--2021,FLBay-2,Seagrass,LTE131FB212sc.txt,25.02477,-80.68097,11,11/1/21,2021,5.67,,,,,,,,,,,,,,,,,,,,,,,,
TS/Ph-10-43070,FLBay-2,Seagrass,LTER109211sc.txt,25.02477,-80.68097,12,12/1/17,2017,-13.37,,,,,,,1.66,0.94,3.03,10.19,1.28,1.1,12.6,,,,,,,1,0.13,849.17,-0.0253,-0.0229
TS/Ph-10-43101,FLBay-2,Seagrass,LTER110212sc.txt,25.02477,-80.68097,1,1/1/18,2018,-22.57,,,,,,,1.66,0.94,3.46,8.66,1.5,1.05,14.63,,,,,,,1,0.13,721.67,-0.0264,-0.0251
TS/Ph-10-43101,FLBay-2,Seagrass,LTER110FB021c.txt,25.02477,-80.68097,1,1/1/18,2018,-22.57,,,,,,,1.89,0.82,2.68,8.66,0.57,1.58,9.14,,,,,,,2,0.05,721.67,-0.02,-0.02
TS/Ph-10-43101,FLBay-2,Seagrass,LTER110FB212sc.txt,25.02477,-80.68097,1,1/1/18,2018,-22.57,,,,,,,1.8,1.02,2.29,5.23,1.15,0.76,21.6,,,,,,,1,0.06,436,-0.0299,-0.0391
TS/Ph-10-43132,FLBay-2,Seagrass,LTER111FB021c.txt,25.02477,-80.68097,2,2/1/18,2018,-28.48,,,,,,,1.94,0.72,2.64,5.23,0.55,1.69,8.12,,,,,,,2,0.03,436,-0.03,-0.02
TS/Ph-10-43132,FLBay-2,Seagrass,LTER111FB212sc.txt,25.02477,-80.68097,2,2/1/18,2018,-28.48,,,,,,,1.75,1.33,1.76,9.88,1.82,1.76,5.98,,,,,,,1,0.18,823.42,-0.0205,-0.0116
TS/Ph-10-43160,FLBay-2,Seagrass,LTER112FB021c.txt,25.02477,-80.68097,3,3/1/18,2018,-12.23,,,,,,,1.78,1.17,1.88,9.88,0.7,1.89,5.22,,,,,,,2,0.07,823.42,-0.02,-0.01
TS/Ph-10-43191,FLBay-2,Seagrass,LTER113FB021c.txt,25.02477,-80.68097,4,4/1/18,2018,-16.54,,,,,,,1.69,1.03,3.04,9.6,1.04,0.84,21.95,,,,,,,1,0.1,800.25,-0.0321,-0.038
TS/Ph-10-43191,FLBay-2,Seagrass,LTER113FB212sc.txt,25.02477,-80.68097,4,4/1/18,2018,-16.54,,,,,,,1.75,0.9,3.45,9.6,0.54,2.26,7.73,,,,,,,2,0.05,800.25,-0.03,-0.01
TS/Ph-10-43221,FLBay-2,Seagrass,LTER114FB021c.txt,25.02477,-80.68097,5,5/1/18,2018,-24.73,,,,,,,1.68,1.04,1.79,5.94,1.35,1.16,12.66,,,,,,,1,0.08,495.25,-0.027,-0.0233
TS/Ph-10-43221,FLBay-2,Seagrass,LTER114FB212sc.txt,25.02477,-80.68097,5,5/1/18,2018,-24.73,,,,,,,1.7,0.8,2.27,5.94,0.55,1.88,6.03,,,,,,,2,0.03,495.25,-0.02,-0.01
TS/Ph-10-43252,FLBay-2,Seagrass,LTER115FB021c.txt,25.02477,-80.68097,6,6/1/18,2018,-17.78,,,,,,,1.73,0.99,3.2,9.6,1.25,1.13,18.27,,,,,,,1,0.12,800.17,-0.0301,-0.0267
TS/Ph-10-43252,FLBay-2,Seagrass,LTER115FB212sc.txt,25.02477,-80.68097,6,6/1/18,2018,-17.78,,,,,,,1.78,0.91,4.09,9.6,0.47,1.42,11.13,,,,,,,2,0.04,800.17,-0.03,-0.02
TS/Ph-10-43282,FLBay-2,Seagrass,LTER116FB021c.txt,25.02477,-80.68097,7,7/1/18,2018,-12.33,,,,,,,1.67,0.94,3.7,8.06,1.61,1.09,12.41,,,,,,,1,0.13,672,-0.026,-0.0239
TS/Ph-10-43282,FLBay-2,Seagrass,LTER116FB212sc.txt,25.02477,-80.68097,7,7/1/18,2018,-12.33,,,,,,,1.88,0.82,3.86,8.06,0.61,1.38,8.27,,,,,,,2,0.05,672,-0.02,-0.02
TS/Ph-10-43313,FLBay-2,Seagrass,LTER117FB021c.txt,25.02477,-80.68097,8,8/1/18,2018,-13.26,,,,,,,1.67,1.1,2.66,8.81,1.36,0.86,20.12,,,,,,,1,0.12,733.83,-0.029,-0.0336
TS/Ph-10-43313,FLBay-2,Seagrass,LTER117FB212sc.txt,25.02477,-80.68097,8,8/1/18,2018,-13.26,,,,,,,1.99,0.99,3.06,8.81,0.5,1.34,11.26,,,,,,,2,0.04,733.83,-0.03,-0.02
TS/Ph-10-43344,FLBay-2,Seagrass,LTER118FB021c.txt,25.02477,-80.68097,9,9/1/18,2018,-6.94,,,,,,,1.7,1.03,2.59,10.32,1.26,1.2,15.89,,,,,,,1,0.13,860,-0.0303,-0.0252
TS/Ph-10-43344,FLBay-2,Seagrass,LTER118FB212sc.txt,25.02477,-80.68097,9,9/1/18,2018,-6.94,,,,,,,1.73,0.87,2.99,10.32,0.44,1.67,9.67,,,,,,,2,0.05,860,-0.03,-0.02
TS/Ph-10-43374,FLBay-2,Seagrass,LTER119FB021c.txt,25.02477,-80.68097,10,10/1/18,2018,-7.65,,,,,,,1.62,1.04,2.5,6.55,1.37,1.02,17.11,,,,,,,1,0.09,546,-0.0304,-0.0298
TS/Ph-10-43374,FLBay-2,Seagrass,LTER119FB212sc.txt,25.02477,-80.68097,10,10/1/18,2018,-7.65,,,,,,,1.94,0.77,3.25,6.55,0.52,1.31,11.08,,,,,,,2,0.03,546,-0.03,-0.02
TS/Ph-10-43435,FLBay-2,Seagrass,LTER120FB021c.txt,25.02477,-80.68097,12,12/1/18,2018,-11.15,,,,,,,1.73,1.08,2.6,5.4,1.48,1.03,12.47,,,,,,,1,0.08,450.17,-0.0267,-0.0259
TS/Ph-10-43435,FLBay-2,Seagrass,LTER120FB212sc.txt,25.02477,-80.68097,12,12/1/18,2018,-11.15,,,,,,,1.93,0.77,3.48,5.4,0.52,1.08,10.7,,,,,,,2,0.03,450.17,-0.03,-0.03
TS/Ph-10-43466,FLBay-2,Seagrass,LTER121FB021c.txt,25.02477,-80.68097,1,1/1/19,2019,-17.33,,,,,,,1.65,1.03,2.54,10.33,1.26,1.07,17.13,,,,,,,1,0.13,860.83,-0.0292,-0.0274
TS/Ph-10-43497,FLBay-2,Seagrass,LTER122FB212sc.txt,25.02477,-80.68097,2,2/1/19,2019,-17.18,,,,,,,1.75,0.9,3.03,9.29,0.48,1.87,8.37,,,,,,,2,0.04,774,-0.03,-0.01
TS/Ph-10-43525,FLBay-2,Seagrass,LTE123FB211sc.txt,25.02477,-80.68097,3,3/1/19,2019,-11.54,,,,,,,1.88,0.88,3.44,9.07,0.47,2.14,7.59,,,,,,,2,0.04,755.83,-0.03,-0.01
TS/Ph-10-43556,FLBay-2,Seagrass,LTER124FB021c.txt,25.02477,-80.68097,4,4/1/19,2019,-13.26,,,,,,,1.38,0.72,7,2.55,1.96,2.01,4.48,,,,,,,1,0.05,212.42,-0.0187,-0.0093
TS/Ph-10-43556,FLBay-2,Seagrass,LTER124FB212sc.txt,25.02477,-80.68097,4,4/1/19,2019,-13.26,,,,,,,2.25,0.67,8,2.55,0.77,1.85,4.16,,,,,,,2,0.02,212.42,-0.02,-0.01
TS/Ph-10-43678,FLBay-2,Seagrass,LTER1280212sc.txt,25.02477,-80.68097,8,8/1/19,2019,-1.72,,,,,,,1.74,1.29,1.41,9.73,1.2,1.65,12.79,,,,,,,1,0.12,810.75,-0.03,-0.02
TS/Ph-10-43678,FLBay-2,Seagrass,LTER128FB212sc.txt,25.02477,-80.68097,8,8/1/19,2019,-1.72,,,,,,,1.73,0.99,2.71,9.73,1.11,1.03,19.28,,,,,,,1,0.11,810.75,-0.03,-0.03
TS/Ph-10-43709,FLBay-2,Seagrass,LTER129FB212sc.txt,25.02477,-80.68097,9,9/1/19,2019,1.51,,,,,,,1.62,0.99,2.94,9.29,1.54,1.36,14.47,,,,,,,1,0.14,774.5,-0.03,-0.02
TS/Ph-10-43739,FLBay-2,Seagrass,LTER130FB212sc.txt,25.02477,-80.68097,10,10/1/19,2019,11.17,,,,,,,1.69,0.95,2.6,4.92,1.32,1.47,10.85,,,,,,,1,0.07,409.83,-0.03,-0.02
TS/Ph-10-43800,FLBay-2,Seagrass,LTER132FB212sc.txt,25.02477,-80.68097,12,12/1/19,2019,-9.59,,,,,,,1.64,0.82,1.78,1.85,1.63,1.44,7.45,,,,,,,1,0.03,153.92,-0.02,-0.02
TS/Ph-10-43831,FLBay-2,Seagrass,LTER133FB211sc.txt,25.02477,-80.68097,1,1/1/20,2020,-15.92,,,,,,,1.53,0.95,2.38,8.87,1.28,1.38,14.29,,,,,,,1,0.11,739.58,-0.03,-0.02
TS/Ph-10-43862,FLBay-2,Seagrass,LTER134FB212sc.txt,25.02477,-80.68097,2,2/1/20,2020,-20.16,,,,,,,1.6,1.02,2.69,6.37,1.28,1.2,16.87,,,,,,,1,0.08,530.42,-0.03,-0.03
TS/Ph-10-43891,FLBay-2,Seagrass,LTER135FB212sc.txt,25.02477,-80.68097,3,3/1/20,2020,-22.06,,,,,,,1.87,0.94,2.32,2.35,1.52,1.78,6.74,,,,,,,1,0.04,195.67,-0.02,-0.01
TS/Ph-10-43922,FLBay-2,Seagrass,LTER136FB212sc.txt,25.02477,-80.68097,4,4/1/20,2020,-14.03,,,,,,,1.75,0.95,2.34,5.05,1.54,1.92,8.11,,,,,,,1,0.08,421.17,-0.03,-0.01
TS/Ph-10-43952,FLBay-2,Seagrass,LTER137FB212sc.txt,25.02477,-80.68097,5,5/1/20,2020,-12.63,,,,,,,1.64,0.95,2.29,7.25,1.22,1.87,9.18,,,,,,,1,0.09,604.58,-0.03,-0.01
TS/Ph-10-43983,FLBay-2,Seagrass,LTER138FB212sc.txt,25.02477,-80.68097,6,6/1/20,2020,-8.93,,,,,,,1.64,0.99,2.13,7.85,1.1,1.53,15.71,,,,,,,1,0.09,654.42,-0.03,-0.02
TS/Ph-10-44013,FLBay-2,Seagrass,LTER139FB212sc.txt,25.02477,-80.68097,7,7/1/20,2020,-8.68,,,,,,,1.63,0.91,2.72,3.6,1.25,1.28,6.94,,,,,,,1,0.04,299.92,-0.02,-0.02
TS/Ph-10-44044,FLBay-2,Seagrass,LTER140FB214sc.txt,25.02477,-80.68097,8,8/1/20,2020,-4.93,,,,,,,1.65,0.95,2.58,4.04,1.45,1.84,6.65,,,,,,,1,0.06,336.67,-0.02,-0.01
TS/Ph-10-44075,FLBay-2,Seagrass,LTER141FB212sc.txt,25.02477,-80.68097,9,9/1/20,2020,5.5,,,,,,,1.6,0.94,2.03,4.16,1.25,1.36,7.93,,,,,,,1,0.05,346.25,-0.03,-0.02
TS/Ph-10-44105,FLBay-2,Seagrass,LTER142FB212sc.txt,25.02477,-80.68097,10,10/1/20,2020,8.04,25.01482423,27.07327404,11.96103346,6.709021601,15.12071156,14.12113511,1.57,0.92,3.67,3.95,1.84,1.57,6.7,0.2953,0.3196,0.1412,0.0792,0.1785,0.1667,1,0.07,328.83,-0.02,-0.01
TS/Ph-10-44136,FLBay-2,Seagrass,LTER143FB212sc.txt,25.02477,-80.68097,11,11/1/20,2020,-1.7,23.92185983,26.8978123,13.95441823,6.397441024,15.6051865,13.22328212,1.62,0.93,3.57,5.68,1.72,1.41,9.14,0.4188,0.4709,0.2443,0.112,0.2732,0.2315,1,0.1,473,-0.03,-0.02
TS/Ph-10-44197,FLBay-2,Seagrass,LTER146FB212sc.txt,25.02477,-80.68097,1,1/1/21,2021,-18.51,21.94853309,27.13527586,15.98077501,5.547211375,13.17713027,16.2110744,1.53,0.93,3.66,7.25,1.1,1.68,12.69,0.2192,0.271,0.1596,0.0554,0.1316,0.1619,1,0.08,604.17,-0.03,-0.02
TS/Ph-10-44228,FLBay-2,Seagrass,LTER147FB212sc.txt,25.02477,-80.68097,2,2/1/21,2021,-16.06,,,,,,,1.52,0.95,2.56,6.39,1.1,1.83,10.65,,,,,,,1,0.07,532.83,-0.03,-0.02
TS/Ph-10-44256,FLBay-2,Seagrass,LTER148FB212sc.txt,25.02477,-80.68097,3,3/1/21,2021,-15.12,,,,,,,,,,31.58,,,,,,,,,,,,2631.4,,
TS/Ph-10-44287,FLBay-2,Seagrass,LTER149FB212sc.txt,25.02477,-80.68097,4,4/1/21,2021,-14.09,,,,,,,,,,32.36,,,,,,,,,,,,2696.58,,
TS/Ph-10-44317,FLBay-2,Seagrass,LTER150FB0212c.txt,25.02477,-80.68097,5,5/1/21,2021,-18.04,,,,,,,1.82,0.94,5.49,2.71,2.58,2.12,4.36,,,,,,,1,0.07,226.08,-0.02,-0.01
TS/Ph-10-44348,FLBay-2,Seagrass,LTER151FB0212c.txt,25.02477,-80.68097,6,6/1/21,2021,-16.63,,,,,,,1.64,0.84,4.66,5.23,1.15,1.36,7.01,,,,,,,1,0.06,436.08,-0.02,-0.02
TS/Ph-10-44378,FLBay-2,Seagrass,LTER152FB212sc.txt,25.02477,-80.68097,7,7/1/21,2021,-13.14,,,,,,,1.7,0.96,2.17,4.21,1.66,0.86,14.09,,,,,,,1,0.07,350.83,-0.03,-0.03
TS/Ph-10-44409,FLBay-2,Seagrass,LTER153FB212sc.txt,25.02477,-80.68097,8,8/1/21,2021,-6.02,,,,,,,1.53,0.99,2.04,3.85,2.6,1.33,14.11,,,,,,,1,0.1,320.92,-0.03,-0.02
TS/Ph-10-44440,FLBay-2,Seagrass,LTER154FB212sc.txt,25.02477,-80.68097,9,9/1/21,2021,-1.57,,,,,,,1.65,0.99,2.39,5.43,2.03,1.37,15.37,,,,,,,1,0.11,452.25,-0.03,-0.02
TS/Ph-10-44470,FLBay-2,Seagrass,LTER155FB0212c.txt,25.02477,-80.68097,10,10/1/21,2021,1.52,23.46116661,28.28230744,10.28681921,5.826619401,18.75604254,13.3870448,,,,9.81,,,,0.364,0.4388,0.1596,0.0904,0.291,0.2077,,,817.25,,
TS/Ph-10-44501,FLBay-2,Seagrass,LTER156FB212sc.txt,25.02477,-80.68097,11,11/1/21,2021,1.6,29.44774994,31.58468114,10.39135171,8.673426632,16.15687589,3.74591469,1.68,0.95,3.23,8.29,1.69,1.77,8.95,0.3514,0.3769,0.124,0.1035,0.1928,0.0447,1,0.14,690.92,-0.02,-0.01
TS/Ph-10-44531,FLBay-2,Seagrass,LTER157FB212sc.txt,25.02477,-80.68097,12,12/1/21,2021,-6.22,22.58112423,27.05131061,15.71248236,6.371129427,18.30400238,9.979950991,1.75,0.99,2.72,7.61,1.18,1.8,11.16,0.3041,0.3643,0.2116,0.0858,0.2465,0.1344,1,0.09,634.5,-0.03,-0.02
TS/Ph-10-44562,FLBay-2,Seagrass,LTER158FB212sc.txt,25.02477,-80.68097,1,1/1/22,2022,-6.9,,,,,,,1.69,0.95,2.46,12.08,0.71,0.03,60.23,,,,,,,1,0.04,1006.67,-0.04,-0.01
TS/Ph-10-44593,FLBay-2,Seagrass,LTER159FB212sc.txt,25.02477,-80.68097,2,2/1/22,2022,-13.89,,,,,,,1.37,0.87,2.48,6.59,37.91,0.99,8.29,,,,,,,1,0.03,549.5,-0.03,-0.03
TS/Ph-10-44682,FLBay-2,Seagrass,LTER162FB021c.txt,25.02477,-80.68097,5,5/1/22,2022,-6.45,,,,,,,1.57,0.95,2.41,3.63,1.65,1.38,9.77,,,,,,,1,0.06,302.6,-0.03,-0.02
TS/Ph-10-44713,FLBay-2,Seagrass,LTER163FB0212c.txt,25.02477,-80.68097,6,6/1/22,2022,-5.73,,,,,,,1.91,0.9,4.69,7.41,0.41,0.13,31.29,,,,,,,1,0.03,617.1,-0.03,-0.04
TS/Ph-10-44743,FLBay-2,Seagrass,LTER164FB021c.txt,25.02477,-80.68097,7,7/1/22,2022,-11.98,,,,,,,1.67,1.04,3.94,6.57,0.3,2.07,5.47,,,,,,,1,0.02,547.6,-0.02,-0.01
TS/Ph-11-43497,FLBay-3,Seagrass,LTER122FB027c.txt,24.91293,-80.93798,2,2/1/19,2019,-17.18,,,,,,,1.62,1,4.17,3.07,1.96,1.17,9.97,,,,,,,1,0.06,255.67,-0.0244,-0.0209
TS/Ph-11-43497,FLBay-3,Seagrass,LTER122FB272sc.txt,24.91293,-80.93798,2,2/1/19,2019,-17.18,,,,,,,1.79,0.73,6.73,3.07,0.88,1.64,5.81,,,,,,,2,0.03,255.67,-0.02,-0.01
TS/Ph-11-43525,FLBay-3,Seagrass,LTE123FB271sc.txt,24.91293,-80.93798,3,3/1/19,2019,-11.54,,,,,,,1.89,0.74,7.05,3.54,0.86,1.64,5.75,,,,,,,2,0.03,294.75,-0.02,-0.01
TS/Ph-11-43525,FLBay-3,Seagrass,LTER123FB027c.txt,24.91293,-80.93798,3,3/1/19,2019,-11.54,,,,,,,1.54,0.88,9.06,3.54,1.98,1.44,7.61,,,,,,,1,0.07,294.75,-0.0232,-0.0161
TS/Ph-11-43525,FLBay-3,Seagrass,LTER123FB272sc.txt,24.91293,-80.93798,3,3/1/19,2019,-11.54,,,,,,,1.88,0.88,3.44,9.07,0.47,2.14,7.59,,,,,,,2,0.04,755.83,-0.03,-0.01
TS/Ph-11-43556,FLBay-3,Seagrass,LTER124FB027c.txt,24.91293,-80.93798,4,4/1/19,2019,-13.26,,,,,,,1.51,0.88,7.36,5.66,2.3,1.84,6.16,,,,,,,1,0.13,472,-0.0212,-0.0116
TS/Ph-11-43556,FLBay-3,Seagrass,LTER124FB272sc.txt,24.91293,-80.93798,4,4/1/19,2019,-13.26,,,,,,,1.75,0.89,9.23,5.66,0.75,1.37,7.96,,,,,,,2,0.04,472,-0.02,-0.02
TS/Ph-11-43678,FLBay-3,Seagrass,LTER128FB272sc.txt,24.91293,-80.93798,8,8/1/19,2019,-1.72,,,,,,,1.64,0.93,4.67,3.78,2.18,1.47,7.16,,,,,,,1,0.08,314.83,-0.02,-0.01
TS/Ph-11-43709,FLBay-3,Seagrass,LTER129FB272sc.txt,24.91293,-80.93798,9,9/1/19,2019,1.51,,,,,,,1.62,0.9,3.71,2.28,2.23,1.6,8.39,,,,,,,1,0.05,190.25,-0.02,-0.01
TS/Ph-11-43739,FLBay-3,Seagrass,LTER130FB272sc.txt,24.91293,-80.93798,10,10/1/19,2019,11.17,,,,,,,1.54,0.94,3.82,5.18,1.88,1.42,8.32,,,,,,,1,0.1,431.92,-0.02,-0.02
TS/Ph-11-43770,FLBay-3,Seagrass,LTER131FB272sc.txt,24.91293,-80.93798,11,11/1/19,2019,5.67,,,,,,,1.62,0.92,3.8,6.39,1.67,1.32,8.74,,,,,,,1,0.11,532.67,-0.02,-0.02
TS/Ph-11-43800,FLBay-3,Seagrass,LTER132FB272sc.txt,24.91293,-80.93798,12,12/1/19,2019,-9.59,,,,,,,1.55,0.89,2.8,2.2,1.95,1.5,6.34,,,,,,,1,0.04,183.58,-0.02,-0.01
TS/Ph-11-43831,FLBay-3,Seagrass,LTER133FB271sc.txt,24.91293,-80.93798,1,1/1/20,2020,-15.92,,,,,,,1.52,0.87,4.68,4.08,2,1.24,9.25,,,,,,,1,0.08,339.92,-0.03,-0.02
TS/Ph-11-43862,FLBay-3,Seagrass,LTER134FB272sc.txt,24.91293,-80.93798,2,2/1/20,2020,-20.16,,,,,,,1.57,0.92,4.33,3.49,2.31,1.21,9.5,,,,,,,1,0.08,291.08,-0.02,-0.02
TS/Ph-11-43922,FLBay-3,Seagrass,LTER136FB272sc.txt,24.91293,-80.93798,4,4/1/20,2020,-14.03,,,,,,,1.65,0.96,3.72,4.47,1.82,1.26,10.51,,,,,,,1,0.08,372.42,-0.03,-0.02
TS/Ph-11-43952,FLBay-3,Seagrass,LTER137FB272sc.txt,24.91293,-80.93798,5,5/1/20,2020,-12.63,,,,,,,1.55,0.88,5.41,3.19,2.04,1.55,5.77,,,,,,,1,0.07,266,-0.02,-0.01
TS/Ph-11-43983,FLBay-3,Seagrass,LTER138FB272sc.txt,24.91293,-80.93798,6,6/1/20,2020,-8.93,,,,,,,1.63,0.92,3.69,5.57,2.03,1.42,8.28,,,,,,,1,0.11,464.08,-0.02,-0.02
TS/Ph-11-44013,FLBay-3,Seagrass,LTER139FB272sc.txt,24.91293,-80.93798,7,7/1/20,2020,-8.68,,,,,,,1.69,0.84,3.2,1.82,2.59,1.67,3.15,,,,,,,1,0.05,151.58,-0.01,-0.01
TS/Ph-11-44075,FLBay-3,Seagrass,LTER141FB272sc.txt,24.91293,-80.93798,9,9/1/20,2020,5.5,,,,,,,1.6,0.87,2.25,1.61,1.81,1.11,5.32,,,,,,,1,0.03,134.25,-0.02,-0.02
TS/Ph-11-44105,FLBay-3,Seagrass,LTER142FB272sc.txt,24.91293,-80.93798,10,10/1/20,2020,8.04,26.73915135,27.78793419,9.496776677,9.054171077,13.68228615,13.23968055,1.47,0.88,4.05,3,2.04,1.27,6.17,0.2779,0.2888,0.0987,0.0941,0.1422,0.1376,1,0.06,250.08,-0.02,-0.02
TS/Ph-11-44136,FLBay-3,Seagrass,LTER143FB272sc.txt,24.91293,-80.93798,11,11/1/20,2020,-1.7,,,,,,,1.53,0.92,4.57,2.49,2.04,1.51,6.02,,,,,,,1,0.05,207.5,-0.02,-0.01
TS/Ph-11-44197,FLBay-3,Seagrass,LTER146FB272sc.txt,24.91293,-80.93798,1,1/1/21,2021,-18.51,,,,,,,1.52,0.8,15,3.43,1.46,1.31,9.44,,,,,,,1,0.05,286,-0.03,-0.02
TS/Ph-11-44228,FLBay-3,Seagrass,LTER147FB272sc.txt,24.91293,-80.93798,2,2/1/21,2021,-16.06,,,,,,,1.46,0.85,6.86,3.4,2.35,1.48,6.95,,,,,,,1,0.08,283.08,-0.02,-0.02
TS/Ph-11-44256,FLBay-3,Seagrass,LTER148FB272sc.txt,24.91293,-80.93798,3,3/1/21,2021,-15.12,,,,,,,,,,26.13,,,,,,,,,,,,2177.73,,
TS/Ph-11-44287,FLBay-3,Seagrass,LTER149FB272sc.txt,24.91293,-80.93798,4,4/1/21,2021,-14.09,,,,,,,,,,16.55,,,,,,,,,,,,1378.75,,
TS/Ph-11-44317,FLBay-3,Seagrass,LTER150FB1502c.txt,24.91293,-80.93798,5,5/1/21,2021,-18.04,26.66976744,31.80465116,12.4,7.851162791,14.82790698,6.446511628,1.57,0.91,9.87,,,1.45,7.22,0.2867,0.3419,0.1333,0.0844,0.1594,0.0693,1,0.08,,-0.02,-0.02
TS/Ph-11-44348,FLBay-3,Seagrass,LTER151FB0272c.txt,24.91293,-80.93798,6,6/1/21,2021,-16.63,,,,,,,1.65,0.88,4.63,3.14,1.59,1.19,7.31,,,,,,,1,0.05,262.08,-0.02,-0.02
TS/Ph-11-44378,FLBay-3,Seagrass,LTER152FB272sc.txt,24.91293,-80.93798,7,7/1/21,2021,-13.14,,,,,,,1.6,0.89,3.99,4.3,2.09,1.02,10.5,,,,,,,1,0.09,358.67,-0.02,-0.02
TS/Ph-11-44409,FLBay-3,Seagrass,LTER153FB272sc.txt,24.91293,-80.93798,8,8/1/21,2021,-6.02,,,,,,,1.61,0.91,2.92,2.34,1.28,0.84,13.76,,,,,,,1,0.03,195.25,-0.03,-0.04
TS/Ph-11-44440,FLBay-3,Seagrass,LTER154FB272sc.txt,24.91293,-80.93798,9,9/1/21,2021,-1.57,26.24399502,28.53923255,12.84621315,7.917679853,15.81756717,8.635312259,1.58,0.86,4.6,4.18,2.15,1.05,10.2,0.4425,0.4812,0.2166,0.1335,0.2667,0.1456,1,0.09,348.5,-0.02,-0.02
TS/Ph-11-44470,FLBay-3,Seagrass,LTER155FB0272c.txt,24.91293,-80.93798,10,10/1/21,2021,1.52,,,,,,,,,,2.15,,,,,,,,,,,,178.83,,
TS/Ph-11-44501,FLBay-3,Seagrass,LTER156FB272sc.txt,24.91293,-80.93798,11,11/1/21,2021,1.6,,,,,,,1.6,0.86,6.33,3.65,1.37,1.29,8.07,,,,,,,1,0.05,304.17,-0.02,-0.02
TS/Ph-11-44531,FLBay-3,Seagrass,LTER157FB272sc.txt,24.91293,-80.93798,12,12/1/21,2021,-6.22,20.73970382,25.78648788,13.88786562,5.584616518,18.17579017,15.82553599,1.61,0.84,5.39,3.53,2.55,1.2,9.02,0.2815,0.35,0.1885,0.0758,0.2467,0.2148,1,0.09,294.25,-0.02,-0.02
TS/Ph-11-44562,FLBay-3,Seagrass,LTER158FB272sc.txt,24.91293,-80.93798,1,1/1/22,2022,-6.9,25.99367812,29.02683435,13.8812294,7.942699576,16.12751362,7.028044926,1.55,0.89,4.84,3.29,0.92,0.86,11.51,0.3865,0.4316,0.2064,0.1181,0.2398,0.1045,1,0.07,274.25,-0.03,-0.03
TS/Ph-11-44593,FLBay-3,Seagrass,LTER159FB272sc.txt,24.91293,-80.93798,2,2/1/22,2022,-13.89,,,,,,,1.61,0.88,4.51,4.06,184.95,1.48,5.86,,,,,,,1,0.09,337.917,-0.02,-0.01
TS/Ph-11-44621,FLBay-3,Seagrass,LTER160FB027c.txt,24.91293,-80.93798,3,3/1/22,2022,-15.65,,,,,,,1.5,0.83,11.16,3.96,0.25,0.35,3.24,,,,,,,1,0.01,329.58,-0.01,-0.02
TS/Ph-11-44652,FLBay-3,Seagrass,LTER161c.txt,25.02477,-80.68097,4,4/1/22,2022,-14.43,,,,,,,1.55,0.93,3.69,,,1.37,8.72,,,,,,,1,0.11,,-0.02,-0.02
TS/Ph-11-44652,FLBay-3,Seagrass,LTER161FB027c.txt,24.91293,-80.93798,4,4/1/22,2022,-14.43,,,,,,,1.42,0.67,2.5,4.1,0.24,0.02,1.77,,,,,,,1,0.01,342,0,-0.02
TS/Ph-11-44682,FLBay-3,Seagrass,LTER162FB027c.txt,24.91293,-80.93798,5,5/1/22,2022,-6.45,,,,,,,1.48,1.29,0.56,4.91,-0.2,-9.46,-3.04,,,,,,,1,-0.01,409.1,0.13,-0.01
TS/Ph-11-44713,FLBay-3,Seagrass,LTER163FB027c.txt,24.91293,-80.93798,6,6/1/22,2022,-5.73,20.29912214,23.34453235,15.6063726,5.353852823,21.45876233,13.93735775,1.55,0.93,3.69,4.01,2.74,1.37,8.72,0.1873,0.2154,0.144,0.0494,0.198,0.1286,1,0.11,334.1,-0.02,-0.02
TS/Ph-1a-43647,TS/Ph-1a,Marl Marsh,TS1Jul191sc.txt,25.42389,-80.5903,7,7/1/19,2019,115.09,37.43687754,32.98323748,5.475873194,10.59580586,9.559545518,3.948660401,,,,8.36,,,,2.1351,1.8811,0.3123,0.6043,0.5452,0.2252,,,696.5,,
TS/Ph-1a-43739,TS/Ph-1a,Marl Marsh,TS1Oct192sc.txt,25.42389,-80.5903,10,10/1/19,2019,126.24,35.72196803,30.6378402,10.53648577,8.956012906,10.27033925,3.877353847,1.59,0.7,10.91,7.41,2.75,1.07,7.3,1.9596,1.6807,0.578,0.4913,0.5634,0.2127,1,0.2,617.25,-0.02,-0.02
TS/Ph-1a-43770,TS/Ph-1a,Marl Marsh,TS1Nov192sc.txt,25.42389,-80.5903,11,11/1/19,2019,121.1,36.78222288,31.78010568,7.92385441,9.718872545,9.818288933,3.976655559,1.6,0.71,10.58,8.21,2.71,1.1,6.99,1.9979,1.7262,0.4304,0.5279,0.5333,0.216,1,0.22,684.58,-0.02,-0.02
TS/Ph-1a-43800,TS/Ph-1a,Marl Marsh,TS1Dec192sc.txt,25.42389,-80.5903,12,12/1/19,2019,116.55,38.14985907,31.14821484,8.512762293,9.509082368,9.638271218,3.04181021,1.6,0.71,10.49,7.76,2.49,0.98,8.41,1.949,1.5913,0.4349,0.4858,0.4924,0.1554,1,0.19,647,-0.02,-0.02
TS/Ph-1a-43831,TS/Ph-1a,Marl Marsh,TS1Jan202sc.txt,25.42389,-80.5903,1,1/1/20,2020,117.31,34.24206854,30.76528841,11.1495032,9.646700944,8.676244482,5.520194422,1.61,0.7,11.15,8.79,2.31,1.01,7.81,2.0712,1.8609,0.6744,0.5835,0.5248,0.3339,1,0.2,732.67,-0.02,-0.02
TS/Ph-1a-43862,TS/Ph-1a,Marl Marsh,TS1Feb202sc.txt,25.42389,-80.5903,2,2/1/20,2020,113.62,36.66581033,31.92893702,7.728790783,10.09228702,9.722743711,3.86143114,1.62,0.71,10.97,7.77,2.49,1.05,8.01,1.8554,1.6157,0.3911,0.5107,0.492,0.1954,1,0.19,647.58,-0.02,-0.02
TS/Ph-1a-43891,TS/Ph-1a,Marl Marsh,TS1Mar202sc.txt,25.42389,-80.5903,3,3/1/20,2020,77.16,36.25481247,30.18663471,9.793223018,10.18459499,9.324086586,4.256648224,1.63,0.73,10.13,7.95,2.53,1.08,7.71,2.8439,2.3679,0.7682,0.7989,0.7314,0.3339,1,0.2,662.67,-0.02,-0.02
TS/Ph-1a-43983,TS/Ph-1a,Marl Marsh,TS1Jun202sc.txt,25.42389,-80.5903,6,6/1/20,2020,117.64,36.24453276,31.65305267,6.96810529,10.91649857,9.488526293,4.729284416,1.5,0.66,10.78,11.61,3,1.08,6.09,1.8148,1.5849,0.3489,0.5466,0.4751,0.2368,1,0.35,967.5,-0.02,-0.02
TS/Ph-1a-44013,TS/Ph-1a,Marl Marsh,TS1Jul202sc.txt,25.42389,-80.5903,7,7/1/20,2020,121.56,36.49896411,30.98831112,10.05447988,9.679770826,9.8933422,2.885131852,1.56,0.69,11.18,7.82,2.79,1.25,6.22,2.854,2.4231,0.7862,0.7569,0.7736,0.2256,1,0.22,652.08,-0.02,-0.02
TS/Ph-1a-44044,TS/Ph-1a,Marl Marsh,TS1Aug201sc.txt,25.42389,-80.5903,8,8/1/20,2020,135.56,41.2929557,32.48541942,0,13.8752913,6.617674258,5.728659326,1.55,0.69,12.04,8.28,2.88,1.11,6.47,3.3489,2.6346,0,1.1253,0.5367,0.4646,1,0.24,690.33,-0.02,-0.02
TS/Ph-1a-44044,TS/Ph-1a,Marl Marsh,TS1Aug202sc.txt,25.42389,-80.5903,8,8/1/20,2020,135.56,35.76683355,30.44472259,10.92009809,9.925155819,9.239297027,3.703892919,1.52,0.68,10.64,8.28,2.88,1.01,7.08,2.8004,2.3837,0.855,0.7771,0.7234,0.29,1,0.24,690.33,-0.02,-0.02
TS/Ph-1a-44075,TS/Ph-1a,Marl Marsh,TS1Sep20c.txt,25.42389,-80.5903,9,9/1/20,2020,139.42,34.62725674,29.3349126,6.952370697,9.762750799,14.22777359,5.094935573,1.54,0.7,10.93,8.62,2.55,1.02,7.72,1.9295,1.6346,0.3874,0.544,0.7928,0.2839,1,0.22,717.92,-0.02,-0.02
TS/Ph-1a-44105,TS/Ph-1a,Marl Marsh,TS1Oct202sc.txt,25.42389,-80.5903,10,10/1/20,2020,147,36.69002466,31.39935643,7.90251711,9.887130233,10.60257101,3.518400549,1.53,0.68,10.26,7.15,2.65,1.03,7.29,2.2462,1.9223,0.4838,0.6053,0.6491,0.2154,1,0.19,595.83,-0.02,-0.02
TS/Ph-1a-44136,TS/Ph-1a,Marl Marsh,TS1Nov202sc.txt,25.42389,-80.5903,11,11/1/20,2020,151.96,36.69840021,31.58117782,8.015619561,9.800063568,10.52655477,3.378184075,1.53,0.69,9.89,7.44,2.61,1.01,7.73,2.4247,2.0866,0.5296,0.6475,0.6955,0.2232,1,0.19,620.08,-0.02,-0.02
TS/Ph-1a-44166,TS/Ph-1a,Marl Marsh,TS1Dec202sc.txt,25.42389,-80.5903,12,12/1/20,2020,148.96,36.98356429,32.22526587,7.442797293,9.850145021,10.13535288,3.362874637,1.55,0.7,9.73,7.88,2.85,1.05,7.66,2.2952,1.9999,0.4619,0.6113,0.629,0.2087,1,0.23,657.08,-0.02,-0.02
TS/Ph-1a-44197,TS/Ph-1a,Marl Marsh,TS1Jan212sc.txt,25.42389,-80.5903,1,1/1/21,2021,138.51,36.8906587,31.75875228,7.81151485,9.922017588,9.849012776,3.768043803,1.56,0.7,11.75,8.86,2.6,1.04,7.97,2.2234,1.9141,0.4708,0.598,0.5936,0.2271,1,0.23,738.08,-0.02,-0.02
TS/Ph-1a-44228,TS/Ph-1a,Marl Marsh,TS1Feb212sc.txt,25.42389,-80.5903,2,2/1/21,2021,136.76,36.29499163,31.51855469,9.097726004,9.511021205,9.674944196,3.902762277,1.57,0.71,9.85,8.48,2.36,1.02,8.05,2.0813,1.8074,0.5217,0.5454,0.5548,0.2238,1,0.2,706.92,-0.02,-0.02
TS/Ph-1a-44256,TS/Ph-1a,Marl Marsh,TS1Mar212sc.txt,25.42389,-80.5903,3,3/1/21,2021,121.35,35.57033213,31.26442283,8.854549495,9.56564845,10.3519598,4.393087298,1.63,0.73,10.13,7.95,2.53,1.08,7.71,2.0809,1.829,0.518,0.5596,0.6056,0.257,1,0.2,662.67,-0.02,-0.02
TS/Ph-1a-44378,TS/Ph-1a,Marl Marsh,TS1Jul212sc.txt,25.42389,-80.5903,7,7/1/21,2021,105.5,35.23198404,30.12781916,11.63274785,9.781692443,9.724922156,3.500834351,1.54,0.62,12.19,,,1.07,4.95,2.048,1.7513,0.6762,0.5686,0.5653,0.2035,1,0.3,,-0.02,-0.01
TS/Ph-1a-44409,TS/Ph-1a,Marl Marsh,TS1Aug212sc.txt,25.42389,-80.5903,8,8/1/21,2021,118.52,35.96703425,29.9744749,10.49198378,9.968135333,10.07157038,3.526801355,1.58,0.67,11.83,7.91,2.91,1.01,6.41,2.1559,1.7967,0.6289,0.5975,0.6037,0.2114,1,0.23,659.17,-0.02,-0.02
TS/Ph-1a-44440,TS/Ph-1a,Marl Marsh,TS1Sep212sc.txt,25.42389,-80.5903,9,9/1/21,2021,131.25,34.52214136,30.53232684,12.1683316,9.313082915,9.418553843,4.045563441,1.57,0.67,12.1,7.47,2.95,0.98,6.57,2.2912,2.0264,0.8076,0.6181,0.6251,0.2685,1,0.22,622.58,-0.02,-0.02
TS/Ph-1a-44531,TS/Ph-1a,Marl Marsh,TS1Dec7212sc.txt,25.42389,-80.5903,12,12/1/21,2021,126.29,34.32461427,30.56353138,11.22960906,9.131353927,10.00378633,4.747105039,,,,7.42,,,,2.1757,1.9373,0.7118,0.5788,0.6341,0.3009,,,618.42,,
TS/Ph-1a-44562,TS/Ph-1a,Marl Marsh,TS1Jan4222sc.txt,25.42389,-80.5903,1,1/1/22,2022,127.26,34.4201252,29.9209828,12.10179878,9.814844678,9.959978303,3.782270242,1.6,0.7,11.07,7.63,2.62,1.01,7.57,2.3479,2.041,0.8255,0.6695,0.6794,0.258,1,0.2,635.5,-0.02,-0.02
TS/Ph-1a-44593,TS/Ph-1a,Marl Marsh,TS1Feb1222sc.txt,25.42389,-80.5903,2,2/1/22,2022,123.62,36.25349487,31.33557961,8.258656535,9.722919206,9.118933257,5.310416517,1.58,0.69,11.94,8.41,2.26,0.98,7.81,2.0228,1.7484,0.4608,0.5425,0.5088,0.2963,1,0.19,700.83,-0.02,-0.02
TS/Ph-1a-44652,TS/Ph-1a,Marl Marsh,TS1Apr5222sc.txt,25.42389,-80.5903,4,4/1/22,2022,85.31,36.51334283,30.10342168,11.94383066,9.551795824,8.864715035,3.022893976,,,,,,,,5.5853,4.6048,1.827,1.4611,1.356,0.4624,,,,,
TS/Ph-1a-44713,TS/Ph-1a,Marl Marsh,TS1Jun15222sc.txt,25.42389,-80.5903,6,6/1/22,2022,129.22,36.93682833,31.98022871,7.119729953,9.859809865,10.00447782,4.098925324,1.51,0.69,9.17,8.35,2.4,0.92,7.07,2.1447,1.8569,0.4134,0.5725,0.5809,0.238,1,0.2,695.42,-0.02,-0.02
TS/Ph-1a-44743,TS/Ph-1a,Marl Marsh,TS1Jul7222sc.txt,25.42389,-80.5903,7,7/1/22,2022,120.46,39.17525773,30.01591764,6.807396498,11.93674596,7.348893947,4.715788221,1.61,0.7,10.4,6.93,2.63,0.99,7.12,2.6334,2.0177,0.4576,0.8024,0.494,0.317,1,0.18,577.75,-0.02,-0.02
TS/Ph-1a-44805,TS/Ph-1a,Marl Marsh,TS1Sep7222sc.txt,25.42389,-80.5903,9,9/1/22,2022,129.88,36.99402787,30.84563703,10.04479098,9.223623092,9.005889184,3.886031851,1.57,0.69,8.78,8.57,2.33,1.02,6.6,1.784,1.4875,0.4844,0.4448,0.4343,0.1874,1,0.2,713.92,-0.02,-0.02
TS/Ph-1a-44835,TS/Ph-1a,Marl Marsh,TS1Oct4222sc.txt,25.42389,-80.5903,10,10/1/22,2022,136.45,35.75984397,30.42187198,10.7567691,9.658601725,9.634002776,3.768910442,1.55,0.76,8.19,7.87,3.05,1.05,7.62,2.0352,1.7314,0.6122,0.5497,0.5483,0.2145,1,0.24,655.5,-0.02,-0.02
TS/Ph-1a-44866,TS/Ph-1a,Marl Marsh,TS1Nov16222sc.txt,25.42389,-80.5903,11,11/1/22,2022,124.67,35.43670973,31.19674272,10.95038483,9.521028037,10.07765256,2.817482133,1.6,0.71,12.38,7.99,2.63,1.05,7.46,2.0627,1.8159,0.6374,0.5542,0.5866,0.164,1,0.21,665.83,-0.02,-0.02
TS/Ph-1a-44896,TS/Ph-1a,Marl Marsh,TS1Dec7222sc.txt,25.42389,-80.5903,12,12/1/22,2022,125.5,36.75042339,32.17433381,6.314588878,10.38260809,8.661390108,5.716655722,1.62,0.7,10.01,8.39,2.26,1,8.38,2.1266,1.8618,0.3654,0.6008,0.5012,0.3308,1,0.19,699.58,-0.02,-0.02
TS/Ph-2-40940,TS/Ph-2,Marl Marsh,TS2Feb2012c.txt,25.40357,-80.6069,2,2/1/12,2012,35.97,35.1494239,31.40827734,6.209011845,9.639405129,11.51804992,6.07583187,1.66,0.72,10.06,5.4,2.59,1.19,6.04,1.7419,1.5565,0.3077,0.4777,0.5708,0.3011,1,0.14,450.33,-0.0187,-0.0158
TS/Ph-2-41122,TS/Ph-2,Marl Marsh,TS2Aug2012c.txt,25.40357,-80.6069,8,8/1/12,2012,100.56,35.33866607,31.39280821,8.476835907,9.402658964,10.75436063,4.634670222,1.52,0.63,20.9,8.75,4.8,1.06,5.33,1.9085,1.6954,0.4578,0.5078,0.5808,0.2503,1,0.42,729.17,-0.0169,-0.016
TS/Ph-2-41244,TS/Ph-2,Marl Marsh,TS2Dec2012c.txt,25.40357,-80.6069,12,12/1/12,2012,83.74,35.93278308,32.03622594,7.212033434,9.494477114,9.682935767,5.641544663,1.63,0.73,9.4,7.31,2.19,1.02,7.74,2.0592,1.8359,0.4133,0.5441,0.5549,0.3233,3,0.16,609.08,-0.0189,-0.0186
TS/Ph-2-41306,TS/Ph-2,Marl Marsh,TS2Feb2013c.txt,25.40357,-80.6069,2,2/1/13,2013,34.18,35.67721023,31.0925616,8.112116269,10.58664011,10.67985848,3.851613313,1.63,0.72,11.85,5.35,2.43,0.84,8.83,1.684,1.4676,0.3829,0.4997,0.5041,0.1818,1,0.13,445.67,-0.0208,-0.0247
TS/Ph-2-41365,TS/Ph-2,Marl Marsh,TS2April2013c.txt,25.40357,-80.6069,4,4/1/13,2013,32.86,34.83286643,31.19373351,6.035303397,9.750591563,10.48222591,7.705279191,1.63,0.7,9.95,5.41,3.14,1.08,5.77,1.2807,1.1469,0.2219,0.3585,0.3854,0.2833,1,0.17,451.08,-0.018,-0.0167
TS/Ph-2-41487,TS/Ph-2,Marl Marsh,TS2Aug2013c.txt,25.40357,-80.6069,8,8/1/13,2013,99.66,38.99555049,29.67467783,9.605702761,14.1214146,6.246247171,1.356407138,1.55,0.74,7.12,10.11,2.27,1.03,8.15,2.5328,1.9274,0.6239,0.9172,0.4057,0.0881,1,0.23,842.5,-0.0202,-0.0196
TS/Ph-2-41671,TS/Ph-2,Marl Marsh,TS2FEB2014c.txt,25.40357,-80.6069,2,2/1/14,2014,62.49,31.44377911,28.7744511,12.35928144,8.396540253,12.17298736,6.852960745,1.6,0.73,6.65,7.07,2.4,0.97,7.3,1.1815,1.0812,0.4644,0.3155,0.4574,0.2575,1,0.17,589.25,-0.0193,-0.0199
TS/Ph-2-43070,TS/Ph-2,Marl Marsh,TS2Dec2017c.txt,25.40357,-80.6069,12,12/1/17,2017,107.31,33.26694021,30.00039836,11.26558579,9.825518862,11.1341274,4.507429391,1.57,0.73,7.03,8.77,2.17,1,9.29,1.6702,1.5062,0.5656,0.4933,0.559,0.2263,1,0.19,731.08,-0.0219,-0.0219
TS/Ph-2-43101,TS/Ph-2,Marl Marsh,TS2Jan2018c.txt,25.40357,-80.6069,1,1/1/18,2018,98.54,32.58680556,29.77777778,10.11458333,9.732638889,11.1875,6.600694444,1.56,0.73,8.64,7.99,2.13,0.98,9.54,0.9385,0.8576,0.2913,0.2803,0.3222,0.1901,1,0.17,665.42,-0.0219,-0.0222
TS/Ph-2-43191,TS/Ph-2,Marl Marsh,TS2April2018c.txt,25.40357,-80.6069,4,4/1/18,2018,25.02,38.97570123,32.85803578,2.492382217,12.70802406,9.182357997,3.783498711,1.63,0.73,9.34,5.93,2.36,1.04,8.19,1.9954,1.6822,0.1276,0.6506,0.4701,0.1937,1,0.14,493.83,-0.0213,-0.0205
TS/Ph-2-43282,TS/Ph-2,Marl Marsh,TS2Jul2018c.txt,25.40357,-80.6069,7,7/1/18,2018,84.66,34.65814081,31.49037497,8.767541102,9.077896539,10.24841812,5.757628456,1.63,0.75,5.08,6.83,1.17,1.86,3.43,2.5908,2.354,0.6554,0.6786,0.7661,0.4304,1,0.08,569.08,-0.0149,-0.008
TS/Ph-2-43313,TS/Ph-2,Marl Marsh,TS2Aug20182sc.txt,25.40357,-80.6069,8,8/1/18,2018,89.73,31.3086104,29.43889018,11.48763853,8.775091064,11.77439355,7.215376269,1.51,0.66,7.58,6.59,6.53,1.18,5.92,1.6159,1.5194,0.5929,0.4529,0.6077,0.3724,1,0.43,549,-0.0186,-0.0158
TS/Ph-2-43647,TS/Ph-2,Marl Marsh,TS2Jul191sc.txt,25.40357,-80.6069,7,7/1/19,2019,78.89,34.82394466,32.34749936,7.19023085,10.05095215,10.74834192,4.839031055,,,,8.36,,,,1.2234,1.1364,0.2526,0.3531,0.3776,0.17,,,696.5,,
TS/Ph-2-43800,TS/Ph-2,Marl Marsh,TS2Dec192sc.txt,25.40357,-80.6069,12,12/1/19,2019,73.52,31.47171962,28.57719523,10.77076507,8.531604692,12.25008311,8.398632284,1.62,0.73,8.43,7.46,2.28,0.94,8.59,1.3254,1.2035,0.4536,0.3593,0.5159,0.3537,1,0.17,621.92,-0.02,-0.02
TS/Ph-2-43831,TS/Ph-2,Marl Marsh,TS2Jan202sc.txt,25.40357,-80.6069,1,1/1/20,2020,74.6,32.41147837,29.48496506,13.25469106,8.763837638,11.22320798,4.861819895,1.62,0.76,6.84,6.98,1.95,1.24,7.31,1.6513,1.5022,0.6753,0.4465,0.5718,0.2477,1,0.14,581.58,-0.02,-0.02
TS/Ph-2-43862,TS/Ph-2,Marl Marsh,TS2Feb202sc.txt,25.40357,-80.6069,2,2/1/20,2020,68.11,37.47058222,32.73917937,5.406732835,11.40284457,10.22817968,2.752481326,1.61,0.7,11.17,7.83,2.39,0.98,7.97,1.831,1.5998,0.2642,0.5572,0.4998,0.1345,1,0.19,652.25,-0.02,-0.02
TS/Ph-2-44013,TS/Ph-2,Marl Marsh,TS2Jul202sc.txt,25.40357,-80.6069,7,7/1/20,2020,87.94,31.99298897,28.14723167,9.351479534,10.2175482,12.26415094,8.02660068,1.57,0.71,6.87,4.92,2.97,1.39,5.37,0.6206,0.546,0.1814,0.1982,0.2379,0.1557,1,0.15,410.08,-0.02,-0.01
TS/Ph-2-44044,TS/Ph-2,Marl Marsh,TS2Aug201sc.txt,25.40357,-80.6069,8,8/1/20,2020,103.18,36.0403153,27.6912338,7.683402285,11.76430529,10.29334151,6.527401808,1.49,0.72,7.74,7.4,2.61,1.2,6.71,2.1169,1.6265,0.4513,0.691,0.6046,0.3834,1,0.19,616.25,-0.02,-0.02
TS/Ph-2-44044,TS/Ph-2,Marl Marsh,TS2Aug202sc.txt,25.40357,-80.6069,8,8/1/20,2020,103.18,32.73818103,30.17620352,11.87842318,8.583165177,10.88390026,5.740126838,1.5,0.72,7.52,7.4,2.49,1.07,7.83,1.8171,1.6749,0.6593,0.4764,0.6041,0.3186,1,0.18,616.25,-0.02,-0.02
TS/Ph-2-44075,TS/Ph-2,Marl Marsh,TS2Sep20c.txt,25.40357,-80.6069,9,9/1/20,2020,106.34,29.90614334,26.2673158,12.51254768,7.804657699,13.90283076,9.606504718,1.52,0.71,8.31,8.5,2.31,1.08,8.18,1.1917,1.0467,0.4986,0.311,0.554,0.3828,1,0.2,708.25,-0.02,-0.02
TS/Ph-2-44105,TS/Ph-2,Marl Marsh,TS2Oct202sc.txt,25.40357,-80.6069,10,10/1/20,2020,119.31,31.04648579,29.84669316,11.30668773,8.677512529,12.14851754,6.974103241,1.56,0.72,5.23,6.37,2.33,1.16,7.77,1.2576,1.209,0.458,0.3515,0.4921,0.2825,1,0.15,530.75,-0.02,-0.02
TS/Ph-2-44136,TS/Ph-2,Marl Marsh,TS2Nov202sc.txt,25.40357,-80.6069,11,11/1/20,2020,122.89,35.98802537,32.08201668,5.949297916,10.2425812,9.993109839,5.744968994,1.52,0.74,6.54,7.29,1.92,1.09,8.52,1.5147,1.3503,0.2504,0.4311,0.4206,0.2418,1,0.14,607.67,-0.02,-0.02
TS/Ph-2-44166,TS/Ph-2,Marl Marsh,TS2Dec202sc.txt,25.40357,-80.6069,12,12/1/20,2020,116.55,31.04742535,28.5846353,14.29046871,8.312840899,11.7629657,6.001664047,1.49,0.75,7.1,6.23,2.32,1.09,8.37,1.6792,1.546,0.7729,0.4496,0.6362,0.3246,1,0.14,519.17,-0.02,-0.02
TS/Ph-2-44197,TS/Ph-2,Marl Marsh,TS2Jan212sc.txt,25.40357,-80.6069,1,1/1/21,2021,103.66,33.24391552,30.45164122,8.898697752,8.662147003,11.77632542,6.967273082,1.56,0.76,8.77,7.07,2.12,1.05,9.16,1.3632,1.2487,0.3649,0.3552,0.4829,0.2857,1,0.15,589.25,-0.02,-0.02
TS/Ph-2-44228,TS/Ph-2,Marl Marsh,TS2Feb212sc.txt,25.40357,-80.6069,2,2/1/21,2021,98.74,36.90661754,32.196755,7.512044778,9.683647442,9.600396769,4.100538472,1.59,0.76,7.28,6.66,1.95,1.1,9.17,2.0836,1.8177,0.4241,0.5467,0.542,0.2315,1,0.13,555.08,-0.02,-0.02
TS/Ph-2-44256,TS/Ph-2,Marl Marsh,TS2Mar212sc.txt,25.40357,-80.6069,3,3/1/21,2021,84.49,34.32412248,30.23749066,5.571321882,9.884988798,9.867064974,10.1150112,1.57,0.77,7.39,7.23,2.07,1.23,7.41,1.149,1.0122,0.1865,0.3309,0.3303,0.3386,1,0.15,602.42,-0.02,-0.02
TS/Ph-2-44287,TS/Ph-2,Marl Marsh,TS2Apr211sc.txt,25.40357,-80.6069,4,4/1/21,2021,52.49,36.6437424,31.00219565,7.584967973,9.963889746,9.524760021,5.280444211,1.65,0.73,9.47,6.95,2.16,1.15,7.68,2.0194,1.7085,0.418,0.5491,0.5249,0.291,1,0.15,579.33,-0.02,-0.02
TS/Ph-2-44378,TS/Ph-2,Marl Marsh,TS2Jul212sc.txt,25.40357,-80.6069,7,7/1/21,2021,66.64,34.34841506,28.97859659,9.100514766,9.715524248,10.02709293,7.829856407,1.59,0.68,10.28,6.93,2.89,1.09,6.31,1.2678,1.0696,0.3359,0.3586,0.3701,0.289,1,0.2,577.75,-0.02,-0.02
TS/Ph-2-44409,TS/Ph-2,Marl Marsh,TS2Aug212sc.txt,25.40357,-80.6069,8,8/1/21,2021,82.02,32.48188628,28.82475746,12.35662532,8.886159892,11.80400344,5.646567604,1.58,0.72,9.97,8.21,2.07,1.01,7.33,1.3225,1.1736,0.5031,0.3618,0.4806,0.2299,1,0.17,683.83,-0.02,-0.02
TS/Ph-2-44562,TS/Ph-2,Marl Marsh,TS2Jan5222sc.txt,25.40357,-80.6069,1,1/1/22,2022,90.57,31.52964875,28.86314994,13.57925217,9.054513408,10.91275337,6.060682362,1.6,0.77,8.55,6.47,2.01,0.93,10.15,1.2522,1.1463,0.5393,0.3596,0.4334,0.2407,1,0.13,538.75,-0.02,-0.02
TS/Ph-2-44593,TS/Ph-2,Marl Marsh,TS2Feb3222sc.txt,25.40357,-80.6069,2,2/1/22,2022,89.25,32.04310367,29.74813836,10.92078176,9.093450581,9.441634686,8.752890945,1.59,0.75,8.3,6.77,1.62,1.05,9.48,1.2608,1.1705,0.4297,0.3578,0.3715,0.3444,1,0.11,563.75,-0.02,-0.02
TS/Ph-2-44621,TS/Ph-2,Marl Marsh,TS2March3222sc.txt,25.40357,-80.6069,3,3/1/22,2022,67.93,31.69827091,29.90126939,11.89468735,8.922321475,10.68014418,6.903306692,1.61,0.74,8.47,6.56,1.83,1.02,9.3,1.2136,1.1448,0.4554,0.3416,0.4089,0.2643,1,0.12,546.83,-0.02,-0.02
TS/Ph-2-44652,TS/Ph-2,Marl Marsh,TS2Apr5222sc.txt,25.40357,-80.6069,4,4/1/22,2022,61.36,36.03670421,31.78156855,8.16358211,9.408903531,10.17127482,4.43796678,1.67,0.74,7.49,5.99,2.17,1.1,6.62,2.0893,1.8426,0.4733,0.5455,0.5897,0.2573,1,0.13,498.92,-0.02,-0.02
TS/Ph-2-44682,TS/Ph-2,Marl Marsh,TS2May4222sc.txt,25.40357,-80.6069,5,5/1/22,2022,45.86,33.58330719,30.66520238,9.397552557,9.607781613,10.18198933,6.564166928,1.64,0.72,8.95,6.28,1.91,1,7.35,1.0703,0.9773,0.2995,0.3062,0.3245,0.2092,1,0.12,523.08,-0.02,-0.02
TS/Ph-2-44713,TS/Ph-2,Marl Marsh,TS2Jun06222sc.txt,25.40357,-80.6069,6,6/1/22,2022,104.19,32.00807403,29.74235689,9.981402522,8.790710333,10.49169917,8.985757053,1.54,0.72,6.13,6.58,1.82,0.94,6.27,1.4113,1.3114,0.4401,0.3876,0.4626,0.3962,1,0.12,548.08,-0.02,-0.02
TS/Ph-2-44743,TS/Ph-2,Marl Marsh,TS2Jul6222sc.txt,25.40357,-80.6069,7,7/1/22,2022,85.62,36.84104668,31.13296728,8.475633058,9.589895211,9.294233593,4.66622418,1.54,0.74,6.07,7.42,2.29,1.1,8.22,1.8317,1.5479,0.4214,0.4768,0.4621,0.232,1,0.17,618.42,-0.02,-0.02
TS/Ph-2-44774,TS/Ph-2,Marl Marsh,TS2Aug2222sc.txt,25.40357,-80.6069,8,8/1/22,2022,94.32,35.96185795,31.22823786,8.638856649,9.537789308,9.6356478,4.997610432,1.6,0.75,6.13,8.53,1.88,1.08,8.64,1.5802,1.3722,0.3796,0.4191,0.4234,0.2196,1,0.16,710.75,-0.02,-0.02
TS/Ph-2-44866,TS/Ph-2,Marl Marsh,TS2Nov2222sc.txt,25.40357,-80.6069,11,11/1/22,2022,86.07,31.30163547,28.55336368,13.31984488,8.025628056,11.81363458,6.985893329,1.6,0.78,7.22,9.89,1.67,1.03,9.56,1.1139,1.0161,0.474,0.2856,0.4204,0.2486,1,0.17,824.17,-0.02,-0.02
TS/Ph-2-44896,TS/Ph-2,Marl Marsh,TS2Dec1222sc.txt,25.40357,-80.6069,12,12/1/22,2022,84.8,,,,,,,1.65,0.76,7.15,7.87,1.9,0.96,8.92,,,,,,,1,0.15,655.58,-0.02,-0.02
TS/Ph-3-43647,TS/Ph-3,Marl Marsh,TS3Jul191sc.txt,25.25241,-80.66272,7,7/1/19,2019,0.29,35.90051071,30.14023306,8.291244604,8.288423013,9.768347394,7.611241218,1.49,0.66,7.37,9.85,2.81,1.09,6.67,2.5447,2.1364,0.5877,0.5875,0.6924,0.5395,1,0.28,820.42,-0.02,-0.02
TS/Ph-3-44044,TS/Ph-3,Marl Marsh,TS3Aug202sc.txt,25.25241,-80.66272,8,8/1/20,2020,4.12,35.66733937,30.83342424,7.871986473,8.473328243,9.313297698,7.840623977,1.54,0.66,7.81,13.1,2.58,1.04,6.93,2.6157,2.2612,0.5773,0.6214,0.683,0.575,1,0.34,1091.67,-0.02,-0.02
TS/Ph-3-44075,TS/Ph-3,Marl Marsh,TS3Sep20c.txt,25.25241,-80.66272,9,9/1/20,2020,13.39,34.62527362,30.09798131,8.783572496,8.238073729,9.556651958,8.698446892,1.5,0.66,7.08,8.17,2.89,1.02,6.3,1.9931,1.7325,0.5056,0.4742,0.5501,0.5007,1,0.24,680.75,-0.02,-0.02
TS/Ph-3-44105,TS/Ph-3,Marl Marsh,TS3Oct202sc.txt,25.25241,-80.66272,10,10/1/20,2020,23.23,35.2193837,28.75723733,9.071701013,8.380210191,10.47937876,8.092089016,1.48,0.65,6.61,5.84,2.77,1.03,6.21,1.2835,1.048,0.3306,0.3054,0.3819,0.2949,1,0.16,486.25,-0.02,-0.02
TS/Ph-3-44136,TS/Ph-3,Marl Marsh,TS3Nov202sc.txt,25.25241,-80.66272,11,11/1/20,2020,24.37,34.72771811,30.0986119,9.084437745,8.324435232,8.200908653,9.563888365,1.47,0.66,5.94,4.9,2.68,1.08,5.7,1.6587,1.4376,0.4339,0.3976,0.3917,0.4568,1,0.13,408.17,-0.02,-0.02
TS/Ph-3-44166,TS/Ph-3,Marl Marsh,TS3Dec202sc.txt,25.25241,-80.66272,12,12/1/20,2020,12.53,33.84946449,28.96435727,12.03591481,7.897796136,10.18575775,7.06670954,1.49,0.66,6.08,5.48,2.83,1.05,6.48,1.3685,1.171,0.4866,0.3193,0.4118,0.2857,1,0.16,456.5,-0.02,-0.02
TS/Ph-3-44197,TS/Ph-3,Marl Marsh,TS3Jan212sc.txt,25.25241,-80.66272,1,1/1/21,2021,4.36,34.74638719,30.41716134,7.035247881,8.934785279,9.653252548,9.213165759,1.52,0.69,7.93,7.28,2.47,1.1,6.9,1.6975,1.486,0.3437,0.4365,0.4716,0.4501,1,0.18,607,-0.02,-0.02
TS/Ph-3-44228,TS/Ph-3,Marl Marsh,TS3Feb212sc.txt,25.25241,-80.66272,2,2/1/21,2021,0.14,35.41753447,30.90785522,7.186547695,9.164054107,10.38300485,6.941003661,1.57,0.71,7.06,8.73,2.52,1.04,7.32,1.6155,1.4098,0.3278,0.418,0.4736,0.3166,1,0.22,727.58,-0.02,-0.02
TS/Ph-3-44256,TS/Ph-3,Marl Marsh,TS3Mar212sc.txt,25.25241,-80.66272,3,3/1/21,2021,-5.24,32.36276297,29.53848747,11.00635225,6.128920118,10.49332645,10.47015075,1.55,0.71,7.78,9.65,2.28,1.1,7.39,3.0721,2.804,1.0448,0.5818,0.9961,0.9939,1,0.22,804.17,-0.02,-0.02
TS/Ph-3-44287,TS/Ph-3,Marl Marsh,TS3Apr211sc.txt,25.25241,-80.66272,4,4/1/21,2021,-8.49,32.65535005,29.85154067,12.81578497,8.403824586,10.56893569,5.704564031,1.59,0.71,7.11,6.95,3.88,1.11,7.49,1.7179,1.5704,0.6742,0.4421,0.556,0.3001,1,0.27,579.33,-0.02,-0.02
TS/Ph-3-44348,TS/Ph-3,Marl Marsh,TS3Jun212sc.txt,25.25241,-80.66272,6,6/1/21,2021,-13.3,35.80842493,30.17688699,8.396744086,8.443162414,9.107939192,8.066842393,1.57,0.67,5.84,,,1.03,7.17,2.16,1.8203,0.5065,0.5093,0.5494,0.4866,1,0.48,,-0.02,-0.02
TS/Ph-3-44378,TS/Ph-3,Marl Marsh,TS3Jul212sc.txt,25.25241,-80.66272,7,7/1/21,2021,-8.06,33.01953988,30.03632565,10.80984829,6.875756784,11.5494195,7.709109903,1.56,0.68,6.69,12.34,2.59,1.02,7.08,2.7815,2.5302,0.9106,0.5792,0.9729,0.6494,1,0.32,1028.13,-0.02,-0.02
TS/Ph-3-44409,TS/Ph-3,Marl Marsh,TS3Aug212sc.txt,25.25241,-80.66272,8,8/1/21,2021,4.95,35.04309559,30.44623313,10.77731667,7.605572784,9.786574243,6.341207588,1.49,0.65,7.16,8.18,2.57,1.02,6.56,3.0737,2.6705,0.9453,0.6671,0.8584,0.5562,1,0.21,681.75,-0.02,-0.02
TS/Ph-3-44501,TS/Ph-3,Marl Marsh,TS3Nov212sc.txt,25.25241,-80.66272,11,11/1/21,2021,13.29,34.42094449,28.01572962,9.466114004,8.360789315,9.93729408,9.799128494,,,,6.64,,,,0.9716,0.7908,0.2672,0.236,0.2805,0.2766,,,553.67,,
TS/Ph-3-44562,TS/Ph-3,Marl Marsh,TS3Jan13222sc.txt,25.25241,-80.66272,1,1/1/22,2022,2.36,34.42657788,29.7389672,8.886448962,8.463200397,11.1142594,7.37054615,1.54,0.7,6.37,9.41,2.02,1.01,7.51,1.944,1.6793,0.5018,0.4779,0.6276,0.4162,1,0.19,784.58,-0.02,-0.02
TS/Ph-3-44593,TS/Ph-3,Marl Marsh,TS3Feb16222Sc.txt,25.25241,-80.66272,2,2/1/22,2022,-0.51,33.82769464,30.74778653,8.746849841,8.691094806,8.619728361,9.366845826,1.55,0.7,8.1,8.99,2.22,1.02,7.61,1.5168,1.3787,0.3922,0.3897,0.3865,0.42,1,0.2,749.08,-0.02,-0.02
TS/Ph-3-44621,TS/Ph-3,Marl Marsh,TS3Marc10222sc.txt,25.25241,-80.66272,3,3/1/22,2022,-5.77,34.89519817,30.83269817,9.43597561,8.727134146,9.428353659,6.680640244,1.55,0.7,7.51,12.21,2.05,1.01,7.7,1.8313,1.6181,0.4952,0.458,0.4948,0.3506,1,0.25,1017.5,-0.02,-0.02
TS/Ph-3-44682,TS/Ph-3,Marl Marsh,TS3May19222sc.txt,25.25241,-80.66272,5,5/1/22,2022,-7.38,35.18515014,30.73662699,8.056916876,8.987871104,10.23671214,6.796722738,1.55,0.68,6.84,21.33,2.06,1.04,7.51,1.8595,1.6244,0.4258,0.475,0.541,0.3592,1,0.44,1777.5,-0.02,-0.02
TS/Ph-3-44713,TS/Ph-3,Marl Marsh,TS3Jun16222sc.txt,25.25241,-80.66272,6,6/1/22,2022,12.95,33.99870418,30.38971065,10.35414455,7.048427786,8.985263506,9.223749328,1.48,0.64,6.82,8.35,3.59,0.96,6.15,2.4663,2.2045,0.7511,0.5113,0.6518,0.6691,1,0.3,695.42,-0.02,-0.02
TS/Ph-3-44743,TS/Ph-3,Marl Marsh,TS3Jul13222sc.txt,25.25241,-80.66272,7,7/1/22,2022,3.56,34.78182065,29.19026689,9.413657166,8.903892338,10.32670261,7.383660338,1.52,0.69,7.93,10.39,1.73,1.1,6.9,1.5352,1.2884,0.4155,0.393,0.4558,0.3259,1,0.18,865.83,-0.02,-0.02
TS/Ph-3-44774,TS/Ph-3,Marl Marsh,TS3Aug16222sc.txt,25.25241,-80.66272,8,8/1/22,2022,-1.41,34.3719484,30.68175978,9.375803053,7.818522897,10.45510613,7.296859742,1.56,0.68,7.32,10.76,2.42,0.98,7.41,2.6751,2.3879,0.7297,0.6085,0.8137,0.5679,1,0.26,896.33,-0.02,-0.02
TS/Ph-3-44805,TS/Ph-3,Marl Marsh,TS3Sep14222sc.txt,25.25241,-80.66272,9,9/1/22,2022,12.12,35.98506777,28.98009702,8.941369054,9.256782385,9.57618829,7.260495478,1.54,0.65,8.43,9,2.67,0.95,7.83,1.8026,1.4517,0.4479,0.4637,0.4797,0.3637,1,0.24,749.65,-0.02,-0.02
TS/Ph-3-44835,TS/Ph-3,Marl Marsh,TS3Oct10222sc.txt,25.25241,-80.66272,10,10/1/22,2022,21.94,35.27378767,28.31839292,8.739604709,9.363862188,7.702775678,10.60157684,1.44,0.66,7.14,9.06,1.99,1,6.85,1.633,1.311,0.4046,0.4335,0.3566,0.4908,1,0.18,755.25,-0.02,-0.02
TS/Ph-3-44866,TS/Ph-3,Marl Marsh,TS3Nov15222sc.txt,25.25241,-80.66272,11,11/1/22,2022,12.87,34.64216771,30.98854896,9.017312998,7.498256572,9.959269478,7.894444276,1.48,0.64,6.58,9.13,2.08,1,6.81,3.4276,3.0661,0.8922,0.7419,0.9854,0.7811,1,0.19,760.5,-0.02,-0.02
TS/Ph-3-44896,TS/Ph-3,Marl Marsh,TS3Dec6222sc.txt,25.25241,-80.66272,12,12/1/22,2022,7.75,34.66242793,28.58990247,8.381378307,8.726224473,9.537151786,10.10291503,1.54,0.68,6.59,8.44,2.25,1.01,7.56,1.2866,1.0612,0.3111,0.3239,0.354,0.375,1,0.19,703.08,-0.02,-0.02
TS/Ph-4-44835,TS/Ph-4,Marl Marsh,TS4Oct6222sc.txt,25.31472,-80.52209,10,10/1/22,2022,#N/A,34.00334459,29.47830934,11.54539791,7.828638883,9.341902482,7.802406794,,,,,,,,2.074,1.798,0.7042,0.4775,0.5698,0.4759,,655.5,7.87,,
TS/Ph-6a-43556,TS/Ph-6a,Scrub Mangrove,TS6Apr191sc.txt,25.21418,-80.64908,4,4/1/19,2019,-4.4,36.70779943,28.47456391,8.132985801,9.592986166,9.711463099,7.380201593,1.49,0.66,9.31,16.6,3.13,1.16,6.11,2.0139,1.5622,0.4462,0.5263,0.5328,0.4049,1,0.52,1383.33,-0.02,-0.02
TS/Ph-6a-43556,TS/Ph-6a,Scrub Mangrove,TS6Apr192sc.txt,25.21418,-80.64908,4,4/1/19,2019,-4.4,32.563586,28.66028708,9.090909091,9.418282548,11.95416772,8.312767565,1.54,0.61,9.2,17.09,1.52,1.1,5.7,1.2931,1.1381,0.361,0.374,0.4747,0.3301,1,0.26,1424.17,-0.02,-0.02
TS/Ph-6a-43678,TS/Ph-6a,Scrub Mangrove,TS6Aug191sc.txt,25.21418,-80.64908,8,8/1/19,2019,8.74,38.91847037,28.31523869,5.628932992,12.87831639,7.917848005,6.341193555,,,,,,,,1.6884,1.2284,0.2442,0.5587,0.3435,0.2751,,,,,
TS/Ph-6a-43709,TS/Ph-6a,Scrub Mangrove,TS61909262sc.txt,25.21418,-80.64908,9,9/1/19,2019,9.13,29.78898732,26.88719503,10.83316166,7.781276671,13.27584685,11.43353248,1.52,0.75,5.21,11.55,2.17,1.38,7.57,1.0122,0.9136,0.3681,0.2644,0.4511,0.3885,1,0.25,962.5,-0.02,-0.02
TS/Ph-6a-43739,TS/Ph-6a,Scrub Mangrove,TS6Oct192sc.txt,25.21418,-80.64908,10,10/1/19,2019,18.77,35.55460202,28.4102124,9.560180219,9.658871487,9.54301652,7.273117357,1.52,0.65,5.58,5.74,2.99,1.16,5.75,0.8286,0.6621,0.2228,0.2251,0.2224,0.1695,1,0.17,478.33,-0.02,-0.02
TS/Ph-6a-43770,TS/Ph-6a,Scrub Mangrove,TS6Nov192sc.txt,25.21418,-80.64908,11,11/1/19,2019,12.07,36.42205754,30.15360042,6.580486989,10.39542356,10.89690013,5.551531361,1.45,0.6,8.72,5.26,4.78,1.13,4.9,1.961,1.6235,0.3543,0.5597,0.5867,0.2989,1,0.25,438.25,-0.02,-0.02
TS/Ph-6a-43831,TS/Ph-6a,Scrub Mangrove,TS6Jan202sc.txt,25.21418,-80.64908,1,1/1/20,2020,-8.89,34.54901853,29.1571188,7.890450291,9.436514729,9.585599514,9.381298142,1.54,0.69,6.57,11.62,1.55,1.2,6.72,1.2514,1.0561,0.2858,0.3418,0.3472,0.3398,1,0.18,968.33,-0.02,-0.02
TS/Ph-6a-43891,TS/Ph-6a,Scrub Mangrove,TS6Mar202sc.txt,25.21418,-80.64908,3,3/1/20,2020,-15.46,36.58483228,30.02066116,8.054205153,9.891832766,10.49100632,4.957462324,1.48,0.73,7.2,13.1,1.91,1.18,7.74,3.0102,2.4701,0.6627,0.8139,0.8632,0.4079,1,0.25,1091.67,-0.02,-0.02
TS/Ph-6a-43952,TS/Ph-6a,Scrub Mangrove,May20TS62sc.txt,25.21418,-80.64908,5,5/1/20,2020,-5.9,25.94360959,28.63245715,12.03196462,6.739709504,16.66582902,9.986430115,,,,8.87,,,,0.5162,0.5697,0.2394,0.1341,0.3316,0.1987,,,738.75,,
TS/Ph-6a-43952,TS/Ph-6a,Scrub Mangrove,TS6May202sc.txt,25.21418,-80.64908,5,5/1/20,2020,-5.9,34.75725946,29.97355024,8.065754671,9.453656039,12.05312704,5.696652541,1.48,0.71,7.63,14.14,2.12,1.12,9.01,1.2221,1.0539,0.2836,0.3324,0.4238,0.2003,1,0.3,1178.33,-0.02,-0.02
TS/Ph-6a-43983,TS/Ph-6a,Scrub Mangrove,TS6Jun202sc.txt,25.21418,-80.64908,6,6/1/20,2020,-0.5,40.45410887,30.38781905,3.468799698,11.36689288,7.779999685,6.54237982,1.55,0.79,5.75,13.1,2.09,1.29,8.53,2.5692,1.9299,0.2203,0.7219,0.4941,0.4155,1,0.27,1091.67,-0.02,-0.02
TS/Ph-6a-44013,TS/Ph-6a,Scrub Mangrove,TS6Jul202sc.txt,25.21418,-80.64908,7,7/1/20,2020,1.15,37.41996049,30.75899175,7.399363887,9.072312284,10.39918174,4.950189853,1.59,0.9,3.02,16.25,0.98,1.46,13.08,2.6707,2.1953,0.5281,0.6475,0.7422,0.3533,1,0.16,1354.17,-0.03,-0.02
TS/Ph-6a-44044,TS/Ph-6a,Scrub Mangrove,TS6Aug202sc.txt,25.21418,-80.64908,8,8/1/20,2020,3.68,38.79118923,28.55068254,7.973166687,10.42882707,7.579661398,6.676473068,1.47,0.64,8.01,16.6,2.53,1.19,6.05,4.1403,3.0473,0.851,1.1131,0.809,0.7126,1,0.42,1383.33,-0.02,-0.02
TS/Ph-6a-44075,TS/Ph-6a,Scrub Mangrove,TS6Sep20c.txt,25.21418,-80.64908,9,9/1/20,2020,14.76,40.42998478,28.46616853,5.348000553,11.37228449,9.234467967,5.149093676,1.59,0.88,4.17,12.74,1.81,1.39,9.25,2.3375,1.6458,0.3092,0.6575,0.5339,0.2977,1,0.23,1061.67,-0.0243,-0.0175
TS/Ph-6a-44105,TS/Ph-6a,Scrub Mangrove,TS6Oct202sc.txt,25.21418,-80.64908,10,10/1/20,2020,21.94,40.2438132,29.48734835,3.685003878,11.80284205,8.275892348,6.505100174,1.56,0.81,4.74,8.23,2.07,1.28,10.05,2.7499,2.0149,0.2518,0.8065,0.5655,0.4445,1,0.17,685.96,-0.0249,-0.0195
TS/Ph-6a-44136,TS/Ph-6a,Scrub Mangrove,TS6Nov202sc.txt,25.21418,-80.64908,11,11/1/20,2020,18.47,40.97876797,29.47865236,4.326654969,12.07410128,8.722677874,4.41914555,1.53,0.6,8.7,13.16,3.55,1.19,5.09,3.0128,2.1673,0.3181,0.8877,0.6413,0.3249,1,0.47,1096.67,-0.02,-0.01
TS/Ph-6a-44166,TS/Ph-6a,Scrub Mangrove,TS6Dec202sc.txt,25.21418,-80.64908,12,12/1/20,2020,1.5,35.59657522,30.33357884,7.816240103,9.307678144,9.477996686,7.467931013,1.5,0.66,6.82,5.64,2.87,1.16,5.84,2.3199,1.9769,0.5094,0.6066,0.6177,0.4867,1,0.16,470.25,-0.02,-0.02
TS/Ph-6a-44197,TS/Ph-6a,Scrub Mangrove,TS6Jan212sc.txt,25.21418,-80.64908,1,1/1/21,2021,-9.05,34.0222475,28.61837947,9.975561455,8.673576876,10.8709392,7.839295496,1.54,0.69,6.57,6.8,2.65,1.2,6.72,1.6149,1.3584,0.4735,0.4117,0.516,0.3721,1,0.18,566.25,-0.02,-0.02
TS/Ph-6a-44228,TS/Ph-6a,Scrub Mangrove,TS6Feb212sc.txt,25.21418,-80.64908,2,2/1/21,2021,-5.69,40.11086383,28.19197165,5.07335971,12.66897461,8.07162875,5.883201451,1.52,0.71,5.18,9.16,2.4,1.23,7.18,1.9465,1.3681,0.2462,0.6148,0.3917,0.2855,1,0.22,763.42,-0.02,-0.02
TS/Ph-6a-44256,TS/Ph-6a,Scrub Mangrove,TS6Mar212sc.txt,25.21418,-80.64908,3,3/1/21,2021,-8.77,31.52127686,29.25975033,9.011082481,9.081129763,12.43589423,8.690866335,1.46,0.51,13.18,14.14,4.31,0.99,4.33,1.26,1.1696,0.3602,0.363,0.4971,0.3474,1,0.61,1178.33,-0.01,-0.01
TS/Ph-6a-44287,TS/Ph-6a,Scrub Mangrove,TS6Apr211sc.txt,25.21418,-80.64908,4,4/1/21,2021,-7.31,32.40948511,30.10491843,10.72027817,8.492530374,10.80518325,7.467604666,1.54,0.61,9.2,10.31,2.52,1.1,5.7,1.6032,1.4892,0.5303,0.4201,0.5345,0.3694,1,0.26,859.26,-0.02,-0.02
TS/Ph-6a-44287,TS/Ph-6a,Scrub Mangrove,TS6Apr211sc.txt,25.21418,-80.64908,4,4/1/21,2021,-7.31,30.79623372,28.48987894,11.33164922,10.30149929,8.707063417,10.3736754,,,,,,,,0.9387,0.8684,0.3454,0.314,0.2654,0.3162,,,,,
TS/Ph-6a-44378,TS/Ph-6a,Scrub Mangrove,TS6Jul212sc.txt,25.21418,-80.64908,7,7/1/21,2021,-6.1,36.43115541,30.21779254,7.966039129,9.49870801,10.50129199,5.38501292,1.59,0.9,3.02,11.71,1.37,1.46,13.08,2.4673,2.0465,0.5395,0.6433,0.7112,0.3647,1,0.16,976.13,-0.03,-0.02
TS/Ph-6a-44409,TS/Ph-6a,Scrub Mangrove,TS6Aug212sc.txt,25.21418,-80.64908,8,8/1/21,2021,4.54,36.88315265,30.23584788,8.44871185,9.76940988,9.670514008,4.992363737,1.47,0.64,8.01,14.73,2.85,1.19,6.05,2.9463,2.4153,0.6749,0.7804,0.7725,0.3988,1,0.42,1227.5,-0.02,-0.02
TS/Ph-6a-44409,TS/Ph-6a,Scrub Mangrove,TS6Aug23222sc.txt,25.21418,-80.64908,8,8/1/21,2021,4.54,36.31467212,28.73289825,8.847696179,9.219216858,9.596634691,7.2888819,1.5,0.66,6.82,5.64,2.87,1.16,5.84,1.8474,1.4617,0.4501,0.469,0.4882,0.3708,1,0.16,470.25,-0.02,-0.02
TS/Ph-6a-44562,TS/Ph-6a,Scrub Mangrove,TS6Jan20222sc.txt,25.21418,-80.64908,1,1/1/22,2022,0.54,33.76944505,25.85370434,9.518294782,8.416538859,11.50896742,10.93304955,1.52,0.68,6.24,11.62,2.58,1.16,7.75,1.0789,0.826,0.3041,0.2689,0.3677,0.3493,1,0.3,968.33,-0.02,-0.02
TS/Ph-6a-44593,TS/Ph-6a,Scrub Mangrove,TS6Feb23222sc.txt,25.21418,-80.64908,2,2/1/22,2022,-6.21,31.56003053,27.93136555,9.320302307,8.517761749,9.87912656,12.79141331,1.54,0.7,5.62,10.13,2.29,1.2,7.69,1.282,1.1346,0.3786,0.346,0.4013,0.5196,1,0.23,844.17,-0.02,-0.02
TS/Ph-6a-44682,TS/Ph-6a,Scrub Mangrove,TS6May25222sc.txt,25.21418,-80.64908,5,5/1/22,2022,-0.52,45.05773707,25.00114105,0.162789636,18.8896834,6.359445602,4.529203244,1.52,0.61,10.24,15.34,3.59,1.15,5.19,2.9616,1.6433,0.0107,1.2416,0.418,0.2977,1,0.55,1278.33,-0.02,-0.02
TS/Ph-6a-44713,TS/Ph-6a,Scrub Mangrove,TS6Jun20222sc.txt,25.21418,-80.64908,6,6/1/22,2022,11.34,22.45494632,26.16947853,13.10391104,6.321894172,14.5226227,17.42714724,1.51,0.68,9.02,18.35,3.27,1.2,6.52,0.4685,0.546,0.2734,0.1319,0.303,0.3636,1,0.6,1529.17,-0.02,-0.02
TS/Ph-6a-44743,TS/Ph-6a,Scrub Mangrove,TS6Jul18222sc.txt,25.21418,-80.64908,7,7/1/22,2022,-0.49,33.67526284,28.62940594,9.04675167,9.072316493,9.366311955,10.20995111,1.51,0.68,8.58,16.25,3.02,1.2,6.52,1.0538,0.8959,0.2831,0.2839,0.2931,0.3195,1,0.49,1354.17,-0.02,-0.02
TS/Ph-6a-44835,TS/Ph-6a,Scrub Mangrove,TS6Oct31222sc.txt,25.21418,-80.64908,10,10/1/22,2022,20.08,34.61764016,28.18144499,8.749706779,8.336265541,10.79638752,9.318555008,1.51,0.68,8.38,14.28,3.01,1.16,6.57,1.1806,0.9611,0.2984,0.2843,0.3682,0.3178,1,0.43,1190,-0.0197,-0.0171
TS/Ph-6a-44835,TS/Ph-6a,Scrub Mangrove,TS6Oct3222sc.txt,25.21418,-80.64908,10,10/1/22,2022,20.08,37.07711272,28.18791946,7.204492535,10.52823814,10.26115144,6.741085696,1.51,0.7,7.36,13.72,3.06,1.16,6.5,1.6242,1.2348,0.3156,0.4612,0.4495,0.2953,1,0.42,1143.33,-0.0196,-0.0169
TS/Ph-6a-44896,TS/Ph-6a,Scrub Mangrove,TS6Dec22222sc.txt,25.21418,-80.64908,12,12/1/22,2022,6.21,35.71297688,28.16725913,7.083959395,9.400080624,10.8256679,8.810056071,1.51,0.7,6.16,10.27,2.43,1.15,7.98,0.9745,0.7686,0.1933,0.2565,0.2954,0.2404,1,0.25,855.83,-0.02,-0.02
TS/Ph-7a-40634,TS/Ph-7a,Scrub Mangrove,TS7Apr211sc.txt,25.1908,-80.63911,4,4/1/11,2011,-23.71,,,,,,,1.46,0.57,14.68,13.96,4.37,1.09,4.64,,,,,,,1,0.61,1163.33,-0.0161,-0.0147
TS/Ph-7a-40940,TS/Ph-7a,Scrub Mangrove,TS7Feb2012c.txt,25.1908,-80.63911,2,2/1/12,2012,-19.92,38.71853743,28.02823853,6.248524773,12.48632062,8.527348025,5.99103062,,,,8.55,,,,1.8044,1.3062,0.2912,0.5819,0.3974,0.2792,,,712.58,,
TS/Ph-7a-40969,TS/Ph-7a,Scrub Mangrove,TS7Mar2012c.txt,25.1908,-80.63911,3,3/1/12,2012,-21.86,30.57172712,27.6645768,9.042394387,10.12464547,13.22585461,9.370801612,1.49,0.86,3.86,8.3,1.69,1.16,12.95,0.8192,0.7413,0.2423,0.2713,0.3544,0.2511,1,0.14,691.5,-0.03,-0.02
TS/Ph-7a-41000,TS/Ph-7a,Scrub Mangrove,TS7April2012c.txt,25.1908,-80.63911,4,4/1/12,2012,-15.69,33.63153118,26.40995722,8.271748995,10.7902243,10.05121224,10.84532607,1.48,0.6,10.68,13.94,3.87,1.08,4.89,1.0376,0.8148,0.2552,0.3329,0.3101,0.3346,1,0.54,1161.67,-0.0167,-0.0155
TS/Ph-7a-41030,TS/Ph-7a,Scrub Mangrove,TS7May2012c.txt,25.1908,-80.63911,5,5/1/12,2012,-10.32,23.28213714,25.96083855,16.86926772,6.936963168,16.8401514,10.11064201,1.58,0.68,14.29,9,1.67,0.94,6.43,0.6397,0.7133,0.4635,0.1906,0.4627,0.2778,1,0.15,749.92,-0.0174,-0.0185
TS/Ph-7a-41061,TS/Ph-7a,Scrub Mangrove,TS7June2013c.txt,25.1908,-80.63911,6,6/1/12,2012,-2.79,36.29100799,29.07813474,8.346081931,10.32778061,10.97512607,4.981868661,1.64,1.01,3.14,10.39,1.47,1.54,12.99,2.562,2.0528,0.5892,0.7291,0.7748,0.3517,1,0.15,865.83,-0.03,-0.02
TS/Ph-7a-41091,TS/Ph-7a,Scrub Mangrove,TS7July2012c.txt,25.1908,-80.63911,7,7/1/12,2012,-11.82,32.41208931,28.47775392,10.88407102,8.570570987,11.0295306,8.625984161,1.47,0.57,14.43,14.48,4.56,1.04,4.7,1.4038,1.2334,0.4714,0.3712,0.4777,0.3736,1,0.66,1206.67,-0.0158,-0.0152
TS/Ph-7a-41122,TS/Ph-7a,Scrub Mangrove,TS7Aug2012c.txt,25.1908,-80.63911,8,8/1/12,2012,-8.38,21.81990195,27.2641266,16.08325449,6.553711189,17.5410682,10.73793756,1.46,0.59,12.38,13.96,4.37,1.13,5.22,0.5074,0.634,0.374,0.1524,0.4079,0.2497,1,0.61,1163.33,-0.02,-0.02
TS/Ph-7a-41244,TS/Ph-7a,Scrub Mangrove,TS7Dec2012c.txt,25.1908,-80.63911,12,12/1/12,2012,-11.65,33.78792096,28.74239593,8.967834281,9.788875194,10.39720091,8.315772733,1.57,0.86,3.67,8.55,1.99,1.31,10.5,1.6996,1.4458,0.4511,0.4924,0.523,0.4183,1,0.17,712.58,-0.0254,-0.0193
TS/Ph-7a-41306,TS/Ph-7a,Scrub Mangrove,TS7Feb2013c.txt,25.1908,-80.63911,2,2/1/13,2013,-19.93,23.43651762,23.87292429,14.99315803,7.548356078,17.88157846,12.26746551,1.49,0.67,7.46,12.51,2.55,1.21,7.09,0.6337,0.6455,0.4054,0.2041,0.4835,0.3317,1,0.32,1042.5,-0.02,-0.02
TS/Ph-7a-41334,TS/Ph-7a,Scrub Mangrove,TS7Mar2013c.txt,25.1908,-80.63911,3,3/1/13,2013,-18.44,22.43965148,25.6772842,17.06422892,7.4941675,17.94981669,9.374851212,1.6,0.89,3.98,8.69,1.73,1.45,11.9,0.4713,0.5393,0.3584,0.1574,0.377,0.1969,1,0.15,724.33,-0.0269,-0.0185
TS/Ph-7a-41365,TS/Ph-7a,Scrub Mangrove,TS7April2013c.txt,25.1908,-80.63911,4,4/1/13,2013,-20.87,33.5416966,26.26574699,9.881687982,11.88149638,12.24313838,6.186233654,1.58,0.82,4.43,13.03,1.61,1.23,9.84,1.4005,1.0967,0.4126,0.4961,0.5112,0.2583,1,0.21,1085.83,-0.0243,-0.0198
TS/Ph-7a-41456,TS/Ph-7a,Scrub Mangrove,TS7July2013c.txt,25.1908,-80.63911,7,7/1/13,2013,-9.59,41.78722062,28.40605989,5.095457711,14.34033663,6.582837321,3.788087824,1.5,0.69,8.89,16.31,3.18,1.18,6.47,3.1803,2.1619,0.3878,1.0914,0.501,0.2883,1,0.52,1359.17,-0.02,-0.02
TS/Ph-7a-41487,TS/Ph-7a,Scrub Mangrove,TS7Aug2013c.txt,25.1908,-80.63911,8,8/1/13,2013,-11.91,40.97103918,27.98056246,7.730332058,13.75289748,6.021169045,3.543999777,,,,13.94,,,,2.9341,2.0038,0.5536,0.9849,0.4312,0.2538,,,1161.67,,
TS/Ph-7a-41518,TS/Ph-7a,Scrub Mangrove,TS7Sep2013c.txt,25.1908,-80.63911,9,9/1/13,2013,-4.7,39.57623577,31.16680809,4.008409428,11.40465305,9.587254145,4.256639522,1.56,0.88,4.1,14.47,1.11,1.25,13.48,3.1249,2.4609,0.3165,0.9005,0.757,0.3361,1,0.16,1205.83,-0.0288,-0.0231
TS/Ph-7a-41548,TS/Ph-7a,Scrub Mangrove,TS7Oct2013c.txt,25.1908,-80.63911,10,10/1/13,2013,-2.75,40.89477895,30.46558443,2.979585516,12.75453584,8.64841149,4.257103776,1.48,0.6,7.98,8.19,3.77,1.12,4.73,3.1691,2.3609,0.2309,0.9884,0.6702,0.3299,1,0.31,682.25,-0.02,-0.01
TS/Ph-7a-41579,TS/Ph-7a,Scrub Mangrove,TS7Nov2013c.txt,25.1908,-80.63911,11,11/1/13,2013,-9.7,35.92308098,29.1153258,8.048724754,10.17208346,10.7240161,6.016768909,1.5,0.62,11.17,17.54,3.59,1.11,5.38,2.0437,1.6564,0.4579,0.5787,0.6101,0.3423,1,0.63,1461.67,-0.0175,-0.0158
TS/Ph-7a-41640,TS/Ph-7a,Scrub Mangrove,ts720140128c.txt,25.1908,-80.63911,1,1/1/14,2014,-19.33,35.87801774,30.45844968,10.95401364,10.30716482,9.788448623,2.613905482,1.57,0.87,3.83,8.7,1.72,1.32,11.03,4.0601,3.4468,1.2396,1.1664,1.1077,0.2958,1,0.15,725.13,-0.026,-0.0198
TS/Ph-7a-41671,TS/Ph-7a,Scrub Mangrove,ts720140205c.txt,25.1908,-80.63911,2,2/1/14,2014,-13.64,29.78335307,28.08729879,11.38596435,8.995487856,13.74123972,8.006656213,1.52,0.69,5.54,9.92,2.02,1.26,6.22,0.9307,0.8777,0.3558,0.2811,0.4294,0.2502,1,0.2,826.25,-0.02,-0.02
TS/Ph-7a-41699,TS/Ph-7a,Scrub Mangrove,TS7MAR2014c.txt,25.1908,-80.63911,3,3/1/14,2014,-16.33,38.98172016,29.12866545,3.959540976,13.35200136,9.272077778,5.305994269,1.6,0.87,3.75,10.84,1.57,1.24,15.05,2.9791,2.2261,0.3026,1.0204,0.7086,0.4055,1,0.17,903.33,-0.0292,-0.0236
TS/Ph-7a-41730,TS/Ph-7a,Scrub Mangrove,TS7APR2014c.txt,25.1908,-80.63911,4,4/1/14,2014,-16.49,27.48372191,27.83028775,12.08779668,6.716026045,15.20951481,10.6726528,1.53,0.96,3.76,10.98,1.37,1.23,17.01,1.0468,1.06,0.4604,0.2558,0.5793,0.4065,1,0.15,915,-0.0305,-0.0249
TS/Ph-7a-41760,TS/Ph-7a,Scrub Mangrove,ts720140507c.txt,25.1908,-80.63911,5,5/1/14,2014,-14.59,33.72594147,27.766872,9.005167084,10.1175568,12.04449559,7.339967057,1.54,0.67,7.42,8.98,3.67,1.27,5.81,1.4947,1.2306,0.3991,0.4484,0.5338,0.3253,1,0.33,748.58,-0.0188,-0.0148
TS/Ph-7a-41883,TS/Ph-7a,Scrub Mangrove,TS7SEP2014c.txt,25.1908,-80.63911,9,9/1/14,2014,-0.89,34.72587781,29.50663605,7.809262474,10.13048104,11.53329227,6.294450356,1.52,0.64,10.04,19.71,3.15,1.12,5.87,1.2402,1.0538,0.2789,0.3618,0.4119,0.2248,1,0.62,1642.5,-0.0183,-0.0163
TS/Ph-7a-41913,TS/Ph-7a,Scrub Mangrove,TS7OCT2014c.txt,25.1908,-80.63911,10,10/1/14,2014,-2.37,40.96667969,27.78552957,4.587821622,13.95694964,7.664973675,5.038045804,1.55,0.69,8.4,13.86,2.24,1.18,6.82,2.202,1.4935,0.2466,0.7502,0.412,0.2708,1,0.31,1155,-0.02,-0.02
TS/Ph-7a-41944,TS/Ph-7a,Scrub Mangrove,TS7NOV2014c.txt,25.1908,-80.63911,11,11/1/14,2014,-8.09,34.57943925,28.72627421,7.10087677,11.19327488,10.84160324,7.55853165,1.49,0.62,10.19,10.03,6.88,1.14,5.76,1.4356,1.1926,0.2948,0.4647,0.4501,0.3138,1,0.69,835.83,-0.0184,-0.0162
TS/Ph-7a-42461,TS/Ph-7a,Scrub Mangrove,TS71604I2sc.txt,25.1908,-80.63911,4,4/1/16,2016,-13.4,35.89122451,29.51316715,9.73196843,9.327186059,9.327186059,6.209267797,1.58,0.82,4.43,11.69,1.8,1.23,9.84,2.2965,1.8884,0.6227,0.5968,0.5968,0.3973,1,0.21,974.17,-0.0243,-0.0198
TS/Ph-7a-42491,TS/Ph-7a,Scrub Mangrove,TS71605I2sc.txt,25.1908,-80.63911,5,5/1/16,2016,-9.4,28.42710251,28.64262943,11.67437475,8.800682502,15.08688429,7.368326523,1.51,0.72,5.68,11.72,2.3,1.23,7.05,0.6331,0.6379,0.26,0.196,0.336,0.1641,1,0.27,976.67,-0.0212,-0.0172
TS/Ph-7a-42522,TS/Ph-7a,Scrub Mangrove,TS71606I2sc.txt,25.1908,-80.63911,6,6/1/16,2016,-10.56,37.42854356,30.52970442,5.302897278,11.24768315,10.79699542,4.694176178,1.55,0.79,3.96,9.66,1.86,1.21,9.23,1.9184,1.5648,0.2718,0.5765,0.5534,0.2406,1,0.18,804.75,-0.0236,-0.0196
TS/Ph-7a-42552,TS/Ph-7a,Scrub Mangrove,TS71607I2sc.txt,25.1908,-80.63911,7,7/1/16,2016,-12.72,36.4512954,30.15698247,5.652036101,10.40321639,11.79120164,5.545268005,1.51,0.72,6.18,10.11,2.67,1.18,6.45,2.185,1.8077,0.3388,0.6236,0.7068,0.3324,1,0.27,842.58,-0.0199,-0.0168
TS/Ph-7a-42583,TS/Ph-7a,Scrub Mangrove,TS71608I2sc.txt,25.1908,-80.63911,8,8/1/16,2016,-5.87,25.84188133,27.22055477,11.4713546,7.150631617,16.01635938,12.29921831,1.52,0.67,7.65,10.96,2.37,1.18,6.44,0.7835,0.8253,0.3478,0.2168,0.4856,0.3729,1,0.26,913.33,-0.0198,-0.0168
TS/Ph-7a-42644,TS/Ph-7a,Scrub Mangrove,TS71610I2sc.txt,25.1908,-80.63911,10,10/1/16,2016,0.53,28.37555119,28.21461907,11.60964305,7.415752036,14.31330265,10.071132,1.6,0.9,3.95,7.94,1.89,1.34,12.97,0.8816,0.8766,0.3607,0.2304,0.4447,0.3129,1,0.15,661.67,-0.028,-0.0209
TS/Ph-7a-42675,TS/Ph-7a,Scrub Mangrove,TS71611I2sc.txt,25.1908,-80.63911,11,11/1/16,2016,0.23,34.2635746,29.94553316,6.93469594,9.885451176,10.5761132,8.394631928,1.55,0.87,3.39,9.43,1.8,1.47,11.63,1.2204,1.0666,0.247,0.3521,0.3767,0.299,1,0.17,785.5,-0.0275,-0.0187
TS/Ph-7a-42705,TS/Ph-7a,Scrub Mangrove,TS71612I2sc.txt,25.1908,-80.63911,12,12/1/16,2016,-13.61,29.47882085,28.21487141,9.647614095,8.407663693,13.19547218,11.05555778,1.53,0.9,3.34,9.23,1.52,1.3,14.72,0.737,0.7054,0.2412,0.2102,0.3299,0.2764,1,0.14,769.33,-0.0301,-0.0232
TS/Ph-7a-42736,TS/Ph-7a,Scrub Mangrove,TS71701I2sc.txt,25.1908,-80.63911,1,1/1/17,2017,-14.47,35.18042979,29.67428031,5.162859846,10.69063387,10.39599946,8.895796729,1.56,0.88,4.1,9.23,1.73,1.25,13.48,1.3015,1.0978,0.191,0.3955,0.3846,0.3291,1,0.16,768.92,-0.0288,-0.0231
TS/Ph-7a-42767,TS/Ph-7a,Scrub Mangrove,TS71702I2sc.txt,25.1908,-80.63911,2,2/1/17,2017,-20,37.28594924,28.87226289,5.35005966,12.04811506,9.980973266,6.462639879,1.53,0.67,9.16,17.46,3.09,1.12,6.33,1.1562,0.8953,0.1659,0.3736,0.3095,0.2004,1,0.54,1455,-0.0191,-0.017
TS/Ph-7a-42795,TS/Ph-7a,Scrub Mangrove,TS71703I2sc.txt,25.1908,-80.63911,3,3/1/17,2017,-23.98,25.07489684,27.97467639,13.28359053,7.975806907,14.01277486,11.67825448,1.51,0.66,9.79,17.66,3.28,1.12,6.25,0.4436,0.4949,0.235,0.1411,0.2479,0.2066,1,0.58,1471.67,-0.0191,-0.017
TS/Ph-7a-42826,TS/Ph-7a,Scrub Mangrove,TS71704I2sc.txt,25.1908,-80.63911,4,4/1/17,2017,-11.67,23.98811085,26.47958738,15.03190838,7.234023953,15.20674884,12.0596206,1.53,0.54,8.23,20.25,3.46,1.05,4.41,0.5488,0.6058,0.3439,0.1655,0.3479,0.2759,1,0.7,1687.75,-0.0151,-0.0144
TS/Ph-7a-42856,TS/Ph-7a,Scrub Mangrove,TS71705I2sc.txt,25.1908,-80.63911,5,5/1/17,2017,-13.07,22.95046152,26.43508657,15.14009504,7.264187012,15.62619477,12.58397509,1.5,0.59,8.09,11.84,3.55,1.1,4.71,0.4202,0.484,0.2772,0.133,0.2861,0.2304,1,0.42,986.75,-0.0164,-0.0149
TS/Ph-7a-42887,TS/Ph-7a,Scrub Mangrove,TS71706I2sc.txt,25.1908,-80.63911,6,6/1/17,2017,-7.61,24.32469744,27.60572454,14.61506603,7.592839722,15.82992039,10.03175188,1.49,0.63,8.71,10.69,3.37,1.1,5.43,0.5286,0.5999,0.3176,0.165,0.344,0.218,1,0.36,890.83,-0.018,-0.0163
TS/Ph-7a-42948,TS/Ph-7a,Scrub Mangrove,TS71708I2sc.txt,25.1908,-80.63911,8,8/1/17,2017,-8.49,36.62478376,29.05095754,8.73015873,11.06103372,10.49955993,4.033506328,1.54,0.8,4.52,13.05,1.95,1.23,8.48,2.4135,1.9144,0.5753,0.7289,0.6919,0.2658,1,0.25,1087.5,-0.02,-0.02
TS/Ph-7a-42979,TS/Ph-7a,Scrub Mangrove,TS71709I2sc.txt,25.1908,-80.63911,9,9/1/17,2017,12.3,37.00121078,29.69967362,8.532059381,10.23636555,9.957359444,4.573331228,1.49,0.63,8.71,10.69,3.37,1.1,5.43,2.8115,2.2567,0.6483,0.7778,0.7566,0.3475,1,0.36,890.83,-0.018,-0.0163
TS/Ph-7a-43009,TS/Ph-7a,Scrub Mangrove,TS71710I2sc.txt,25.1908,-80.63911,10,10/1/17,2017,1.47,42.09364429,27.57937214,4.076909382,11.51860424,7.593614622,7.13785532,1.54,0.71,6.5,9.92,2.82,1.27,6.32,3.5466,2.3237,0.3435,0.9705,0.6398,0.6014,1,0.28,826.25,-0.0197,-0.0155
TS/Ph-7a-43040,TS/Ph-7a,Scrub Mangrove,TS71711I2sc.txt,25.1908,-80.63911,11,11/1/17,2017,-8.77,39.36695483,27.99154554,5.741411271,11.20909201,8.951681364,6.739314981,1.57,0.89,3.28,8.58,1.75,1.7,9.91,2.2723,1.6157,0.3314,0.647,0.5167,0.389,1,0.15,715,-0.0265,-0.0156
TS/Ph-7a-43070,TS/Ph-7a,Scrub Mangrove,TS7Dec2017c.txt,25.1908,-80.63911,12,12/1/17,2017,-13.49,27.65255431,27.78601616,12.83828872,8.081856603,15.24430933,8.396974865,1.58,0.88,4.63,8.61,1.86,1.12,13.64,0.7459,0.7495,0.3463,0.218,0.4112,0.2265,1,0.16,717.58,-0.0269,-0.024
TS/Ph-7a-43101,TS/Ph-7a,Scrub Mangrove,TS7Jan2018c.txt,25.1908,-80.63911,1,1/1/18,2018,-24.06,34.98763537,28.54950115,8.274352634,10.29532987,10.89792786,6.99525312,1.59,0.86,4.38,10.63,1.69,1.19,12.76,1.2309,1.0044,0.2911,0.3622,0.3834,0.2461,1,0.18,885.83,-0.0269,-0.0226
TS/Ph-7a-43132,TS/Ph-7a,Scrub Mangrove,TS7Feb2018c.txt,25.1908,-80.63911,2,2/1/18,2018,-24.66,25.2894186,27.46379598,14.53714383,7.843137255,16.70297749,8.163526849,1.59,0.86,4.38,10.63,1.69,1.19,12.76,0.592,0.6429,0.3403,0.1836,0.391,0.1911,1,0.18,885.83,-0.0269,-0.0226
TS/Ph-7a-43160,TS/Ph-7a,Scrub Mangrove,TS7March2018c.txt,25.1908,-80.63911,3,3/1/18,2018,-11.44,24.33128218,26.62941103,14.14039935,7.453221148,17.78224287,9.663443426,1.54,0.67,7.73,13.4,2.99,1.26,5.75,0.3875,0.4241,0.2252,0.1187,0.2832,0.1539,1,0.4,1116.67,-0.02,-0.01
TS/Ph-7a-43191,TS/Ph-7a,Scrub Mangrove,TS7April2018c.txt,25.1908,-80.63911,4,4/1/18,2018,-13.07,26.28499369,28.67591425,12.09583859,8.973518285,15.14249685,8.827238335,1.58,0.88,4.64,13.38,1.78,1.38,10.02,0.5211,0.5685,0.2398,0.1779,0.3002,0.175,1,0.24,1115,-0.03,-0.02
TS/Ph-7a-43252,TS/Ph-7a,Scrub Mangrove,TS7Jun20182sc.txt,25.1908,-80.63911,6,6/1/18,2018,-15.5,45.4014377,32.283823,6.022039717,13.56713389,0,2.725565692,1.6,0.91,4.25,8.3,1.93,1.67,9.76,2.3937,1.7021,0.3175,0.7153,0,0.1437,1,0.16,691.5,-0.0262,-0.0156
TS/Ph-7a-43282,TS/Ph-7a,Scrub Mangrove,TS7Jul20182sc.txt,25.1908,-80.63911,7,7/1/18,2018,-9.58,36.63314401,28.63292696,8.729153855,10.45472633,10.76402706,4.786021778,1.5,0.61,10.15,11.19,5.45,1.1,5,4.0506,3.166,0.9652,1.156,1.1902,0.5292,1,0.61,932.5,-0.0169,-0.0153
TS/Ph-7a-43556,TS/Ph-7a,Scrub Mangrove,TS7Apr192sc.txt,25.1908,-80.63911,4,4/1/19,2019,-9.65,25.12859042,26.81615905,12.29266601,9.044674334,15.8007282,10.91718199,1.59,0.87,4.55,9.06,1.77,1.39,12.63,0.4348,0.464,0.2127,0.1565,0.2734,0.1889,1,0.16,754.83,-0.0275,-0.0198
TS/Ph-7a-43617,TS/Ph-7a,Scrub Mangrove,TS7Jun192sc.txt,25.1908,-80.63911,6,6/1/19,2019,-6.13,40.68936258,29.80381065,2.296161066,13.63425985,8.379830809,5.196575043,1.5,0.63,9.43,16.45,3.53,1.1,5.79,3.1649,2.3182,0.1786,1.0605,0.6518,0.4042,1,0.58,1370.83,-0.0179,-0.0162
TS/Ph-7a-43647,TS/Ph-7a,Scrub Mangrove,TS7Jul191sc.txt,25.1908,-80.63911,7,7/1/19,2019,-5.1,30.09808304,29.8850877,10.98109338,7.762497042,14.99645008,6.276788766,1.47,0.57,14.43,14.48,4.56,1.04,4.7,1.1446,1.1365,0.4176,0.2952,0.5703,0.2387,1,0.66,1206.67,-0.0158,-0.0152
TS/Ph-7a-43709,TS/Ph-7a,Scrub Mangrove,TS71909262sc.txt,25.1908,-80.63911,9,9/1/19,2019,1.43,37.85889743,28.04131599,8.027624532,10.54040994,9.594088511,5.937663593,1.52,0.91,2.94,11.45,1.7,2.25,6.62,1.8803,1.3927,0.3987,0.5235,0.4765,0.2949,1,0.19,954.17,-0.02,-0.01
TS/Ph-7a-43770,TS/Ph-7a,Scrub Mangrove,TS7Nov192sc.txt,25.1908,-80.63911,11,11/1/19,2019,6.15,28.91252603,28.66334424,9.833382922,8.368045225,14.62734305,9.595358524,1.53,0.96,3.76,11.58,1.3,1.23,17.01,0.7774,0.7707,0.2644,0.225,0.3933,0.258,1,0.15,965,-0.0305,-0.0249
TS/Ph-7a-43831,TS/Ph-7a,Scrub Mangrove,TS7Jan202sc.txt,25.1908,-80.63911,1,1/1/20,2020,-16.18,37.78990097,29.45419759,6.192310676,11.31680327,10.34206376,4.904723738,1.49,0.62,10.19,22.27,3.1,1.14,5.76,1.4616,1.1392,0.2395,0.4377,0.4,0.1897,1,0.69,1855.83,-0.0184,-0.0162
TS/Ph-7a-43891,TS/Ph-7a,Scrub Mangrove,TS7Mar202sc.txt,25.1908,-80.63911,3,3/1/20,2020,-20.03,24.25979464,26.58757851,13.07446915,7.940384807,17.24155119,10.89622171,1.58,0.68,14.29,9,1.67,0.94,6.43,0.4867,0.5334,0.2623,0.1593,0.3459,0.2186,1,0.15,749.92,-0.0174,-0.0185
TS/Ph-7a-43952,TS/Ph-7a,Scrub Mangrove,May20TS72sc.txt,25.1908,-80.63911,5,5/1/20,2020,-9.51,44.94064886,24.60602449,1.124300252,18.84339768,6.634469133,3.851159582,,,,8.87,,,,2.866,1.5692,0.0717,1.2017,0.4231,0.2456,,,738.75,,
TS/Ph-7a-43952,TS/Ph-7a,Scrub Mangrove,TS7May202sc.txt,25.1908,-80.63911,5,5/1/20,2020,-9.51,37.88199066,31.79884653,6.641613821,12.53686161,8.546673974,2.594013414,1.57,0.82,4.82,9.8,1.94,1.24,9.76,1.4516,1.2185,0.2545,0.4804,0.3275,0.0994,1,0.19,816.42,-0.0242,-0.0196
TS/Ph-7a-43983,TS/Ph-7a,Scrub Mangrove,TS7Jun202sc.txt,25.1908,-80.63911,6,6/1/20,2020,-5.92,42.75948889,29.52099201,2.174104614,13.5683263,7.040976899,4.936111286,1.57,0.77,5.09,8.71,2.3,1.3,8.68,3.3966,2.345,0.1727,1.0778,0.5593,0.3921,1,0.2,725.83,-0.0233,-0.0179
TS/Ph-7a-44013,TS/Ph-7a,Scrub Mangrove,TS7Jul202sc.txt,25.1908,-80.63911,7,7/1/20,2020,-5.98,40.08271446,30.56699426,5.420020456,10.78934495,8.051763241,5.089162627,1.51,0.58,10,17.39,3.16,1.16,5.95,4.5067,3.4368,0.6094,1.2131,0.9053,0.5722,1,0.55,1449.17,-0.02,-0.02
TS/Ph-7a-44044,TS/Ph-7a,Scrub Mangrove,TS7Aug202sc.txt,25.1908,-80.63911,8,8/1/20,2020,-1.57,40.97469429,28.70313827,3.431686501,13.74015103,8.050462473,5.099867439,1.57,0.79,5.1,8.23,2.19,1.37,8.07,2.751,1.9271,0.2304,0.9225,0.5405,0.3424,1,0.18,685.58,-0.0222,-0.0161
TS/Ph-7a-44075,TS/Ph-7a,Scrub Mangrove,TS7Sep20c.txt,25.1908,-80.63911,9,9/1/20,2020,8.61,41.56333697,29.611811,3.199087392,14.05945177,6.482491816,5.083821049,1.55,0.69,8.4,13.86,2.24,1.18,6.82,2.514,1.7911,0.1935,0.8504,0.3921,0.3075,1,0.31,1155,-0.02,-0.02
TS/Ph-7a-44105,TS/Ph-7a,Scrub Mangrove,TS7Oct202sc.txt,25.1908,-80.63911,10,10/1/20,2020,9.95,29.67805249,28.04773814,12.39038906,8.965146095,14.22647124,6.692202982,1.48,0.59,11.8,12.5,3.84,1.1,5.04,0.9375,0.886,0.3914,0.2832,0.4494,0.2114,1,0.48,1041.67,-0.0172,-0.0156
TS/Ph-7a-44166,TS/Ph-7a,Scrub Mangrove,TS7Dec202sc.txt,25.1908,-80.63911,12,12/1/20,2020,-15.75,36.78310514,27.93135162,8.008398841,10.30593298,9.771461294,7.199750117,1.54,0.71,6.49,10.42,2.59,1.23,7.09,2.1197,1.6096,0.4615,0.5939,0.5631,0.4149,1,0.27,868.33,-0.021,-0.0171
TS/Ph-7a-44197,TS/Ph-7a,Scrub Mangrove,TS7Jan212sc.txt,25.1908,-80.63911,1,1/1/21,2021,-19.01,26.33048209,27.30754089,13.24934684,7.301098744,15.19272753,10.61880391,1.48,0.64,9.33,18.4,3.44,1.15,5.94,0.7357,0.763,0.3702,0.204,0.4245,0.2967,1,0.63,1533.33,-0.02,-0.02
TS/Ph-7a-44228,TS/Ph-7a,Scrub Mangrove,TS7Feb212sc.txt,25.1908,-80.63911,2,2/1/21,2021,-12.95,33.33333333,28.1929111,10.51133062,9.151656014,12.18865001,6.622118923,1.56,0.83,4.01,10.48,1.76,1.19,12.13,1.721,1.4556,0.5427,0.4725,0.6293,0.3419,1,0.18,873.33,-0.03,-0.02
TS/Ph-7a-44256,TS/Ph-7a,Scrub Mangrove,TS7Mar212sc.txt,25.1908,-80.63911,3,3/1/21,2021,-14.13,22.95250896,26.26792115,13.05555556,6.267921147,17.01164875,14.44444444,1.55,0.79,4.78,10.29,1.76,1.28,9.36,0.5123,0.5863,0.2914,0.1399,0.3797,0.3224,1,0.18,857.5,-0.02,-0.02
TS/Ph-7a-44378,TS/Ph-7a,Scrub Mangrove,TS7Jul212sc.txt,25.1908,-80.63911,7,7/1/21,2021,-9.95,38.08818447,29.32405076,6.786648892,11.23907569,10.01580013,4.546240063,1.52,0.67,7.44,18.48,2.87,1.16,6.64,3.0856,2.3756,0.5498,0.9105,0.8114,0.3683,1,0.53,1540,-0.0199,-0.0172
TS/Ph-7a-44409,TS/Ph-7a,Scrub Mangrove,TS7Aug212sc.txt,25.1908,-80.63911,8,8/1/21,2021,-2.96,0,0,0,0,0,0,1.49,0.63,6.84,11.92,2.85,1.13,5.77,,,,,,,1,0.34,993.33,-0.0188,-0.0166
TS/Ph-7a-44409,TS/Ph-7a,Scrub Mangrove,TS7Aug212sc.txt,25.1908,-80.63911,8,8/1/21,2021,-2.96,26.21660852,28.80389111,14.07471542,6.613359138,16.05846851,8.232957295,1.47,0.63,6.79,6.65,3.77,1.14,5.14,1.0295,1.1311,0.5527,0.2597,0.6306,0.3233,1,0.25,554.17,-0.02,-0.02
TS/Ph-7a-44562,TS/Ph-7a,Scrub Mangrove,TS7Jan20222sc.txt,25.1908,-80.63911,1,1/1/22,2022,-7.23,25.39347468,27.34610251,15.01257256,6.854375563,16.1052991,9.288175581,1.51,0.66,8.89,11.05,2.62,1.15,6.19,0.818,0.8809,0.4836,0.2208,0.5188,0.2992,1,0.29,920.83,-0.02,-0.02
TS/Ph-7a-44593,TS/Ph-7a,Scrub Mangrove,TS7Feb23222sc.txt,25.1908,-80.63911,2,2/1/22,2022,-13.7,33.80035026,28.20644895,9.12485835,9.477696508,9.681157927,9.709487998,1.49,0.67,8.09,10.21,2.25,1.23,5.59,1.3124,1.0952,0.3543,0.368,0.3759,0.377,1,0.23,850.83,-0.02,-0.02
TS/Ph-7a-44621,TS/Ph-7a,Scrub Mangrove,TS7Mar222sc.txt,25.1908,-80.63911,3,3/1/22,2022,-13.4,24.10719169,26.40962538,15.50998086,7.465135357,15.28028439,11.22778234,1.66,0.9,4.14,8.95,1.23,0.92,16.68,0.4408,0.4829,0.2836,0.1365,0.2794,0.2053,1,0.11,745.58,-0.03,-0.03
TS/Ph-7a-44682,TS/Ph-7a,Scrub Mangrove,TS7May25222sc.txt,25.1908,-80.63911,5,5/1/22,2022,-3.42,29.25514538,27.52368507,11.56484809,8.743057824,14.84400523,8.069258412,1.54,0.72,6.71,12.44,2.73,1.25,6.54,0.7164,0.674,0.2832,0.2141,0.3635,0.1976,1,0.34,1036.67,-0.02,-0.02
TS/Ph-7a-44713,TS/Ph-7a,Scrub Mangrove,TS7Jun20222sc.txt,25.1908,-80.63911,6,6/1/22,2022,-2.57,35.81360947,29.5142998,8.450443787,9.370069034,10.39817554,6.453402367,1.6,0.89,3.98,8.69,1.73,1.45,11.9,2.9052,2.3942,0.6855,0.7601,0.8435,0.5235,1,0.15,724.33,-0.0269,-0.0185
TS/Ph-7a-44743,TS/Ph-7a,Scrub Mangrove,TS7Jul18222sc.txt,25.1908,-80.63911,7,7/1/22,2022,-8.59,36.29649523,28.46515375,7.619175507,10.68349671,8.529609239,8.406069558,1.52,0.72,6.34,4.3,8.14,1.31,7.65,1.3515,1.0599,0.2837,0.3978,0.3176,0.313,1,0.35,358.25,-0.02,-0.02
TS/Ph-7a-44774,TS/Ph-7a,Scrub Mangrove,TS7Aug23222sc.txt,25.1908,-80.63911,8,8/1/22,2022,-1.62,40.17199406,27.77672389,7.297100762,12.03642227,8.150747732,4.567011287,1.53,0.68,7.29,13.94,3.08,1.17,6.51,2.5412,1.7571,0.4616,0.7614,0.5156,0.2889,1,0.43,1161.67,-0.02,-0.02
TS/Ph-7a-44835,TS/Ph-7a,Scrub Mangrove,TS7Oct31222sc.txt,25.1908,-80.63911,10,10/1/22,2022,9.09,39.4416696,27.12897142,5.81749601,11.89405401,8.36459348,7.353215477,1.46,0.6,8.69,13.8,2.97,1.09,5.14,1.9031,1.309,0.2807,0.5739,0.4036,0.3548,1,0.41,1150,-0.02,-0.02
TS/Ph-7a-44835,TS/Ph-7a,Scrub Mangrove,TS7Oct3222sc.txt,25.1908,-80.63911,10,10/1/22,2022,9.09,39.24553175,28.90493271,5.617891413,12.00067445,8.056654097,6.174315583,1.52,0.64,10.04,19.71,3.15,1.12,5.87,2.5603,1.8857,0.3665,0.7829,0.5256,0.4028,1,0.62,1642.5,-0.0183,-0.0163
TS/Ph-7a-44866,TS/Ph-7a,Scrub Mangrove,TS7Nov22222sc.txt,25.1908,-80.63911,11,11/1/22,2022,5.88,29.56999372,28.04456999,12.25674827,9.092906466,14.02699309,7.008788449,1.5,0.58,12.09,12.07,3.6,1.09,5.04,0.9421,0.8935,0.3905,0.2897,0.4469,0.2233,1,0.43,1005.83,-0.02,-0.02
TS/Ph-7a-44896,TS/Ph-7a,Scrub Mangrove,TS7Dec21222sc.txt,25.1908,-80.63911,12,12/1/22,2022,-3.32,37.65994903,26.82676896,5.959168659,11.19840248,9.558842849,8.796868021,1.52,0.72,6.5,12.1,1.98,1.29,6.29,1.4333,1.021,0.2268,0.4262,0.3638,0.3348,1,0.24,1008.33,-0.02,-0.02
TS/Ph-9-41306,FLBay-1,Seagrass,FB21Feb2013c.txt,25.17693,-80.48978,2,2/1/13,2013,-20.31,,,,,,,1.62,1,2.49,6.56,1.22,0.76,26.34,,,,,,,1,0.08,546.5,-0.0326,-0.0432
TS/Ph-9-41334,FLBay-1,Seagrass,FB21Mar2013c.txt,25.17693,-80.48978,3,3/1/13,2013,-17.62,,,,,,,1.67,1.03,2.71,7.93,1.26,1.8,12.52,,,,,,,1,0.1,661.17,-0.0291,-0.0162
TS/Ph-9-41365,FLBay-1,Seagrass,FB21April2013c.txt,25.17693,-80.48978,4,4/1/13,2013,-24.41,,,,,,,1.64,0.91,2.95,4.06,1.23,1.77,11.29,,,,,,,1,0.05,338.71,-0.0283,-0.016
TS/Ph-9-41395,FLBay-1,Seagrass,FB21May2013c.txt,25.17693,-80.48978,5,5/1/13,2013,-15.02,,,,,,,1.77,0.96,2.49,3.97,1.01,1.58,10.39,,,,,,,1,0.04,330.67,-0.028,-0.0177
TS/Ph-9-41426,FLBay-1,Seagrass,FB21June2013c.txt,25.17693,-80.48978,6,6/1/13,2013,-17.78,,,,,,,1.63,1.14,1.95,5.15,1.17,1.42,10.9,,,,,,,1,0.06,428.92,-0.0268,-0.0189
TS/Ph-9-41456,FLBay-1,Seagrass,FB21July2013c.txt,25.17693,-80.48978,7,7/1/13,2013,-11.28,,,,,,,1.69,0.96,2.52,6.03,1.16,1.48,12.11,,,,,,,1,0.07,502.71,-0.0281,-0.019
TS/Ph-9-41487,FLBay-1,Seagrass,FB21Aug2013c.txt,25.17693,-80.48978,8,8/1/13,2013,-16.02,,,,,,,1.66,1.05,2.24,6.72,1.04,1.55,15.37,,,,,,,1,0.07,559.92,-0.0304,-0.0197
TS/Ph-9-41518,FLBay-1,Seagrass,FB21Sep2013c.txt,25.17693,-80.48978,9,9/1/13,2013,-5.97,,,,,,,1.68,0.94,2.73,7.63,1.05,1.56,11.8,,,,,,,1,0.08,636.13,-0.0279,-0.0179
TS/Ph-9-41548,FLBay-1,Seagrass,FB21Oct2013c.txt,25.17693,-80.48978,10,10/1/13,2013,-4.13,,,,,,,,,,,,,,,,,,,,,,,,
TS/Ph-9-41579,FLBay-1,Seagrass,FB21Nov2013c.txt,25.17693,-80.48978,11,11/1/13,2013,-12.9,,,,,,,,,,,,,,,,,,,,,,,,
TS/Ph-9-41671,FLBay-1,Seagrass,FB21FEB2014c.txt,25.17693,-80.48978,2,2/1/14,2014,-13.39,,,,,,,1.69,0.99,3.14,7.75,1.16,1.42,9.73,,,,,,,1,0.09,645.5,-0.025,-0.0175
TS/Ph-9-41699,FLBay-1,Seagrass,FB21MAR2014c.txt,25.17693,-80.48978,3,3/1/14,2014,-16.25,,,,,,,1.6,0.95,2.91,7.75,1.42,1.24,13.99,,,,,,,1,0.11,645.5,-0.0276,-0.0223
TS/Ph-9-41730,FLBay-1,Seagrass,FB21APR2014c.txt,25.17693,-80.48978,4,4/1/14,2014,-18.56,,,,,,,1.67,1,2.76,7.84,1.28,1.43,16.58,,,,,,,1,0.1,653.58,-0.031,-0.0217
TS/Ph-9-41760,FLBay-1,Seagrass,FB21MAY2014c.txt,25.17693,-80.48978,5,5/1/14,2014,-20.05,,,,,,,1.68,1,2.23,3.52,1.42,1.84,4.98,,,,,,,1,0.05,293.33,-0.0193,-0.0105
TS/Ph-9-41883,FLBay-1,Seagrass,FB21SEP2014c.txt,25.17693,-80.48978,9,9/1/14,2014,-3.06,,,,,,,1.72,1.04,2.3,5.86,1.19,1.37,12.96,,,,,,,1,0.07,488.58,-0.0283,-0.0207
TS/Ph-9-41913,FLBay-1,Seagrass,FB21OCT2014c.txt,25.17693,-80.48978,10,10/1/14,2014,-3.61,,,,,,,1.73,1.07,2.05,7.23,0.97,1.38,15.51,,,,,,,1,0.07,602.33,-0.0309,-0.0223
TS/Ph-9-41944,FLBay-1,Seagrass,FB21NOV2014c.txt,25.17693,-80.48978,11,11/1/14,2014,-9.2,,,,,,,1.61,1.01,2.97,4.09,1.22,1.34,12.41,,,,,,,1,0.05,340.58,-0.0283,-0.021
TS/Ph-9-42461,FLBay-1,Seagrass,FB211604I4sc.txt,25.17693,-80.48978,4,4/1/16,2016,-15.59,,,,,,,1.61,0.98,2.32,4.47,1.34,1.82,10.41,,,,,,,1,0.06,372.75,-0.0263,-0.0144
TS/Ph-9-42491,FLBay-1,Seagrass,FB211605I4sc.txt,25.17693,-80.48978,5,5/1/16,2016,-10.16,,,,,,,1.62,1.09,1.75,7.27,1.1,1.44,14.65,,,,,,,1,0.08,605.75,-0.0309,-0.0214
TS/Ph-9-42522,FLBay-1,Seagrass,FB211606I8sc.txt,25.17693,-80.48978,6,6/1/16,2016,-13.16,,,,,,,1.66,1.03,2.39,12.4,0.73,1.5,12.84,,,,,,,1,0.09,1033.33,-0.0283,-0.0188
TS/Ph-9-42552,FLBay-1,Seagrass,FB211607I8sc.txt,25.17693,-80.48978,7,7/1/16,2016,-18,,,,,,,1.69,1,2.14,6.01,1,1.44,10.77,,,,,,,1,0.06,500.67,-0.0272,-0.0188
TS/Ph-9-42644,FLBay-1,Seagrass,FB211610I8sc.txt,25.17693,-80.48978,10,10/1/16,2016,-5.08,,,,,,,1.63,0.96,1.92,7.8,1.15,1.42,13.73,,,,,,,1,0.09,650.33,-0.0296,-0.0208
TS/Ph-9-42675,FLBay-1,Seagrass,FB211611I8sc.txt,25.17693,-80.48978,11,11/1/16,2016,-4.14,,,,,,,1.62,0.93,2.34,6.71,1.34,1.32,14.36,,,,,,,1,0.09,559.42,-0.0293,-0.0222
TS/Ph-9-42705,FLBay-1,Seagrass,FB211612I2sc.txt,25.17693,-80.48978,12,12/1/16,2016,-16.97,,,,,,,1.62,0.87,3.27,4.75,1.68,1.52,9.96,,,,,,,1,0.08,395.92,-0.0255,-0.0168
TS/Ph-9-42736,FLBay-1,Seagrass,FB211701I8sc.txt,25.17693,-80.48978,1,1/1/17,2017,-14.52,,,,,,,1.66,0.94,2.82,11.74,1.19,1.27,12.86,,,,,,,1,0.14,978.33,-0.0273,-0.0215
TS/Ph-9-42767,FLBay-1,Seagrass,FB211702I8sc.txt,25.17693,-80.48978,2,2/1/17,2017,-19.81,,,,,,,1.63,0.96,3.05,10.29,1.36,1.35,13.4,,,,,,,1,0.14,857.5,-0.0283,-0.0209
TS/Ph-9-42795,FLBay-1,Seagrass,FB211703I8sc.txt,25.17693,-80.48978,3,3/1/17,2017,-27.22,,,,,,,1.64,0.95,2.64,9.78,1.23,1.37,13.65,,,,,,,1,0.12,815.17,-0.029,-0.0212
TS/Ph-9-42826,FLBay-1,Seagrass,FB211704I8sc.txt,25.17693,-80.48978,4,4/1/17,2017,-16.01,,,,,,,1.58,0.82,1.67,2.04,1.47,1.18,9.01,,,,,,,1,0.03,170.08,-0.0259,-0.0219
TS/Ph-9-42856,FLBay-1,Seagrass,FB211705I8sc.txt,25.17693,-80.48978,5,5/1/17,2017,-14.88,,,,,,,1.65,0.89,1.91,3.32,1.51,1.26,8.99,,,,,,,1,0.05,276.33,-0.0254,-0.0201
TS/Ph-9-42887,FLBay-1,Seagrass,FB211706I8sc.txt,25.17693,-80.48978,6,6/1/17,2017,-10.48,,,,,,,1.7,0.9,1.67,4.54,1.32,1.23,12.32,,,,,,,1,0.06,378.42,-0.0288,-0.0234
TS/Ph-9-42917,FLBay-1,Seagrass,FB211707I8sc.txt,25.17693,-80.48978,7,7/1/17,2017,-10.02,,,,,,,1.68,0.91,2.05,6.18,1.13,1.23,12.6,,,,,,,1,0.07,515.17,-0.028,-0.0227
TS/Ph-9-42948,FLBay-1,Seagrass,FB211708I8sc.txt,25.17693,-80.48978,8,8/1/17,2017,-10.07,,,,,,,1.66,0.95,2.05,7.58,1.19,1.31,13.08,,,,,,,1,0.09,631.67,-0.0285,-0.0217
TS/Ph-9-42979,FLBay-1,Seagrass,FB211709I8sc.txt,25.17693,-80.48978,9,9/1/17,2017,0.33,,,,,,,1.63,0.91,3.79,6.6,1.52,1.2,11.16,,,,,,,1,0.1,549.83,-0.0265,-0.0222
TS/Ph-9-43009,FLBay-1,Seagrass,FB211710I8sc.txt,25.17693,-80.48978,10,10/1/17,2017,0.12,,,,,,,1.69,0.94,2.94,36.69,0.25,1.25,13.34,,,,,,,1,0.09,3057.17,-0.0287,-0.023
TS/Ph-9-43040,FLBay-1,Seagrass,FB211711I8sc.txt,25.17693,-80.48978,11,11/1/17,2017,-8.62,,,,,,,1.67,0.95,3.09,6.28,1.59,1.18,12.68,,,,,,,1,0.1,523.33,-0.0275,-0.0233
TS/Ph-9-43070,FLBay-1,Seagrass,FB21Dec2017c.txt,25.17693,-80.48978,12,12/1/17,2017,-13.24,,,,,,,1.65,0.93,2.84,10.19,1.37,1.19,12.14,,,,,,,1,0.14,849.17,-0.0264,-0.0222
TS/Ph-9-43070,FLBay-1,Seagrass,LTER109FB092sc.txt,25.17693,-80.48978,12,12/1/17,2017,-13.24,,,,,,,1.8,0.83,3.43,9.34,0.61,1.67,7.73,,,,,,,2,0.06,778.25,-0.02,-0.01
TS/Ph-9-43101,FLBay-1,Seagrass,FB21Jan2018c.txt,25.17693,-80.48978,1,1/1/18,2018,-24.35,,,,,,,1.67,0.93,3.6,8.66,1.62,1.44,10.46,,,,,,,1,0.14,721.67,-0.0254,-0.0177
TS/Ph-9-43132,FLBay-1,Seagrass,FB21Feb2018c.txt,25.17693,-80.48978,2,2/1/18,2018,-29.6,,,,,,,1.59,0.92,2.34,5.23,1.34,1.52,11.29,,,,,,,1,0.07,436,-0.0283,-0.0187
TS/Ph-9-43160,FLBay-1,Seagrass,FB21March2018c.txt,25.17693,-80.48978,3,3/1/18,2018,-11.2,,,,,,,1.67,1.31,1.79,9.88,1.62,1.52,9.1,,,,,,,1,0.16,823.42,-0.0252,-0.0166
TS/Ph-9-43191,FLBay-1,Seagrass,FB21April2018c.txt,25.17693,-80.48978,4,4/1/18,2018,-14.3,,,,,,,1.6,1.01,2.9,9.6,1.15,1.8,11.12,,,,,,,1,0.11,800.25,-0.0287,-0.016
TS/Ph-9-43497,FLBay-1,Seagrass,LTER122FB009c.txt,25.17693,-80.48978,2,2/1/19,2019,-16.9,,,,,,,1.56,1.02,2.76,7.78,1.41,1.05,20.08,,,,,,,1,0.11,648.58,-0.0305,-0.029
TS/Ph-9-43497,FLBay-1,Seagrass,LTER122FB092sc.txt,25.17693,-80.48978,2,2/1/19,2019,-16.9,,,,,,,2.04,0.83,3.3,7.78,0.61,1.86,8.38,,,,,,,2,0.05,648.58,-0.03,-0.01
TS/Ph-9-43525,FLBay-1,Seagrass,LTER123FB009c.txt,25.17693,-80.48978,3,3/1/19,2019,-12.45,,,,,,,1.58,0.96,5.09,7.5,1.33,1.84,11.58,,,,,,,1,0.1,624.75,-0.029,-0.0157
TS/Ph-9-43525,FLBay-1,Seagrass,LTER123FB092sc.txt,25.17693,-80.48978,3,3/1/19,2019,-12.45,,,,,,,1.74,0.82,5.46,7.5,0.49,2.03,9.12,,,,,,,2,0.04,624.75,-0.03,-0.01
TS/Ph-9-43525,FLBay-1,Seagrass,LTER123FB91sc.txt,25.17693,-80.48978,3,3/1/19,2019,-12.45,,,,,,,1.89,0.74,7.05,3.54,0.86,1.64,5.75,,,,,,,2,0.03,294.75,-0.02,-0.01
TS/Ph-9-43556,FLBay-1,Seagrass,LTER124FB009c.txt,25.17693,-80.48978,4,4/1/19,2019,-11.72,,,,,,,1.54,0.9,6.6,6.46,1.55,1.76,9.65,,,,,,,1,0.1,538.42,-0.0263,-0.0149
TS/Ph-9-43556,FLBay-1,Seagrass,LTER124FB092sc.txt,25.17693,-80.48978,4,4/1/19,2019,-11.72,,,,,,,1.67,0.86,5.32,6.46,0.67,2.19,6.19,,,,,,,2,0.04,538.42,-0.02,-0.01
TS/Ph-9-43678,FLBay-1,Seagrass,LTER128092sc.txt,25.17693,-80.48978,8,8/1/19,2019,1.09,,,,,,,1.55,0.78,2.24,9.47,1.05,1.81,18.89,,,,,,,1,0.1,789.5,-0.03,-0.02
TS/Ph-9-43678,FLBay-1,Seagrass,LTER128FB092sc.txt,25.17693,-80.48978,8,8/1/19,2019,1.09,,,,,,,1.69,1.02,2.3,9.47,1.1,2.33,10.17,,,,,,,1,0.1,789.5,-0.03,-0.01
TS/Ph-9-43709,FLBay-1,Seagrass,LTER129FB92sc.txt,25.17693,-80.48978,9,9/1/19,2019,-0.84,,,,,,,1.62,0.96,3.02,8.55,1.48,1.39,14.37,,,,,,,1,0.13,712.42,-0.03,-0.02
TS/Ph-9-43739,FLBay-1,Seagrass,LTER130FB92sc.txt,25.17693,-80.48978,10,10/1/19,2019,10.22,,,,,,,1.63,0.92,3.46,8.31,1.52,1.37,12.61,,,,,,,1,0.13,692.5,-0.03,-0.02
TS/Ph-9-43770,FLBay-1,Seagrass,LTER131FB92sc.txt,25.17693,-80.48978,11,11/1/19,2019,5.29,,,,,,,1.62,0.9,3.69,7.74,1.82,1.44,6.29,,,,,,,1,0.14,645.08,-0.02,-0.01
TS/Ph-9-43800,FLBay-1,Seagrass,LTER132FB092sc.txt,25.17693,-80.48978,12,12/1/19,2019,-9.29,,,,,,,1.66,0.93,3.33,7.34,1.72,1.85,8.11,,,,,,,1,0.13,611.58,-0.02,-0.01
TS/Ph-9-43862,FLBay-1,Seagrass,LTER134FB92sc.txt,25.17693,-80.48978,2,2/1/20,2020,-19.17,,,,,,,1.47,1.01,3.57,6.97,1.38,0.95,23.67,,,,,,,1,0.1,580.92,-0.03,-0.03
TS/Ph-9-43891,FLBay-1,Seagrass,LTER135FB92sc.txt,25.17693,-80.48978,3,3/1/20,2020,-22.46,,,,,,,1.63,0.96,3.27,6.43,1.53,1.77,11.67,,,,,,,1,0.1,535.83,-0.03,-0.02
TS/Ph-9-43922,FLBay-1,Seagrass,LTER136FB92sc.txt,25.17693,-80.48978,4,4/1/20,2020,-9.84,,,,,,,1.7,0.98,2.61,7.18,1.43,2.76,7.46,,,,,,,1,0.1,598.5,-0.03,-0.01
TS/Ph-9-43983,FLBay-1,Seagrass,LTER138FB92sc.txt,25.17693,-80.48978,6,6/1/20,2020,-8.07,,,,,,,1.61,0.97,2.27,6.54,1.26,2.44,13.33,,,,,,,1,0.08,544.67,-0.03,-0.01
TS/Ph-9-44013,FLBay-1,Seagrass,LTER139FB092sc.txt,25.17693,-80.48978,7,7/1/20,2020,-7.14,20.95424604,27.07851166,15.66672601,5.42994481,15.86256009,15.00801139,1.65,0.97,2.68,7.58,1.08,1.84,13,0.2354,0.3042,0.176,0.061,0.1782,0.1686,1,0.08,631.75,-0.03,-0.02
TS/Ph-9-44044,FLBay-1,Seagrass,LTER140FB092sc.txt,25.17693,-80.48978,8,8/1/20,2020,-4.08,22.32337719,26.46380246,13.53120908,6.553594812,15.60142171,15.52659475,1.57,0.94,3.12,7.81,1.4,1.74,8.01,0.358,0.4244,0.217,0.1051,0.2502,0.249,1,0.11,650.67,-0.03,-0.02
TS/Ph-9-44105,FLBay-1,Seagrass,LTER142FB092sc.txt,25.17693,-80.48978,10,10/1/20,2020,6.93,27.6980198,28.73762376,12.93564356,8.04950495,14.28712871,8.292079208,1.54,0.84,5.28,4.91,2.08,1.06,9.16,0.5595,0.5805,0.2613,0.1626,0.2886,0.1675,1,0.1,408.92,-0.02,-0.02
TS/Ph-9-44136,FLBay-1,Seagrass,LTER143FB092sc.txt,25.17693,-80.48978,11,11/1/20,2020,-8.12,24.49362767,27.6115157,14.8441056,6.673873464,14.9180701,11.45880746,1.58,0.88,3.4,4.94,1.87,1.27,9.36,0.4305,0.4853,0.2609,0.1173,0.2622,0.2014,1,0.09,411.75,-0.03,-0.02
TS/Ph-9-44197,FLBay-1,Seagrass,LTER146FB092sc.txt,25.17693,-80.48978,1,1/1/21,2021,-17.17,,,,,,,1.49,0.95,4.33,5.9,1.53,2.07,8.94,,,,,,,1,0.09,491.58,-0.03,-0.01
TS/Ph-9-44228,FLBay-1,Seagrass,LTER147FB092sc.txt,25.17693,-80.48978,2,2/1/21,2021,-12.88,,,,,,,1.5,0.91,3.13,5.34,1.31,1.21,21.93,,,,,,,1,0.07,445.17,-0.04,-0.03
TS/Ph-9-44256,FLBay-1,Seagrass,LTER148FB092sc.txt,25.17693,-80.48978,3,3/1/21,2021,-14.74,,,,,,,,,,32.84,,,,,,,,,,,,2736.4,,
TS/Ph-9-44287,FLBay-1,Seagrass,LTER149FB092sc.txt,25.17693,-80.48978,4,4/1/21,2021,-13.56,,,,,,,,,,36.63,,,,,,,,,,,,3052.58,,
TS/Ph-9-44317,FLBay-1,Seagrass,LTER150FB0092c.txt,25.17693,-80.48978,5,5/1/21,2021,-19.32,,,,,,,1.71,1.02,5.35,5.36,1.31,2,11.17,,,,,,,1,0.07,447,-0.03,-0.02
TS/Ph-9-44348,FLBay-1,Seagrass,LTER151FB092sc.txt,25.17693,-80.48978,6,6/1/21,2021,-14.97,,,,,,,1.56,0.93,2.43,6.23,1.28,3.53,5.84,,,,,,,1,0.08,518.92,-0.02,-0.01
TS/Ph-9-44378,FLBay-1,Seagrass,LTER152FB092sc.txt,25.17693,-80.48978,7,7/1/21,2021,-11.39,,,,,,,,,,,,,,,,,,,,,,,,
TS/Ph-9-44409,FLBay-1,Seagrass,LTER153FB092sc.txt,25.17693,-80.48978,8,8/1/21,2021,-5.93,24.53316453,28.1864629,11.94104083,6.108423385,18.08111408,11.14979428,1.55,0.89,3.34,5.97,2.01,1.21,12.45,0.5426,0.6234,0.2641,0.1351,0.3999,0.2466,1,0.12,497.5,-0.03,-0.02
TS/Ph-9-44440,FLBay-1,Seagrass,LTER154FB092sc.txt,25.17693,-80.48978,9,9/1/21,2021,-0.41,,,,,,,1.65,0.92,3.62,7.09,1.55,1.09,13.54,,,,,,,1,0.11,591.08,-0.03,-0.02
TS/Ph-9-44470,FLBay-1,Seagrass,LTER155FB0092c.txt,25.17693,-80.48978,10,10/1/21,2021,2.88,25.86605081,30.25404157,11.26360937,6.816232267,17.97426592,7.825800066,,,,7.6,,,,0.392,0.4585,0.1707,0.1033,0.2724,0.1186,,,633.17,,
TS/Ph-9-44501,FLBay-1,Seagrass,LTER156FB92sc.txt,25.17693,-80.48978,11,11/1/21,2021,1.21,22.40790926,26.80417545,11.56780086,5.741242598,18.54862993,14.9302419,1.57,0.94,4.58,5.54,1.62,1.33,14.78,0.4465,0.5341,0.2305,0.1144,0.3696,0.2975,1,0.09,461.92,-0.03,-0.02
TS/Ph-9-44531,FLBay-1,Seagrass,LTER157FB092sc.txt,25.17693,-80.48978,12,12/1/21,2021,-5.64,23.51551682,27.94656675,15.06068258,6.304471776,19.25551845,7.917243626,1.58,0.93,3.79,5.6,1.61,1.31,13.77,0.2887,0.3431,0.1849,0.0774,0.2364,0.0972,1,0.09,466.33,-0.03,-0.02
TS/Ph-9-44562,FLBay-1,Seagrass,LTER158FB92sc.txt,25.17693,-80.48978,1,1/1/22,2022,-5.89,25.91890555,28.77863854,11.8509972,8.125927147,17.31498269,8.010548871,1.56,0.98,3.23,6.59,1.98,0.56,30.88,0.3145,0.3492,0.1438,0.0986,0.2101,0.0972,1,0.07,549.33,-0.03,-0.06
TS/Ph-9-44593,FLBay-1,Seagrass,LTER159FB92sc.txt,25.17693,-80.48978,2,2/1/22,2022,-15.1,20.34987152,25.76596165,16.97964025,6.25617711,19.70745207,10.94089741,1.53,0.93,2.53,5.47,106.74,1.27,19.11,0.2059,0.2607,0.1718,0.0633,0.1994,0.1107,1,0.07,455.417,-0.03,-0.03
TS/Ph-9-44682,FLBay-1,Seagrass,LTER162FB009c.txt,25.17693,-80.48978,5,5/1/22,2022,-5.41,,,,,,,1.53,1,2.74,5.45,1.1,1.02,26.46,,,,,,,1,0.06,454.1,-0.04,-0.04
TS/Ph-9-44713,FLBay-1,Seagrass,LTER163Aug24222sc.txt,25.02477,-80.68097,6,6/1/22,2022,-2.3,,,,,,,1.51,0.87,2.93,,,1.21,10.78,,,,,,,1,0.05,,-0.02,-0.02
TS/Ph-9-44713,FLBay-1,Seagrass,LTER163FB009c.txt,25.17693,-80.48978,6,6/1/22,2022,-2.3,,,,,,,1.78,0.97,2.33,5.69,1.23,1.71,15.92,,,,,,,1,0.07,474.3,-0.03,-0.02
TS/Ph-9-44774,FLBay-1,Seagrass,LTER165FB009c.txt,25.17693,-80.48978,8,8/1/22,2022,-3.99,25.49114402,28.64677185,9.299872544,7.383641718,17.19333714,11.98523272,1.64,0.89,4.23,6.47,1.55,1.25,11.23,0.58,0.6518,0.2116,0.168,0.3912,0.2727,1,0.1,539,-0.03,-0.02